etm_area;gemeentecode;analysis_year;number_of_inhabitants;present_number_of_residences;present_number_of_buildings;area_per_building_residence_equivalent;typical_useful_demand_for_space_heating_buildings_present;typical_useful_demand_for_space_heating_buildings_future
ES01_groningen;ES01_groningen;2023;596075.0;283315.0;69451.0;130.0;252.40737525;90.0
ES02_friesland;ES02_friesland;2023;659551.0;302954.0;75759.0;130.0;255.4133557;90.0
ES03_drenthe;ES03_drenthe;2023;502051.0;223763.0;51337.0;130.0;248.15633014;90.0
ES04_twente;ES04_twente;2023;638897.0;282122.0;66762.0;130.0;245.75226763;90.0
ES05_west_overijssel;ES05_west_overijssel;2023;545436.0;232067.0;60674.0;130.0;244.97576183;90.0
ES06_flevoland;ES06_flevoland;2023;444701.0;172035.0;37735.0;130.0;196.39376953;90.0
ES07_achterhoek;ES07_achterhoek;2023;302332.0;133558.0;28865.0;130.0;259.15669057;90.0
ES08_arnhem_nijmegen;ES08_arnhem_nijmegen;2023;756995.0;340621.0;83606.0;130.0;254.81522335;90.0
ES09_foodvalley;ES09_foodvalley;2023;374589.0;151540.0;39501.0;130.0;230.09989721;90.0
ES10_noord_veluwe;ES10_noord_veluwe;2023;190901.0;77388.0;19407.0;130.0;254.0728826;90.0
ES11_fruitdelta_rivierenland;ES11_fruitdelta_rivierenland;2023;254660.0;102069.0;25000.0;130.0;241.25253055;90.0
ES12_stedendriehoek;ES12_stedendriehoek;2023;348832.0;154519.0;47597.0;130.0;246.08444613;90.0
ES13_amersfoort;ES13_amersfoort;2023;311129.0;132523.0;36895.0;130.0;233.01862498;90.0
ES14_u16;ES14_u16;2023;981913.0;421495.0;100948.0;130.0;226.21083155;90.0
ES15_noord_holland_noord;ES15_noord_holland_noord;2023;690836.0;306393.0;73310.0;130.0;260.37421399;90.0
ES16_noord_holland_zuid;ES16_noord_holland_zuid;2023;2261786.0;1050864.0;309273.0;130.0;235.2547597;90.0
ES17_alblasserwaard;ES17_alblasserwaard;2023;83619.0;34603.0;10541.0;130.0;237.34027764;90.0
ES18_drechtsteden;ES18_drechtsteden;2023;296133.0;130296.0;29093.0;130.0;241.39909372;90.0
ES19_goeree_overflakkee;ES19_goeree_overflakkee;2023;51590.0;22021.0;6955.0;130.0;260.20448756;90.0
ES20_hoeksche_waard;ES20_hoeksche_waard;2023;89760.0;38171.0;5414.0;130.0;248.49925411;90.0
ES21_holland_rijnland;ES21_holland_rijnland;2023;583957.0;255263.0;63504.0;130.0;258.01648062;90.0
ES22_midden_holland;ES22_midden_holland;2023;248906.0;103617.0;21981.0;130.0;248.04635068;90.0
ES23_rotterdam_den_haag;ES23_rotterdam_den_haag;2023;2450941.0;1124307.0;319094.0;130.0;229.53272528;90.0
ES24_zeeland;ES24_zeeland;2023;391124.0;188353.0;56359.0;130.0;261.94964027;90.0
ES25_hart_van_brabant;ES25_hart_van_brabant;2023;474368.0;208336.0;50747.0;130.0;246.26996523;90.0
ES26_metropoolregio_eindhoven;ES26_metropoolregio_eindhoven;2023;803180.0;353326.0;93791.0;130.0;238.9099951;90.0
ES27_noordoost_brabant;ES27_noordoost_brabant;2023;626684.0;270924.0;68878.0;130.0;234.43273619;90.0
ES28_west_brabant;ES28_west_brabant;2023;721978.0;317177.0;81124.0;130.0;245.2510968;90.0
ES29_noord_en_midden_limburg;ES29_noord_en_midden_limburg;2023;530715.0;218729.0;63679.0;130.0;257.40116355;90.0
ES30_zuid_limburg;ES30_zuid_limburg;2023;597652.0;299591.0;84424.0;130.0;266.81201669;90.0
GM0014_groningen;GM0014;2023;238147.0;118786.0;41967.0;130.0;246.01042348668085;90.0
GM0034_almere;GM0034;2023;222825.0;85128.0;19386.0;130.0;161.7147087673742;90.0
GM0037_stadskanaal;GM0037;2023;32135.0;15182.0;3013.0;130.0;254.7986770284967;90.0
GM0047_veendam;GM0047;2023;27616.0;12890.0;2545.0;130.0;267.6025736749987;90.0
GM0050_zeewolde;GM0050;2023;23692.0;8836.0;2749.0;130.0;198.66875211599427;90.0
GM0059_achtkarspelen;GM0059;2023;28149.0;12144.0;2220.0;130.0;268.040460504656;90.0
GM0060_ameland;GM0060;2023;3840.0;1748.0;2193.0;130.0;290.16184575660515;90.0
GM0072_harlingen;GM0072;2023;16188.0;7885.0;1555.0;130.0;264.25187815601925;90.0
GM0074_heerenveen;GM0074;2023;51637.0;23643.0;6577.0;130.0;239.76887226064807;90.0
GM0080_leeuwarden;GM0080;2023;127073.0;62935.0;20546.0;130.0;239.59930999754775;90.0
GM0085_ooststellingwerf;GM0085;2023;25837.0;11388.0;2637.0;130.0;250.59181590153415;90.0
GM0086_opsterland;GM0086;2023;30054.0;13088.0;2168.0;130.0;283.25053211113317;90.0
GM0088_schiermonnikoog;GM0088;2023;982.0;586.0;592.0;130.0;310.91650654341504;90.0
GM0090_smallingerland;GM0090;2023;56098.0;25777.0;7277.0;130.0;230.3161890466274;90.0
GM0093_terschelling;GM0093;2023;4928.0;2281.0;1498.0;130.0;277.9129367288865;90.0
GM0096_vlieland;GM0096;2023;1291.0;600.0;602.0;130.0;238.14789460912655;90.0
GM0098_weststellingwerf;GM0098;2023;26467.0;11666.0;2100.0;130.0;244.03005307361812;90.0
GM0106_assen;GM0106;2023;69414.0;32515.0;10273.0;130.0;226.39578806118124;90.0
GM0109_coevorden;GM0109;2023;35700.0;15491.0;3598.0;130.0;275.58713525299817;90.0
GM0114_emmen;GM0114;2023;108765.0;49357.0;9327.0;130.0;227.6306051759117;90.0
GM0118_hoogeveen;GM0118;2023;56433.0;25464.0;5856.0;130.0;236.80711271296303;90.0
GM0119_meppel;GM0119;2023;35464.0;16069.0;4155.0;130.0;248.11137397331024;90.0
GM0141_almelo;GM0141;2023;73949.0;33783.0;8339.0;130.0;248.92697563117616;90.0
GM0147_borne;GM0147;2023;24524.0;10095.0;1645.0;130.0;263.5484267614194;90.0
GM0148_dalfsen;GM0148;2023;29612.0;12044.0;2268.0;130.0;245.2442885289041;90.0
GM0150_deventer;GM0150;2023;102781.0;46167.0;11379.0;130.0;247.75260240802595;90.0
GM0153_enschede;GM0153;2023;161235.0;75890.0;18865.0;130.0;231.0891878976087;90.0
GM0158_haaksbergen;GM0158;2023;24502.0;10563.0;1921.0;130.0;291.2915959252971;90.0
GM0160_hardenberg;GM0160;2023;62509.0;25102.0;6106.0;130.0;271.864983352041;90.0
GM0163_hellendoorn;GM0163;2023;36261.0;14923.0;3741.0;130.0;210.10338977823017;90.0
GM0164_hengelo;GM0164;2023;82311.0;38880.0;11134.0;130.0;233.8114098661475;90.0
GM0166_kampen;GM0166;2023;55614.0;22766.0;4327.0;130.0;262.0460696030935;90.0
GM0168_losser;GM0168;2023;23362.0;9852.0;1537.0;130.0;267.96998818747875;90.0
GM0171_noordoostpolder;GM0171;2023;49729.0;19904.0;4064.0;130.0;268.9603724617572;90.0
GM0173_oldenzaal;GM0173;2023;31925.0;14655.0;3730.0;130.0;263.76602571372604;90.0
GM0175_ommen;GM0175;2023;18955.0;7575.0;2558.0;130.0;269.3004068084032;90.0
GM0177_raalte;GM0177;2023;38500.0;16027.0;3286.0;130.0;245.210312406353;90.0
GM0180_staphorst;GM0180;2023;17628.0;5945.0;1335.0;130.0;243.5722561010755;90.0
GM0183_tubbergen;GM0183;2023;21408.0;8606.0;1288.0;130.0;263.06266307625253;90.0
GM0184_urk;GM0184;2023;21829.0;6753.0;1413.0;130.0;227.22296738231069;90.0
GM0189_wierden;GM0189;2023;24862.0;9929.0;2045.0;130.0;277.02538789146564;90.0
GM0193_zwolle;GM0193;2023;132411.0;59462.0;22273.0;130.0;222.43667385837776;90.0
GM0197_aalten;GM0197;2023;27244.0;12023.0;1913.0;130.0;267.3746989744023;90.0
GM0200_apeldoorn;GM0200;2023;167191.0;73999.0;27746.0;130.0;237.0116574654716;90.0
GM0202_arnhem;GM0202;2023;165770.0;77777.0;25410.0;130.0;260.9817820303898;90.0
GM0203_barneveld;GM0203;2023;61655.0;23121.0;7661.0;130.0;226.28303792587923;90.0
GM0209_beuningen;GM0209;2023;26573.0;11232.0;2384.0;130.0;240.6740937725911;90.0
GM0213_brummen;GM0213;2023;21105.0;9407.0;1574.0;130.0;295.8700780284264;90.0
GM0214_buren;GM0214;2023;27725.0;10903.0;1695.0;130.0;278.76681268299325;90.0
GM0216_culemborg;GM0216;2023;29729.0;12720.0;3085.0;130.0;225.0750501788987;90.0
GM0221_doesburg;GM0221;2023;11081.0;5307.0;845.0;130.0;287.4912073108571;90.0
GM0222_doetinchem;GM0222;2023;59195.0;26492.0;8530.0;130.0;243.83838931282563;90.0
GM0225_druten;GM0225;2023;19505.0;8189.0;1716.0;130.0;270.2690659542614;90.0
GM0226_duiven;GM0226;2023;24937.0;10750.0;2691.0;130.0;211.3358304298989;90.0
GM0228_ede;GM0228;2023;122012.0;49897.0;12867.0;130.0;227.9531855515154;90.0
GM0230_elburg;GM0230;2023;24037.0;9583.0;2484.0;130.0;256.0464116862087;90.0
GM0232_epe;GM0232;2023;33283.0;14683.0;2890.0;130.0;281.8766832731879;90.0
GM0233_ermelo;GM0233;2023;27496.0;11332.0;3957.0;130.0;252.78642294299829;90.0
GM0243_harderwijk;GM0243;2023;48906.0;20668.0;4652.0;130.0;245.7621397434795;90.0
GM0244_hattem;GM0244;2023;12563.0;5259.0;908.0;130.0;273.887286003507;90.0
GM0246_heerde;GM0246;2023;19214.0;8005.0;1290.0;130.0;261.5035161911806;90.0
GM0252_heumen;GM0252;2023;16824.0;7265.0;959.0;130.0;205.0572581227292;90.0
GM0262_lochem;GM0262;2023;34314.0;15122.0;3215.0;130.0;236.5969721836116;90.0
GM0263_maasdriel;GM0263;2023;26020.0;10195.0;1460.0;130.0;229.70606020701095;90.0
GM0267_nijkerk;GM0267;2023;44975.0;17338.0;4728.0;130.0;235.79799245339507;90.0
GM0268_nijmegen;GM0268;2023;182480.0;82196.0;24758.0;130.0;250.11564378978557;90.0
GM0269_oldebroek;GM0269;2023;24264.0;9451.0;1605.0;130.0;273.6115113085738;90.0
GM0273_putten;GM0273;2023;24904.0;9898.0;2683.0;130.0;254.5785077759427;90.0
GM0274_renkum;GM0274;2023;31461.0;14987.0;2150.0;130.0;300.5993195891778;90.0
GM0275_rheden;GM0275;2023;43570.0;21217.0;3994.0;130.0;295.981923650244;90.0
GM0277_rozendaal;GM0277;2023;1754.0;694.0;185.0;130.0;364.5207270011204;90.0
GM0279_scherpenzeel;GM0279;2023;10386.0;4112.0;812.0;130.0;216.9155025618199;90.0
GM0281_tiel;GM0281;2023;42604.0;18255.0;5216.0;130.0;261.4723000637153;90.0
GM0285_voorst;GM0285;2023;25215.0;10715.0;2787.0;130.0;234.8477073588056;90.0
GM0289_wageningen;GM0289;2023;40960.0;18053.0;4715.0;130.0;251.69669306601145;90.0
GM0293_westervoort;GM0293;2023;15114.0;6739.0;620.0;130.0;287.66663770957695;90.0
GM0294_winterswijk;GM0294;2023;29253.0;13072.0;4272.0;130.0;249.49493068636525;90.0
GM0296_wijchen;GM0296;2023;41537.0;18166.0;2977.0;130.0;225.10661323991403;90.0
GM0297_zaltbommel;GM0297;2023;30349.0;11803.0;6215.0;130.0;220.03646779082823;90.0
GM0299_zevenaar;GM0299;2023;45042.0;20189.0;3853.0;130.0;232.41958788817644;90.0
GM0301_zutphen;GM0301;2023;48510.0;22588.0;8095.0;130.0;259.90283568928095;90.0
GM0302_nunspeet;GM0302;2023;28731.0;11197.0;3118.0;130.0;250.2698937012633;90.0
GM0303_dronten;GM0303;2023;43593.0;17696.0;3409.0;130.0;231.44102807112552;90.0
GM0307_amersfoort;GM0307;2023;160759.0;68785.0;23078.0;130.0;227.27358133972248;90.0
GM0308_baarn;GM0308;2023;25008.0;11684.0;3162.0;130.0;272.79367338003505;90.0
GM0310_de_bilt;GM0310;2023;43884.0;19696.0;5194.0;130.0;285.27575512984754;90.0
GM0312_bunnik;GM0312;2023;16026.0;6470.0;1591.0;130.0;227.35038995073035;90.0
GM0313_bunschoten;GM0313;2023;22500.0;8541.0;1532.0;130.0;234.6021562070039;90.0
GM0317_eemnes;GM0317;2023;9598.0;4079.0;558.0;130.0;179.95021770282187;90.0
GM0321_houten;GM0321;2023;50581.0;20672.0;5052.0;130.0;175.69978029808206;90.0
GM0327_leusden;GM0327;2023;31467.0;13220.0;3709.0;130.0;192.59650127147296;90.0
GM0331_lopik;GM0331;2023;14704.0;5822.0;684.0;130.0;263.5738626146377;90.0
GM0335_montfoort;GM0335;2023;13929.0;5746.0;1010.0;130.0;271.7352547120977;90.0
GM0339_renswoude;GM0339;2023;5747.0;2149.0;320.0;130.0;231.72749584927453;90.0
GM0340_rhenen;GM0340;2023;20329.0;8269.0;1258.0;130.0;244.7655948159922;90.0
GM0342_soest;GM0342;2023;47439.0;20935.0;4067.0;130.0;272.2290997255849;90.0
GM0344_utrecht;GM0344;2023;367947.0;159409.0;37480.0;130.0;203.27232452179624;90.0
GM0345_veenendaal;GM0345;2023;68525.0;28601.0;7140.0;130.0;218.87141827443656;90.0
GM0351_woudenberg;GM0351;2023;14358.0;5279.0;789.0;130.0;264.017701875463;90.0
GM0352_wijk_bij_duurstede;GM0352;2023;23995.0;10238.0;1091.0;130.0;277.11264317553463;90.0
GM0353_ijsselstein;GM0353;2023;33492.0;14438.0;2120.0;130.0;219.7430387508027;90.0
GM0355_zeist;GM0355;2023;66629.0;29560.0;8964.0;130.0;271.32873451567394;90.0
GM0356_nieuwegein;GM0356;2023;65426.0;29444.0;12644.0;130.0;190.96096943415807;90.0
GM0358_aalsmeer;GM0358;2023;33063.0;13276.0;2787.0;130.0;223.8515384594155;90.0
GM0361_alkmaar;GM0361;2023;111834.0;51588.0;14134.0;130.0;247.61468100611228;90.0
GM0362_amstelveen;GM0362;2023;94418.0;42242.0;11718.0;130.0;209.95868230808767;90.0
GM0363_amsterdam;GM0363;2023;918117.0;457831.0;163872.0;130.0;233.09301184482013;90.0
GM0373_bergen;GM0373;2023;30138.0;15239.0;8034.0;130.0;286.5756426863817;90.0
GM0375_beverwijk;GM0375;2023;42711.0;19501.0;4888.0;130.0;272.4935792319628;90.0
GM0376_blaricum;GM0376;2023;12490.0;5136.0;721.0;130.0;281.0252052396153;90.0
GM0377_bloemendaal;GM0377;2023;23922.0;10145.0;1509.0;130.0;316.53262110585547;90.0
GM0383_castricum;GM0383;2023;36345.0;16223.0;2495.0;130.0;264.61278011215273;90.0
GM0384_diemen;GM0384;2023;32785.0;15467.0;3072.0;130.0;212.7462510172144;90.0
GM0385_edam_volendam;GM0385;2023;36760.0;15416.0;2558.0;130.0;239.9258508719182;90.0
GM0388_enkhuizen;GM0388;2023;18885.0;8878.0;1381.0;130.0;297.463557825668;90.0
GM0392_haarlem;GM0392;2023;165396.0;77093.0;15954.0;130.0;271.21873517374917;90.0
GM0394_haarlemmermeer;GM0394;2023;162300.0;65149.0;30566.0;130.0;184.97709981872828;90.0
GM0396_heemskerk;GM0396;2023;39431.0;17591.0;3510.0;130.0;244.46682036537047;90.0
GM0397_heemstede;GM0397;2023;27778.0;12813.0;2575.0;130.0;302.8375393897758;90.0
GM0399_heiloo;GM0399;2023;24319.0;10934.0;1702.0;130.0;302.1958914823304;90.0
GM0400_den_helder;GM0400;2023;56539.0;28369.0;8805.0;130.0;272.0627478319212;90.0
GM0402_hilversum;GM0402;2023;93345.0;42918.0;15277.0;130.0;251.7137622615231;90.0
GM0405_hoorn;GM0405;2023;75216.0;33643.0;7788.0;130.0;248.9442038254308;90.0
GM0406_huizen;GM0406;2023;41252.0;19010.0;3184.0;130.0;234.61825522620305;90.0
GM0415_landsmeer;GM0415;2023;11705.0;4888.0;508.0;130.0;253.1418779882588;90.0
GM0417_laren;GM0417;2023;11712.0;5427.0;1436.0;130.0;288.1945994879102;90.0
GM0420_medemblik;GM0420;2023;46031.0;19174.0;3263.0;130.0;234.6986470241603;90.0
GM0431_oostzaan;GM0431;2023;9720.0;4100.0;432.0;130.0;209.78973044190437;90.0
GM0432_opmeer;GM0432;2023;12180.0;4957.0;768.0;130.0;273.9655113693279;90.0
GM0437_ouder_amstel;GM0437;2023;14276.0;6296.0;3428.0;130.0;240.77031011578853;90.0
GM0439_purmerend;GM0439;2023;93992.0;41148.0;5815.0;130.0;214.6428397576655;90.0
GM0441_schagen;GM0441;2023;47450.0;20529.0;5314.0;130.0;283.2035021899543;90.0
GM0448_texel;GM0448;2023;13979.0;6770.0;4968.0;130.0;290.5123074755314;90.0
GM0450_uitgeest;GM0450;2023;13472.0;5720.0;875.0;130.0;278.86616678826664;90.0
GM0451_uithoorn;GM0451;2023;31442.0;13250.0;2155.0;130.0;224.3885799538858;90.0
GM0453_velsen;GM0453;2023;68790.0;31435.0;6907.0;130.0;278.74611821390505;90.0
GM0473_zandvoort;GM0473;2023;17542.0;9695.0;1395.0;130.0;293.1617228679179;90.0
GM0479_zaanstad;GM0479;2023;159618.0;69079.0;14450.0;130.0;240.9875972697917;90.0
GM0482_alblasserdam;GM0482;2023;20356.0;8406.0;1419.0;130.0;230.1646457854323;90.0
GM0484_alphen_aan_den_rijn;GM0484;2023;114182.0;48847.0;10512.0;130.0;244.04273957726565;90.0
GM0489_barendrecht;GM0489;2023;48812.0;19420.0;4769.0;130.0;182.39267794270157;90.0
GM0498_drechterland;GM0498;2023;20385.0;8399.0;879.0;130.0;262.31747101290745;90.0
GM0502_capelle_aan_den_ijssel;GM0502;2023;67552.0;31546.0;8475.0;130.0;209.06004433003915;90.0
GM0503_delft;GM0503;2023;106086.0;51465.0;20472.0;130.0;259.789486241869;90.0
GM0505_dordrecht;GM0505;2023;121434.0;55783.0;14753.0;130.0;255.704284698266;90.0
GM0512_gorinchem;GM0512;2023;38461.0;17273.0;7948.0;130.0;233.06743534872828;90.0
GM0513_gouda;GM0513;2023;75316.0;33708.0;9994.0;130.0;242.10295355921815;90.0
GM0518_s_gravenhage;GM0518;2023;562839.0;265826.0;77160.0;130.0;234.52538692350777;90.0
GM0523_hardinxveld_giessendam;GM0523;2023;18681.0;7508.0;1962.0;130.0;229.73143099075224;90.0
GM0531_hendrik_ido_ambacht;GM0531;2023;32183.0;12330.0;1615.0;130.0;219.4708822282254;90.0
GM0532_stede_broec;GM0532;2023;22138.0;9251.0;1870.0;130.0;248.32262442880588;90.0
GM0534_hillegom;GM0534;2023;22453.0;9858.0;1472.0;130.0;248.8961997011588;90.0
GM0537_katwijk;GM0537;2023;66607.0;27160.0;4824.0;130.0;278.02711163275785;90.0
GM0542_krimpen_aan_den_ijssel;GM0542;2023;29504.0;12643.0;1847.0;130.0;226.48280874494463;90.0
GM0546_leiden;GM0546;2023;127089.0;60499.0;21275.0;130.0;265.332064486994;90.0
GM0547_leiderdorp;GM0547;2023;27657.0;12376.0;3246.0;130.0;233.0194416135378;90.0
GM0553_lisse;GM0553;2023;23390.0;10408.0;2689.0;130.0;250.6115040628316;90.0
GM0556_maassluis;GM0556;2023;35303.0;15387.0;2200.0;130.0;257.43098156292166;90.0
GM0569_nieuwkoop;GM0569;2023;29463.0;11633.0;1932.0;130.0;276.2308344782271;90.0
GM0575_noordwijk;GM0575;2023;45179.0;20093.0;5595.0;130.0;242.75897158790917;90.0
GM0579_oegstgeest;GM0579;2023;25746.0;11008.0;2024.0;130.0;224.36699105863755;90.0
GM0589_oudewater;GM0589;2023;10232.0;4315.0;670.0;130.0;274.18834641693064;90.0
GM0590_papendrecht;GM0590;2023;32277.0;14474.0;2482.0;130.0;217.81437413412095;90.0
GM0597_ridderkerk;GM0597;2023;47477.0;21285.0;4254.0;130.0;221.64314798274384;90.0
GM0599_rotterdam;GM0599;2023;663900.0;317566.0;111958.0;130.0;220.58810151789856;90.0
GM0603_rijswijk;GM0603;2023;57997.0;27201.0;18055.0;130.0;239.8394705470832;90.0
GM0606_schiedam;GM0606;2023;80628.0;37452.0;8634.0;130.0;255.5835199131858;90.0
GM0610_sliedrecht;GM0610;2023;26184.0;11078.0;3206.0;130.0;225.12752587658895;90.0
GM0613_albrandswaard;GM0613;2023;26357.0;10558.0;1574.0;130.0;212.1131003875912;90.0
GM0622_vlaardingen;GM0622;2023;75079.0;35541.0;6581.0;130.0;275.2154553413526;90.0
GM0626_voorschoten;GM0626;2023;25665.0;11502.0;1911.0;130.0;266.21683725835084;90.0
GM0627_waddinxveen;GM0627;2023;32601.0;12786.0;2681.0;130.0;268.39432974159575;90.0
GM0629_wassenaar;GM0629;2023;27093.0;12255.0;3085.0;130.0;260.95628370343223;90.0
GM0632_woerden;GM0632;2023;53244.0;22411.0;5840.0;130.0;248.54314373781548;90.0
GM0637_zoetermeer;GM0637;2023;126998.0;56357.0;14283.0;130.0;207.9405964215568;90.0
GM0638_zoeterwoude;GM0638;2023;9443.0;3732.0;1553.0;130.0;268.20755744849447;90.0
GM0642_zwijndrecht;GM0642;2023;45018.0;20717.0;3656.0;130.0;234.2620957815469;90.0
GM0654_borsele;GM0654;2023;23159.0;9820.0;1657.0;130.0;242.94090660029536;90.0
GM0664_goes;GM0664;2023;39433.0;18622.0;6024.0;130.0;244.18714235180383;90.0
GM0668_west_maas_en_waal;GM0668;2023;20065.0;8346.0;1312.0;130.0;285.77569337374473;90.0
GM0677_hulst;GM0677;2023;27596.0;13607.0;2020.0;130.0;283.21751083289547;90.0
GM0678_kapelle;GM0678;2023;13051.0;5456.0;947.0;130.0;267.082156266762;90.0
GM0687_middelburg;GM0687;2023;49956.0;23882.0;6622.0;130.0;271.12064871671555;90.0
GM0703_reimerswaal;GM0703;2023;23255.0;9322.0;1193.0;130.0;280.1692468457311;90.0
GM0715_terneuzen;GM0715;2023;54993.0;27046.0;10482.0;130.0;249.2554582172661;90.0
GM0716_tholen;GM0716;2023;26825.0;11102.0;2126.0;130.0;241.72329802014588;90.0
GM0717_veere;GM0717;2023;22045.0;10972.0;4753.0;130.0;286.3171191931877;90.0
GM0718_vlissingen;GM0718;2023;45150.0;22881.0;5922.0;130.0;283.258699907899;90.0
GM0736_de_ronde_venen;GM0736;2023;45572.0;18550.0;3547.0;130.0;254.2094280125094;90.0
GM0737_tytsjerksteradiel;GM0737;2023;32408.0;14018.0;2519.0;130.0;273.1337938911947;90.0
GM0743_asten;GM0743;2023;17242.0;7040.0;1560.0;130.0;260.5557012829489;90.0
GM0744_baarle_nassau;GM0744;2023;7071.0;2911.0;1393.0;130.0;287.7321170300856;90.0
GM0748_bergen_op_zoom;GM0748;2023;68864.0;30883.0;10317.0;130.0;252.3623933650349;90.0
GM0753_best;GM0753;2023;30897.0;12967.0;3948.0;130.0;239.74733901088945;90.0
GM0755_boekel;GM0755;2023;11163.0;4373.0;632.0;130.0;253.84982345062704;90.0
GM0757_boxtel;GM0757;2023;33748.0;14342.0;2429.0;130.0;282.1032114231789;90.0
GM0758_breda;GM0758;2023;186438.0;85127.0;28914.0;130.0;227.73652282320617;90.0
GM0762_deurne;GM0762;2023;32977.0;13959.0;3042.0;130.0;257.69116468401955;90.0
GM0765_pekela;GM0765;2023;12404.0;5751.0;921.0;130.0;257.38339293472814;90.0
GM0766_dongen;GM0766;2023;27200.0;11447.0;1534.0;130.0;253.71494347420477;90.0
GM0770_eersel;GM0770;2023;20004.0;8482.0;1950.0;130.0;254.13130261216696;90.0
GM0772_eindhoven;GM0772;2023;243730.0;114315.0;40802.0;130.0;232.73778844509667;90.0
GM0777_etten_leur;GM0777;2023;44578.0;19146.0;3353.0;130.0;191.1116125095207;90.0
GM0779_geertruidenberg;GM0779;2023;22099.0;9636.0;1575.0;130.0;273.23382647331675;90.0
GM0784_gilze_en_rijen;GM0784;2023;26815.0;11376.0;3488.0;130.0;267.6910263761468;90.0
GM0785_goirle;GM0785;2023;24177.0;10411.0;1610.0;130.0;276.717313829279;90.0
GM0794_helmond;GM0794;2023;94898.0;41212.0;8631.0;130.0;236.26124131735563;90.0
GM0796_s_hertogenbosch;GM0796;2023;158753.0;73387.0;29304.0;130.0;215.26964343745257;90.0
GM0797_heusden;GM0797;2023;45830.0;19327.0;2826.0;130.0;247.37645511864184;90.0
GM0798_hilvarenbeek;GM0798;2023;15949.0;6840.0;1565.0;130.0;267.97564583988674;90.0
GM0809_loon_op_zand;GM0809;2023;23797.0;10472.0;2233.0;130.0;244.73632790296296;90.0
GM0820_nuenen_gerwen_en_nederwetten;GM0820;2023;24015.0;10435.0;1784.0;130.0;233.4275842745064;90.0
GM0823_oirschot;GM0823;2023;19217.0;8010.0;2143.0;130.0;251.68288997131995;90.0
GM0824_oisterwijk;GM0824;2023;32941.0;14096.0;5683.0;130.0;220.44045137572957;90.0
GM0826_oosterhout;GM0826;2023;57425.0;25176.0;6409.0;130.0;230.4415151860676;90.0
GM0828_oss;GM0828;2023;94437.0;40708.0;7684.0;130.0;257.5342187356087;90.0
GM0840_rucphen;GM0840;2023;23636.0;9868.0;1207.0;130.0;274.82645334013256;90.0
GM0845_sint_michielsgestel;GM0845;2023;30135.0;12248.0;1607.0;130.0;281.01889050018906;90.0
GM0847_someren;GM0847;2023;20061.0;8163.0;3250.0;130.0;202.1775800905449;90.0
GM0848_son_en_breugel;GM0848;2023;18010.0;7308.0;2757.0;130.0;202.3068268678201;90.0
GM0851_steenbergen;GM0851;2023;24610.0;10458.0;1337.0;130.0;269.2240440617878;90.0
GM0852_waterland;GM0852;2023;17609.0;7391.0;965.0;130.0;283.3666661350006;90.0
GM0855_tilburg;GM0855;2023;227707.0;102395.0;26666.0;130.0;244.89892849982763;90.0
GM0858_valkenswaard;GM0858;2023;31527.0;14873.0;2681.0;130.0;232.01618716390328;90.0
GM0861_veldhoven;GM0861;2023;46417.0;20078.0;4424.0;130.0;236.54234229221797;90.0
GM0865_vught;GM0865;2023;32113.0;13714.0;3782.0;130.0;262.2806709596586;90.0
GM0866_waalre;GM0866;2023;17980.0;7789.0;1767.0;130.0;241.20241355141204;90.0
GM0867_waalwijk;GM0867;2023;49952.0;21972.0;5142.0;130.0;249.09376631653595;90.0
GM0873_woensdrecht;GM0873;2023;22191.0;9912.0;3236.0;130.0;284.0126813101643;90.0
GM0879_zundert;GM0879;2023;22518.0;9626.0;1394.0;130.0;264.18001589105796;90.0
GM0880_wormerland;GM0880;2023;16612.0;6911.0;976.0;130.0;248.20590137046793;90.0
GM0882_landgraaf;GM0882;2023;37175.0;18136.0;3100.0;130.0;250.9267203724661;90.0
GM0888_beek;GM0888;2023;16132.0;7484.0;2372.0;130.0;219.24155422937207;90.0
GM0889_beesel;GM0889;2023;13449.0;6031.0;1025.0;130.0;272.4401729612864;90.0
GM0893_bergen;GM0893;2023;13119.0;5772.0;715.0;130.0;275.55036392762304;90.0
GM0899_brunssum;GM0899;2023;27682.0;14436.0;3086.0;130.0;284.2354397124583;90.0
GM0907_gennep;GM0907;2023;17764.0;7484.0;1945.0;130.0;285.0449277311456;90.0
GM0917_heerlen;GM0917;2023;87122.0;45956.0;16292.0;130.0;262.6680308615249;90.0
GM0928_kerkrade;GM0928;2023;45620.0;23908.0;5001.0;130.0;272.72981466782346;90.0
GM0935_maastricht;GM0935;2023;122734.0;62599.0;23072.0;130.0;259.0425214617709;90.0
GM0938_meerssen;GM0938;2023;18600.0;8632.0;1146.0;130.0;291.8828842137778;90.0
GM0944_mook_en_middelaar;GM0944;2023;8043.0;3661.0;633.0;130.0;315.75398541919805;90.0
GM0946_nederweert;GM0946;2023;17499.0;7513.0;1204.0;130.0;248.29880959227097;90.0
GM0957_roermond;GM0957;2023;59981.0;27685.0;12116.0;130.0;274.229186639324;90.0
GM0965_simpelveld;GM0965;2023;10396.0;5176.0;790.0;130.0;284.8788342064775;90.0
GM0971_stein;GM0971;2023;24772.0;11803.0;1843.0;130.0;268.75475831792784;90.0
GM0981_vaals;GM0981;2023;10190.0;5816.0;1128.0;130.0;320.3912776580362;90.0
GM0983_venlo;GM0983;2023;103328.0;47741.0;12644.0;130.0;246.6726905590332;90.0
GM0984_venray;GM0984;2023;44628.0;19163.0;4681.0;130.0;259.9059467525147;90.0
GM0986_voerendaal;GM0986;2023;12405.0;5803.0;649.0;130.0;263.9694894368283;90.0
GM0988_weert;GM0988;2023;50872.0;6030.0;9149.0;130.0;274.94070970784895;90.0
GM0994_valkenburg_aan_de_geul;GM0994;2023;16423.0;8304.0;3012.0;130.0;306.98264654271827;90.0
GM0995_lelystad;GM0995;2023;83033.0;33718.0;6714.0;130.0;227.38660679708428;90.0
GM1507_horst_aan_de_maas;GM1507;2023;43641.0;17884.0;4991.0;130.0;245.1744503589273;90.0
GM1509_oude_ijsselstreek;GM1509;2023;39613.0;17403.0;2833.0;130.0;266.9750966021566;90.0
GM1525_teylingen;GM1525;2023;38510.0;16273.0;4502.0;130.0;283.5283885021142;90.0
GM1581_utrechtse_heuvelrug;GM1581;2023;50429.0;21833.0;5764.0;130.0;296.31935191116804;90.0
GM1586_oost_gelre;GM1586;2023;29846.0;12912.0;2984.0;130.0;245.3827220015005;90.0
GM1598_koggenland;GM1598;2023;23509.0;9603.0;1085.0;130.0;249.5318728065511;90.0
GM1621_lansingerland;GM1621;2023;64754.0;24648.0;3854.0;130.0;208.10328260852208;90.0
GM1640_leudal;GM1640;2023;36141.0;16118.0;2657.0;130.0;271.75487587754213;90.0
GM1641_maasgouw;GM1641;2023;24305.0;10946.0;1966.0;130.0;236.95478254064523;90.0
GM1652_gemert_bakel;GM1652;2023;31383.0;12601.0;2427.0;130.0;253.16784910445395;90.0
GM1655_halderberge;GM1655;2023;31041.0;13469.0;1986.0;130.0;265.99848589872175;90.0
GM1658_heeze_leende;GM1658;2023;16627.0;6905.0;1483.0;130.0;272.99139281749035;90.0
GM1659_laarbeek;GM1659;2023;23260.0;9783.0;1407.0;130.0;240.7576385547439;90.0
GM1667_reusel_de_mierden;GM1667;2023;13542.0;5509.0;854.0;130.0;266.9892575836773;90.0
GM1669_roerdalen;GM1669;2023;20702.0;9538.0;2776.0;130.0;226.13032187616056;90.0
GM1674_roosendaal;GM1674;2023;77613.0;35586.0;8527.0;130.0;249.4580809397476;90.0
GM1676_schouwen_duiveland;GM1676;2023;34561.0;16968.0;6297.0;130.0;273.80008575606433;90.0
GM1680_aa_en_hunze;GM1680;2023;25724.0;11030.0;2206.0;130.0;249.77725270547865;90.0
GM1681_borger_odoorn;GM1681;2023;25919.0;11192.0;1817.0;130.0;256.5265864902277;90.0
GM1690_de_wolden;GM1690;2023;24602.0;10429.0;1890.0;130.0;269.2960070645495;90.0
GM1695_noord_beveland;GM1695;2023;7857.0;4552.0;2013.0;130.0;220.8039020848063;90.0
GM1696_wijdemeren;GM1696;2023;24659.0;10783.0;2219.0;130.0;284.2935532972043;90.0
GM1699_noordenveld;GM1699;2023;31591.0;14831.0;2946.0;130.0;277.6003765770142;90.0
GM1700_twenterand;GM1700;2023;33867.0;13808.0;2783.0;130.0;255.3701230500492;90.0
GM1701_westerveld;GM1701;2023;19860.0;8415.0;2027.0;130.0;303.6852211737734;90.0
GM1705_lingewaard;GM1705;2023;47220.0;20045.0;3198.0;130.0;245.56060099524504;90.0
GM1706_cranendonck;GM1706;2023;20851.0;9032.0;1770.0;130.0;264.68209315868614;90.0
GM1708_steenwijkerland;GM1708;2023;45376.0;20197.0;4033.0;130.0;270.8500634136573;90.0
GM1709_moerdijk;GM1709;2023;37711.0;16616.0;3585.0;130.0;267.9451538357555;90.0
GM1711_echt_susteren;GM1711;2023;31967.0;14672.0;3442.0;130.0;220.81467831264445;90.0
GM1714_sluis;GM1714;2023;23243.0;14123.0;6303.0;130.0;254.0907820564297;90.0
GM1719_drimmelen;GM1719;2023;27994.0;11831.0;1434.0;130.0;263.1874497011578;90.0
GM1721_bernheze;GM1721;2023;32263.0;12775.0;1844.0;130.0;233.8539143057363;90.0
GM1723_alphen_chaam;GM1723;2023;10463.0;4407.0;2734.0;130.0;302.3868308357203;90.0
GM1724_bergeijk;GM1724;2023;19092.0;7994.0;1733.0;130.0;284.75818818734376;90.0
GM1728_bladel;GM1728;2023;21009.0;8820.0;2347.0;130.0;264.75020649238274;90.0
GM1729_gulpen_wittem;GM1729;2023;14210.0;6866.0;1537.0;130.0;305.8422040387358;90.0
GM1730_tynaarlo;GM1730;2023;34592.0;14575.0;3920.0;130.0;272.6616735385141;90.0
GM1731_midden_drenthe;GM1731;2023;33987.0;14395.0;3322.0;130.0;256.8386267763789;90.0
GM1734_overbetuwe;GM1734;2023;48707.0;20053.0;4017.0;130.0;225.19543383891863;90.0
GM1735_hof_van_twente;GM1735;2023;35455.0;15251.0;3451.0;130.0;295.01134124486214;90.0
GM1740_neder_betuwe;GM1740;2023;25448.0;8886.0;1705.0;130.0;249.7845145339788;90.0
GM1742_rijssen_holten;GM1742;2023;38493.0;14849.0;3086.0;130.0;250.78569345249224;90.0
GM1771_geldrop_mierlo;GM1771;2023;40441.0;18051.0;3031.0;130.0;265.62662054192344;90.0
GM1773_olst_wijhe;GM1773;2023;18682.0;7821.0;1146.0;130.0;291.66825480972483;90.0
GM1774_dinkelland;GM1774;2023;26743.0;11038.0;3197.0;130.0;245.69576422292752;90.0
GM1783_westland;GM1783;2023;114887.0;45912.0;9269.0;130.0;218.63214107574572;90.0
GM1842_midden_delfland;GM1842;2023;19472.0;7978.0;1157.0;130.0;234.8726556888617;90.0
GM1859_berkelland;GM1859;2023;44022.0;19547.0;3522.0;130.0;277.726879818297;90.0
GM1876_bronckhorst;GM1876;2023;36277.0;16139.0;2734.0;130.0;288.529274703257;90.0
GM1883_sittard_geleen;GM1883;2023;92234.0;46679.0;16157.0;130.0;262.45243552217374;90.0
GM1884_kaag_en_braassem;GM1884;2023;28573.0;11874.0;1969.0;130.0;248.43244024484088;90.0
GM1891_dantumadiel;GM1891;2023;19194.0;8148.0;1158.0;130.0;274.78947508235046;90.0
GM1892_zuidplas;GM1892;2023;46981.0;18549.0;2882.0;130.0;242.00286364716024;90.0
GM1894_peel_en_maas;GM1894;2023;45276.0;18491.0;3735.0;130.0;237.92411828674528;90.0
GM1895_oldambt;GM1895;2023;39044.0;18399.0;3360.0;130.0;277.36390112557126;90.0
GM1896_zwartewaterland;GM1896;2023;23368.0;8961.0;1963.0;130.0;251.48491119158476;90.0
GM1900_sudwest_fryslan;GM1900;2023;90883.0;42025.0;9325.0;130.0;264.948010221926;90.0
GM1901_bodegraven_reeuwijk;GM1901;2023;36308.0;14665.0;2793.0;130.0;225.81383876805108;90.0
GM1903_eijsden_margraten;GM1903;2023;25991.0;11342.0;2679.0;130.0;276.31930123782206;90.0
GM1904_stichtse_vecht;GM1904;2023;65771.0;28716.0;4426.0;130.0;243.56544309715272;90.0
GM1911_hollands_kroon;GM1911;2023;49431.0;20923.0;3288.0;130.0;266.8370531693658;90.0
GM1916_leidschendam_voorburg;GM1916;2023;77753.0;36938.0;5985.0;130.0;252.51214221088995;90.0
GM1924_goeree_overflakkee;GM1924;2023;51590.0;22021.0;6955.0;130.0;260.2044875616498;90.0
GM1926_pijnacker_nootdorp;GM1926;2023;57672.0;21791.0;3308.0;130.0;198.65604358046133;90.0
GM1930_nissewaard;GM1930;2023;86833.0;39448.0;6466.0;130.0;231.63593830297492;90.0
GM1931_krimpenerwaard;GM1931;2023;57700.0;23909.0;3631.0;130.0;271.27910040861633;90.0
GM1940_de_fryske_marren;GM1940;2023;51992.0;23318.0;5704.0;130.0;258.94444871478487;90.0
GM1942_gooise_meren;GM1942;2023;60341.0;26873.0;6396.0;130.0;286.4705182013878;90.0
GM1945_berg_en_dal;GM1945;2023;35420.0;15815.0;3849.0;130.0;286.96804524425704;90.0
GM1948_meierijstad;GM1948;2023;83715.0;34829.0;6741.0;130.0;244.93497592821024;90.0
GM1949_waadhoeke;GM1949;2023;46718.0;21213.0;3048.0;130.0;296.21281637782874;90.0
GM1950_westerwolde;GM1950;2023;26537.0;11770.0;2431.0;130.0;249.4062977576262;90.0
GM1952_midden_groningen;GM1952;2023;61554.0;27986.0;4501.0;130.0;260.0204379487197;90.0
GM1954_beekdaelen;GM1954;2023;35966.0;16651.0;2560.0;130.0;299.74049278846155;90.0
GM1955_montferland;GM1955;2023;36882.0;15970.0;2077.0;130.0;273.3416805540125;90.0
GM1959_altena;GM1959;2023;57726.0;22525.0;3723.0;130.0;257.69015338716207;90.0
GM1960_west_betuwe;GM1960;2023;52720.0;20961.0;4312.0;130.0;231.18962592466409;90.0
GM1961_vijfheerenlanden;GM1961;2023;60052.0;24175.0;4871.0;130.0;224.45172262955845;90.0
GM1963_hoeksche_waard;GM1963;2023;89760.0;38171.0;5414.0;130.0;248.49925410667552;90.0
GM1966_het_hogeland;GM1966;2023;48298.0;22402.0;3049.0;130.0;267.23205307702983;90.0
GM1969_westerkwartier;GM1969;2023;64946.0;27257.0;4119.0;130.0;254.12910479399224;90.0
GM1970_noardeast_fryslan;GM1970;2023;45812.0;20491.0;4040.0;130.0;283.15531904766436;90.0
GM1978_molenlanden;GM1978;2023;45158.0;17330.0;2593.0;130.0;250.43728901044787;90.0
GM1979_eemsdelta;GM1979;2023;45394.0;22892.0;3545.0;130.0;267.8895306702541;90.0
GM1980_dijk_en_waard;GM1980;2023;88985.0;36193.0;6661.0;130.0;203.38977120375256;90.0
GM1982_land_van_cuijk;GM1982;2023;91423.0;39031.0;8066.0;130.0;252.3256203848432;90.0
GM1991_maashorst;GM1991;2023;58934.0;25517.0;6789.0;130.0;214.0679109221549;90.0
GM1992_voorne_aan_zee;GM1992;2023;73945.0;33090.0;5708.0;130.0;234.5421183859403;90.0
PV20_groningen;PV20_groningen;2023;596075.0;283315.0;69451.0;130.0;252.40737525;90.0
PV21_fryslan;PV21_fryslan;2023;659551.0;302954.0;75759.0;130.0;255.4133557;90.0
PV22_drenthe;PV22_drenthe;2023;502051.0;223763.0;51337.0;130.0;248.15633014;90.0
PV23_overijssel;PV23_overijssel;2023;1184333.0;514189.0;127436.0;130.0;245.38256273;90.0
PV24_flevoland;PV24_flevoland;2023;444701.0;172035.0;37735.0;130.0;196.39376953;90.0
PV25_gelderland;PV25_gelderland;2023;2133708.0;920676.0;235258.0;130.0;249.10520667;90.0
PV26_utrecht;PV26_utrecht;2023;1387643.0;593037.0;146561.0;130.0;227.73836857;90.0
PV27_noord_holland;PV27_noord_holland;2023;2952622.0;1357257.0;382583.0;130.0;240.06811313;90.0
PV28_zuid_holland;PV28_zuid_holland;2023;3804906.0;1708278.0;456582.0;130.0;236.01417869;90.0
PV29_zeeland;PV29_zeeland;2023;391124.0;188353.0;56359.0;130.0;261.94964027;90.0
PV30_noord_brabant;PV30_noord_brabant;2023;2626210.0;1149763.0;294540.0;130.0;240.87756249;90.0
PV31_limburg;PV31_limburg;2023;1128367.0;518320.0;148103.0;130.0;262.76568598;90.0
nl2023;nl2023;2023;17811291.0;7931940.0;2791335.0;130.0;107.45;90.0
