PK_UID;jaar;naamgeving;effluent_z;effluent_w;temp_z;temp_w;waterschap;wp_gj_z;wp_gj_w;opmerking;ws;tp_z_jaar;tp_w_jaar;gemeente;res_regio;tp_w_nb;tp_z_nb;tp_w_bb;tp_z_bb;provincie;buurtcode_2023;gemeentecode_2023;pc4_code_2023;pc6_code_2023;buurtcode_2024;gemeentecode_2024;pc4_code_2024;pc6_code_2024;buurtcode_2025;gemeentecode_2025;pc4_code_2025;pc6_code_2025;buurtcode_gewijzigd;gemeentecode_gewijzigd;pc4_gewijzigd;lat;lon;meta_source_layer;meta_source_wfs_url;meta_retrieved_at;meta_source_last_modified
12.0;0.0;RWZI Waalwijk;7672.0;8589.0;19.7;9.1;Brabantse Delta;160.3448;179.5101;Aangeleverd door Waterschap;Brabantse Delta;65521.0;50568.0;Waalwijk;Hart van Brabant;520.0;984.0;208.0;393.0;Noord-Brabant;;GM0867;;;;GM0867;;;;GM0867;;;False;False;False;51.71130582964813;5.070413892641879;WarmteAtlas:AquathermieRWZI;;;
13.0;0.0;RWZI Waalwijk Haven 7;18216.0;18216.0;0.0;0.0;Brabantse Delta;380.7144;380.7144;Aangeleverd door Waterschap;Brabantse Delta;138961.0;107247.0;Waalwijk;Hart van Brabant;1102.0;2203.0;441.0;881.0;Noord-Brabant;;GM0867;;;;GM0867;;;;GM0867;;;False;False;False;51.69908127042079;5.03869205794168;WarmteAtlas:AquathermieRWZI;;;
14.0;0.0;RWZI Waspik;1544.0;1684.0;19.6;8.0;Brabantse Delta;32.2696;35.1956;Aangeleverd door Waterschap;Brabantse Delta;12846.0;9915.0;Waalwijk;Hart van Brabant;102.0;195.0;41.0;78.0;Noord-Brabant;;GM0867;;;;GM0867;;;;GM0867;;;False;False;False;51.705918468706926;4.941264519552414;WarmteAtlas:AquathermieRWZI;;;
25.0;0.0;RWZI ST. OEDENRODE;26995.0;26995.0;0.0;0.0;Waterschap De Dommel;564.1955;564.1955;Aangeleverd door Waterschap;Waterschap De Dommel;205931.0;158934.0;Meierijstad;Noord-oost Brabant;1632.0;3265.0;653.0;1306.0;Noord-Brabant;;GM1948;;;;GM1948;;;;GM1948;;;False;False;False;51.56116432523864;5.445128699849865;WarmteAtlas:AquathermieRWZI;;;
33.0;0.0;RWZI TILBURG;106833.0;106833.0;0.0;0.0;Waterschap De Dommel;2232.8097;2232.8097;Aangeleverd door Waterschap;Waterschap De Dommel;814976.0;628982.0;Tilburg;Hart van Brabant;6461.0;12921.0;2584.0;5168.0;Noord-Brabant;;GM0855;;;;GM0855;;;;GM0855;;;False;False;False;51.60004877457195;5.067584339569449;WarmteAtlas:AquathermieRWZI;;;
4.0;0.0;R.W.Z.I. Dinther;29000.0;30000.0;22.8;13.5;Aa en Maas;606.1;627.0;Aangeleverd door Waterschap;Aa en Maas;228855.0;176626.0;Bernheze;Noord-oost Brabant;1814.0;3568.0;726.0;1427.0;Noord-Brabant;;GM1721;;;;GM1721;;;;GM1721;;;False;False;False;51.63525196233995;5.529918363552972;WarmteAtlas:AquathermieRWZI;;;
5.0;0.0;R.W.Z.I. Aarle-Rixtel;34000.0;38000.0;21.8;12.9;Aa en Maas;710.6;794.2;Aangeleverd door Waterschap;Aa en Maas;289883.0;223726.0;Laarbeek;Metropoolregio Eindhoven;2298.0;4354.0;919.0;1742.0;Noord-Brabant;;GM1659;;;;GM1659;;;;GM1659;;;False;False;False;51.503674635384975;5.662607581579918;WarmteAtlas:AquathermieRWZI;;;
104.0;0.0;RWZI Zeist;23040.0;23040.0;0.0;0.0;De Stichtse Rijnlanden;481.536;481.536;RWZI gegevens van watersector.nl, DWA dagdebiet is 24x uurdebiet. Indien geen DWA bekent, dan DWA = 0,3 x RWA;De Stichtse Rijnlanden;175761.0;135649.0;Zeist;U10/U16;1393.0;2787.0;557.0;1115.0;Utrecht;;GM0355;;;;GM0355;;;;GM0355;;;False;False;False;52.0871823230714;5.211506058803742;WarmteAtlas:AquathermieRWZI;;;
106.0;0.0;RWZI Nieuwegein;25200.0;25200.0;0.0;0.0;De Stichtse Rijnlanden;526.68;526.68;RWZI gegevens van watersector.nl, DWA dagdebiet is 24x uurdebiet. Indien geen DWA bekent, dan DWA = 0,3 x RWA;De Stichtse Rijnlanden;192238.0;148366.0;IJsselstein;U10/U16;1524.0;3048.0;610.0;1219.0;Utrecht;;GM0353;;;;GM0353;;;;GM0353;;;False;False;False;52.00391842874025;5.070539000415452;WarmteAtlas:AquathermieRWZI;;;
107.0;0.0;Awzi Haastrecht;2880.0;2880.0;0.0;0.0;De Stichtse Rijnlanden;60.192;60.192;RWZI gegevens van oude studie gedaan door Tauw voor HHSK;De Stichtse Rijnlanden;21970.0;16956.0;Krimpenerwaard;Midden-Holland;174.0;348.0;70.0;139.0;Zuid-Holland;;GM1931;2851.0;;;GM1931;2851.0;;;GM1931;2851.0;;False;False;False;52.00226175496009;4.783824503246473;WarmteAtlas:AquathermieRWZI;;;
108.0;0.0;RWZI Haastrecht;25920.0;25920.0;0.0;0.0;De Stichtse Rijnlanden;541.728;541.728;RWZI gegevens van watersector.nl, DWA dagdebiet is 24x uurdebiet. Indien geen DWA bekent, dan DWA = 0,3 x RWA;De Stichtse Rijnlanden;197731.0;152605.0;Krimpenerwaard;Midden-Holland;1568.0;3135.0;627.0;1254.0;Zuid-Holland;;GM1931;2851.0;;;GM1931;2851.0;;;GM1931;2851.0;;False;False;False;52.00262965194176;4.784297020906285;WarmteAtlas:AquathermieRWZI;;;
109.0;0.0;RWZI Harnaschpolder;262800.0;262800.0;0.0;0.0;HHS van Delfland;5492.52;5492.52;RWZI gegevens van watersector.nl, DWA dagdebiet is 24x uurdebiet. Indien geen DWA bekent, dan DWA = 0,3 x RWA;HHS van Delfland;2004770.0;1547243.0;Midden-Delfland;Rotterdam-Den Haag;15893.0;31786.0;6357.0;12714.0;Zuid-Holland;;GM1842;2635.0;;;GM1842;2635.0;;;GM1842;2635.0;;False;False;False;52.0154061352828;4.31887752452759;WarmteAtlas:AquathermieRWZI;;;
113.0;0.0;Awzi Ammerstol;720.0;720.0;0.0;0.0;Schieland en de Krimpenerwaard;15.048;15.048;RWZI gegevens van oude studie gedaan door Tauw voor HHSK;Schieland en de Krimpenerwaard;5493.0;4239.0;Krimpenerwaard;Midden-Holland;44.0;87.0;17.0;35.0;Zuid-Holland;;GM1931;2865.0;;;GM1931;2865.0;;;GM1931;2865.0;;False;False;False;51.93069238360864;4.805631299130185;WarmteAtlas:AquathermieRWZI;;;
114.0;0.0;Awzi Stolwijk;2160.0;2160.0;0.0;0.0;Schieland en de Krimpenerwaard;45.144;45.144;RWZI gegevens van oude studie gedaan door Tauw voor HHSK;Schieland en de Krimpenerwaard;16478.0;12717.0;Krimpenerwaard;Midden-Holland;130.0;261.0;52.0;104.0;Zuid-Holland;;GM1931;2821.0;;;GM1931;2821.0;;;GM1931;2821.0;;False;False;False;51.980248827318626;4.767155701649249;WarmteAtlas:AquathermieRWZI;;;
115.0;0.0;Awzi De Groote Zaag;16512.0;16512.0;0.0;0.0;Schieland en de Krimpenerwaard;345.1008;345.1008;RWZI gegevens van oude studie gedaan door Tauw voor HHSK;Schieland en de Krimpenerwaard;125962.0;97215.0;Krimpenerwaard;Midden-Holland;998.0;1997.0;399.0;799.0;Zuid-Holland;;GM1931;2931.0;;;GM1931;2931.0;;;GM1931;2931.0;;False;False;False;51.89780648664727;4.59714744669549;WarmteAtlas:AquathermieRWZI;;;
116.0;0.0;Awzi Bergambacht;3840.0;3840.0;0.0;0.0;Schieland en de Krimpenerwaard;80.256;80.256;RWZI gegevens van oude studie gedaan door Tauw voor HHSK;Schieland en de Krimpenerwaard;29293.0;22608.0;Krimpenerwaard;Midden-Holland;232.0;464.0;93.0;186.0;Zuid-Holland;;GM1931;2861.0;;;GM1931;2861.0;;;GM1931;2861.0;;False;False;False;51.94045032179333;4.787970088779269;WarmteAtlas:AquathermieRWZI;;;
117.0;0.0;Awzi Berkenwoude;312.0;312.0;0.0;0.0;Schieland en de Krimpenerwaard;6.5208;6.5208;RWZI gegevens van oude studie gedaan door Tauw voor HHSK;Schieland en de Krimpenerwaard;2380.0;1837.0;Krimpenerwaard;Midden-Holland;19.0;38.0;8.0;15.0;Zuid-Holland;;GM1931;2825.0;;;GM1931;2825.0;;;GM1931;2825.0;;False;False;False;51.93584263970003;4.712299128930347;WarmteAtlas:AquathermieRWZI;;;
121.0;0.0;Awzi Kortenoord;34800.0;34800.0;0.0;0.0;Schieland en de Krimpenerwaard;727.32;727.32;RWZI gegevens van oude studie gedaan door Tauw voor HHSK;Schieland en de Krimpenerwaard;265472.0;204886.0;Zuidplas;Midden-Holland;2104.0;4209.0;842.0;1684.0;Zuid-Holland;;GM1892;2911.0;;;GM1892;2911.0;;;GM1892;2911.0;;False;False;False;51.972345173001685;4.628765904070388;WarmteAtlas:AquathermieRWZI;;;
135.0;0.0;Veenendaal;18000.0;18000.0;0.0;0.0;Vallei & Veluwe;376.2;376.2;Info van watersector.nl;Vallei & Veluwe;137313.0;105976.0;Utrechtse Heuvelrug;U10/U16;1088.0;2177.0;435.0;871.0;Utrecht;;GM1581;;;;GM1581;;;;GM1581;;;False;False;False;52.03789212424647;5.5232381132560855;WarmteAtlas:AquathermieRWZI;;;
147.0;0.0;AWZI Bodegraven;4500.0;4500.0;0.0;0.0;HH van Rijnland;94.05;94.05;Aangeleverd door Waterschap;HH van Rijnland;34328.0;26494.0;Bodegraven-Reeuwijk;Midden-Holland;272.0;544.0;109.0;218.0;Zuid-Holland;;GM1901;2411.0;;;GM1901;2411.0;;;GM1901;2411.0;;False;False;False;52.08217825987715;4.73460398317279;WarmteAtlas:AquathermieRWZI;;;
150.0;0.0;AWZI Waddinxveen-Randenburg;13000.0;13000.0;0.0;0.0;HH van Rijnland;271.7;271.7;Aangeleverd door Waterschap;HH van Rijnland;99170.0;76538.0;Waddinxveen;Midden-Holland;786.0;1572.0;314.0;629.0;Zuid-Holland;;GM0627;2741.0;;;GM0627;2741.0;;;GM0627;2741.0;;False;False;False;52.05696963575252;4.6661407249887015;WarmteAtlas:AquathermieRWZI;;;
55.0;0.0;RWZI Asperen;1100.0;1100.0;21.3163;9.45;Waterschap Rivierenland;22.99;22.99;;Waterschap Rivierenland;8391.0;6476.0;Lingewaal;Rivierenland (Fruitdelta);66.0;133.0;27.0;53.0;Gelderland;;GM1960;;;;GM1960;;;;GM1960;;;False;False;False;51.88411826880908;5.110685141910247;WarmteAtlas:AquathermieRWZI;;;
56.0;0.0;RWZI Beesd;1310.0;1310.0;20.4859;7.30778;Waterschap Rivierenland;27.379;27.379;;Waterschap Rivierenland;9993.0;7713.0;Geldermalsen;Rivierenland (Fruitdelta);79.0;158.0;32.0;63.0;Gelderland;;GM1960;;;;GM1960;;;;GM1960;;;False;False;False;51.89722737570678;5.169531209333422;WarmteAtlas:AquathermieRWZI;;;
57.0;0.0;RWZI Geldermalsen;5490.0;5490.0;20.1065;10.625;Waterschap Rivierenland;114.741;114.741;;Waterschap Rivierenland;41880.0;32323.0;Geldermalsen;Rivierenland (Fruitdelta);332.0;664.0;133.0;266.0;Gelderland;;GM1960;;;;GM1960;;;;GM1960;;;False;False;False;51.88734449500729;5.275325299557291;WarmteAtlas:AquathermieRWZI;;;
58.0;0.0;RWZI Zetten;1070.0;1070.0;20.9348;9.43864;Waterschap Rivierenland;22.363;22.363;;Waterschap Rivierenland;8162.0;6300.0;Overbetuwe;Arnhem/Nijmegen;65.0;130.0;26.0;52.0;Gelderland;;GM1734;;;;GM1734;;;;GM1734;;;False;False;False;51.93825801583184;5.711807651399275;WarmteAtlas:AquathermieRWZI;;;
63.0;0.0;RWZI Dodewaard;3910.0;3910.0;21.3789;11.8911;Waterschap Rivierenland;81.719;81.719;;Waterschap Rivierenland;29827.0;23020.0;Neder-Betuwe;Rivierenland (Fruitdelta);236.0;473.0;95.0;189.0;Gelderland;;GM1740;;;;GM1740;;;;GM1740;;;False;False;False;51.92046528900638;5.634464579169903;WarmteAtlas:AquathermieRWZI;;;
68.0;0.0;RWZI Haaften;2220.0;2220.0;20.888;9.78889;Waterschap Rivierenland;46.398;46.398;;Waterschap Rivierenland;16935.0;13070.0;Neerijnen;Rivierenland (Fruitdelta);134.0;268.0;54.0;107.0;Gelderland;;GM1960;;;;GM1960;;;;GM1960;;;False;False;False;51.823122548771686;5.223834170592945;WarmteAtlas:AquathermieRWZI;;;
74.0;0.0;RWZI Meerkerk;1656.0;1656.0;0.0;0.0;Waterschap Rivierenland;34.6104;34.6104;;Waterschap Rivierenland;12633.0;9750.0;Zederik;U10/U16;100.0;200.0;40.0;80.0;Utrecht;;GM1961;;;;GM1961;;;;GM1961;;;False;False;False;51.91709440674467;4.989475195647752;WarmteAtlas:AquathermieRWZI;;;
75.0;0.0;RWZI Leerbroek;648.0;648.0;0.0;0.0;Waterschap Rivierenland;13.5432;13.5432;;Waterschap Rivierenland;4943.0;3815.0;Zederik;U10/U16;39.0;78.0;16.0;31.0;Utrecht;;GM1961;;;;GM1961;;;;GM1961;;;False;False;False;51.91351236995863;5.05674255547328;WarmteAtlas:AquathermieRWZI;;;
76.0;0.0;RWZI Vianen;5900.0;5900.0;21.68;12.5855;Waterschap Rivierenland;123.31;123.31;;Waterschap Rivierenland;45008.0;34736.0;Vianen;U10/U16;357.0;714.0;143.0;285.0;Utrecht;;GM1961;;;;GM1961;;;;GM1961;;;False;False;False;51.99866236458596;5.098690009177368;WarmteAtlas:AquathermieRWZI;;;
77.0;0.0;RWZI Leerdam;4580.0;4580.0;22.7196;12.5089;Waterschap Rivierenland;95.722;95.722;;Waterschap Rivierenland;34939.0;26965.0;Leerdam;U10/U16;277.0;554.0;111.0;222.0;Utrecht;;GM1961;;;;GM1961;;;;GM1961;;;False;False;False;51.88925926238224;5.088739075141169;WarmteAtlas:AquathermieRWZI;;;
78.0;0.0;RWZI Sleeuwijk;8730.0;8730.0;20.6938;11.3779;Waterschap Rivierenland;182.457;182.457;;Waterschap Rivierenland;66597.0;51398.0;Werkendam;West-Brabant;528.0;1056.0;211.0;422.0;Noord-Brabant;;GM1959;;;;GM1959;;;;GM1959;;;False;False;False;51.816201532619665;4.930500055121303;WarmteAtlas:AquathermieRWZI;;;
79.0;0.0;RWZI Dussen;1370.0;1370.0;18.6739;6.66333;Waterschap Rivierenland;28.633;28.633;;Waterschap Rivierenland;10451.0;8066.0;Werkendam;West-Brabant;83.0;166.0;33.0;66.0;Noord-Brabant;;GM1959;;;;GM1959;;;;GM1959;;;False;False;False;51.732278067140804;4.928614645495824;WarmteAtlas:AquathermieRWZI;;;
80.0;0.0;RWZI Eethen;670.0;670.0;18.6739;6.66333;Waterschap Rivierenland;14.003;14.003;;Waterschap Rivierenland;5111.0;3945.0;Aalburg;West-Brabant;40.0;81.0;16.0;32.0;Noord-Brabant;;GM1959;;;;GM1959;;;;GM1959;;;False;False;False;51.72449237508413;5.055697860037916;WarmteAtlas:AquathermieRWZI;;;
81.0;0.0;RWZI Wijk en Aalburg;1710.0;1710.0;18.6739;6.66333;Waterschap Rivierenland;35.739;35.739;;Waterschap Rivierenland;13045.0;10068.0;Aalburg;West-Brabant;104.0;207.0;41.0;83.0;Noord-Brabant;;GM1959;;;;GM1959;;;;GM1959;;;False;False;False;51.753962110087066;5.122633913712286;WarmteAtlas:AquathermieRWZI;;;
82.0;0.0;RWZI Schelluinen;11090.0;11090.0;20.9519;11.4143;Waterschap Rivierenland;231.781;231.781;;Waterschap Rivierenland;84600.0;65293.0;Giessenlanden;Alblasserwaard;671.0;1341.0;268.0;536.0;Zuid-Holland;;GM1978;;;;GM1978;;;;GM1978;;;False;False;False;51.843919806993846;4.935294721762139;WarmteAtlas:AquathermieRWZI;;;
85.0;0.0;RWZI Nieuw-Lekkerland;3348.0;3348.0;0.0;0.0;Waterschap Rivierenland;69.9732;69.9732;;Waterschap Rivierenland;25540.0;19711.0;Molenwaard;Alblasserwaard;202.0;405.0;81.0;162.0;Zuid-Holland;;GM1978;2957.0;;;GM1978;2957.0;;;GM1978;2957.0;;False;False;False;51.887123050811276;4.6584758157103545;WarmteAtlas:AquathermieRWZI;;;
86.0;0.0;RWZI Groot-Ammers;6750.0;6750.0;15.2739;6.68444;Waterschap Rivierenland;141.075;141.075;;Waterschap Rivierenland;51492.0;39741.0;Molenwaard;Alblasserwaard;408.0;816.0;163.0;327.0;Zuid-Holland;;GM1978;2964.0;;;GM1978;2964.0;;;GM1978;2964.0;;False;False;False;51.935408725209015;4.858258801313704;WarmteAtlas:AquathermieRWZI;;;
90.0;0.0;RWZI Woerden;15120.0;15120.0;0.0;0.0;De Stichtse Rijnlanden;316.008;316.008;RWZI gegevens van watersector.nl, DWA dagdebiet is 24x uurdebiet. Indien geen DWA bekent, dan DWA = 0,3 x RWA;De Stichtse Rijnlanden;115343.0;89019.0;Woerden;U10/U16;914.0;1829.0;366.0;732.0;Utrecht;;GM0632;;;;GM0632;;;;GM0632;;;False;False;False;52.0846677936941;4.850676540166728;WarmteAtlas:AquathermieRWZI;;;
92.0;0.0;RWZI Driebergen;13320.0;13320.0;0.0;0.0;De Stichtse Rijnlanden;278.388;278.388;RWZI gegevens van watersector.nl, DWA dagdebiet is 24x uurdebiet. Indien geen DWA bekent, dan DWA = 0,3 x RWA;De Stichtse Rijnlanden;101612.0;78422.0;Utrechtse Heuvelrug;U10/U16;806.0;1611.0;322.0;644.0;Utrecht;;GM1581;;;;GM1581;;;;GM1581;;;False;False;False;52.04611514658908;5.2599606760118505;WarmteAtlas:AquathermieRWZI;;;
93.0;0.0;RWZI Breukelen;6372.0;6372.0;0.0;0.0;De Stichtse Rijnlanden;133.1748;133.1748;RWZI gegevens van watersector.nl, DWA dagdebiet is 24x uurdebiet. Indien geen DWA bekent, dan DWA = 0,3 x RWA;De Stichtse Rijnlanden;48609.0;37515.0;Stichtse Vecht;U10/U16;385.0;771.0;154.0;308.0;Utrecht;;GM1904;;;;GM1904;;;;GM1904;;;False;False;False;52.16440445645205;4.9940424573549045;WarmteAtlas:AquathermieRWZI;;;
157.0;0.0;AWZI Nieuwe Wetering;2700.0;2700.0;0.0;0.0;HH van Rijnland;56.43;56.43;Aangeleverd door Waterschap;HH van Rijnland;20597.0;15896.0;Kaag en Braassem;Holland Rijnland;163.0;326.0;65.0;131.0;Zuid-Holland;;GM1884;2376.0;;;GM1884;2376.0;;;GM1884;2376.0;;False;False;False;52.213247993420424;4.610991788878987;WarmteAtlas:AquathermieRWZI;;;
158.0;0.0;AWZI Leimuiden;1558.0;1558.0;0.0;0.0;HH van Rijnland;32.5622;32.5622;Aangeleverd door Waterschap;HH van Rijnland;11885.0;9173.0;Kaag en Braassem;Holland Rijnland;94.0;188.0;38.0;75.0;Zuid-Holland;;GM1884;2451.0;;;GM1884;2451.0;;;GM1884;2451.0;;False;False;False;52.22030427837596;4.653815589546841;WarmteAtlas:AquathermieRWZI;;;
159.0;0.0;RWZI Horstermeer;18672.0;18672.0;0.0;0.0;HH Amstel, Gooi en Vecht;390.2448;390.2448;RWZI gegevens van watersector.nl, DWA dagdebiet is 24x uurdebiet. Indien geen DWA bekent, dan DWA = 0,3 x RWA;HH Amstel, Gooi en Vecht;142439.0;109932.0;Wijdemeren;Noord-Holland Zuid;1129.0;2258.0;452.0;903.0;Noord-Holland;;GM1696;1394.0;;;GM1696;1394.0;;;GM1696;1394.0;;False;False;False;52.25803132789376;5.085664232994243;WarmteAtlas:AquathermieRWZI;;;
161.0;0.0;RWZI Weesp;7440.0;7440.0;0.0;0.0;HH Amstel, Gooi en Vecht;155.496;155.496;RWZI gegevens van watersector.nl, DWA dagdebiet is 24x uurdebiet. Indien geen DWA bekent, dan DWA = 0,3 x RWA;HH Amstel, Gooi en Vecht;56756.0;43803.0;Weesp;Noord-Holland Zuid;450.0;900.0;180.0;360.0;Noord-Holland;;GM0363;1382.0;;;GM0363;1382.0;;;GM0363;1382.0;;False;False;False;52.318460271348435;5.020326190319431;WarmteAtlas:AquathermieRWZI;;;
165.0;0.0;RWZI Huizen;6600.0;6600.0;0.0;0.0;HH Amstel, Gooi en Vecht;137.94;137.94;RWZI gegevens van watersector.nl, DWA dagdebiet is 24x uurdebiet. Indien geen DWA bekent, dan DWA = 0,3 x RWA;HH Amstel, Gooi en Vecht;50348.0;38858.0;Huizen;Noord-Holland Zuid;399.0;798.0;160.0;319.0;Noord-Holland;;GM0406;1271.0;;;GM0406;1271.0;;;GM0406;1271.0;;False;False;False;52.31022944923948;5.24089105186174;WarmteAtlas:AquathermieRWZI;;;
166.0;0.0;RWZI Hilversum (HH Amstel, Gooi en Vecht);8544.0;8544.0;0.0;0.0;HH Amstel, Gooi en Vecht;178.5696;178.5696;RWZI gegevens van watersector.nl, DWA dagdebiet is 24x uurdebiet. Indien geen DWA bekent, dan DWA = 0,3 x RWA;HH Amstel, Gooi en Vecht;65178.0;50303.0;Hilversum;Noord-Holland Zuid;517.0;1034.0;207.0;413.0;Noord-Holland;;GM0402;1223.0;;;GM0402;1223.0;;;GM0402;1223.0;;False;False;False;52.224281692269685;5.203794679316971;WarmteAtlas:AquathermieRWZI;;;
167.0;0.0;RWZI Gooiergracht;9240.0;9240.0;0.0;0.0;HH Amstel, Gooi en Vecht;193.116;193.116;RWZI gegevens van watersector.nl, DWA dagdebiet is 24x uurdebiet. Indien geen DWA bekent, dan DWA = 0,3 x RWA;HH Amstel, Gooi en Vecht;70487.0;54401.0;Blaricum;Noord-Holland Zuid;559.0;1118.0;224.0;447.0;Noord-Holland;;GM0376;1261.0;;;GM0376;1261.0;;;GM0376;1261.0;;False;False;False;52.264529644139955;5.2507385304888725;WarmteAtlas:AquathermieRWZI;;;
168.0;0.0;RWZI Loenen aan de Vecht;1488.0;1488.0;0.0;0.0;HH Amstel, Gooi en Vecht;31.0992;31.0992;RWZI gegevens van watersector.nl, DWA dagdebiet is 24x uurdebiet. Indien geen DWA bekent, dan DWA = 0,3 x RWA;HH Amstel, Gooi en Vecht;11351.0;8761.0;Stichtse Vecht;U10/U16;90.0;180.0;36.0;72.0;Utrecht;;GM1904;;;;GM1904;;;;GM1904;;;False;False;False;52.22464750491519;5.008551971531914;WarmteAtlas:AquathermieRWZI;;;
169.0;0.0;RWZI Maarssen;2640.0;2640.0;0.0;0.0;HH Amstel, Gooi en Vecht;55.176;55.176;RWZI gegevens van watersector.nl, DWA dagdebiet is 24x uurdebiet. Indien geen DWA bekent, dan DWA = 0,3 x RWA;HH Amstel, Gooi en Vecht;20139.0;15543.0;Stichtse Vecht;U10/U16;160.0;319.0;64.0;128.0;Utrecht;;GM1904;;;;GM1904;;;;GM1904;;;False;False;False;52.15184873733029;5.038339516129573;WarmteAtlas:AquathermieRWZI;;;
170.0;0.0;RWZI De Ronde Venen;7896.0;7896.0;0.0;0.0;HH Amstel, Gooi en Vecht;165.0264;165.0264;RWZI gegevens van watersector.nl, DWA dagdebiet is 24x uurdebiet. Indien geen DWA bekent, dan DWA = 0,3 x RWA;HH Amstel, Gooi en Vecht;60235.0;46488.0;De Ronde Venen;U10/U16;478.0;955.0;191.0;382.0;Utrecht;;GM0736;;;;GM0736;;;;GM0736;;;False;False;False;52.212161077429386;4.885240227974213;WarmteAtlas:AquathermieRWZI;;;
306.0;0.0;rwzi Oud-Beijerland;7407.0;7407.0;23.0;10.0;Waterschap Hollandse Delta;154.8063;154.8063;RWZI gegevens van waterschap. DWA debieten is gemiddelde van 2012 tot en met 2014;Waterschap Hollandse Delta;56504.0;43609.0;Oud-Beijerland;Hoeksewaard;448.0;896.0;179.0;358.0;Zuid-Holland;;GM1963;3261.0;;;GM1963;3261.0;;;GM1963;3261.0;;False;False;False;51.82697072008048;4.428862797212639;WarmteAtlas:AquathermieRWZI;;;
307.0;0.0;rwzi Oostvoorne;2930.0;2930.0;23.0;10.0;Waterschap Hollandse Delta;61.237;61.237;RWZI gegevens van waterschap. DWA debieten is gemiddelde van 2012 tot en met 2014;Waterschap Hollandse Delta;22352.0;17250.0;Westvoorne;Rotterdam-Den Haag;177.0;354.0;71.0;142.0;Zuid-Holland;;GM1992;3233.0;;;GM1992;3233.0;;;GM1992;3233.0;;False;False;False;51.916575097880234;4.117186914796763;WarmteAtlas:AquathermieRWZI;;;
308.0;0.0;rwzi Piershil;833.0;833.0;23.0;10.0;Waterschap Hollandse Delta;17.4097;17.4097;RWZI gegevens van waterschap. DWA debieten is gemiddelde van 2012 tot en met 2014;Waterschap Hollandse Delta;6355.0;4904.0;Korendijk;Hoeksewaard;50.0;101.0;20.0;40.0;Zuid-Holland;;GM1963;3265.0;;;GM1963;;;;GM1963;;;False;False;False;51.7988432934846;4.345384957220395;WarmteAtlas:AquathermieRWZI;;;
309.0;0.0;rwzi Hellevoetsluis;3871.0;3871.0;23.0;10.0;Waterschap Hollandse Delta;80.9039;80.9039;RWZI gegevens van waterschap. DWA debieten is gemiddelde van 2012 tot en met 2014;Waterschap Hollandse Delta;29530.0;22791.0;Hellevoetsluis;Rotterdam-Den Haag;234.0;468.0;94.0;187.0;Zuid-Holland;;GM1992;3225.0;;;GM1992;3225.0;;;GM1992;3225.0;;False;False;False;51.84251379869752;4.1754641522420215;WarmteAtlas:AquathermieRWZI;;;
310.0;0.0;rwzi Heenvliet;1497.0;1497.0;23.0;10.0;Waterschap Hollandse Delta;31.2873;31.2873;RWZI gegevens van waterschap. DWA debieten is gemiddelde van 2012 tot en met 2014;Waterschap Hollandse Delta;11420.0;8814.0;Nissewaard;Rotterdam-Den Haag;90.0;181.0;36.0;72.0;Zuid-Holland;;GM1930;3218.0;;;GM1930;3218.0;;;GM1930;3218.0;;False;False;False;51.86574168678694;4.223895718249493;WarmteAtlas:AquathermieRWZI;;;
311.0;0.0;rwzi Spijkenisse-Allemanspolder;11648.0;11648.0;23.0;10.0;Waterschap Hollandse Delta;243.4432;243.4432;RWZI gegevens van waterschap. DWA debieten is gemiddelde van 2012 tot en met 2014;Waterschap Hollandse Delta;88857.0;68578.0;Nissewaard;Rotterdam-Den Haag;704.0;1409.0;282.0;564.0;Zuid-Holland;;GM1930;3207.0;;;GM1930;3207.0;;;GM1930;3207.0;;False;False;False;51.84107344735901;4.364888161487069;WarmteAtlas:AquathermieRWZI;;;
312.0;0.0;rwzi Numansdorp;3474.0;3474.0;23.0;10.0;Waterschap Hollandse Delta;72.6066;72.6066;RWZI gegevens van waterschap. DWA debieten is gemiddelde van 2012 tot en met 2014;Waterschap Hollandse Delta;26501.0;20453.0;Cromstrijen;Hoeksewaard;210.0;420.0;84.0;168.0;Zuid-Holland;;GM1963;3281.0;;;GM1963;;;;GM1963;;;False;False;False;51.72646018146393;4.4216700010400345;WarmteAtlas:AquathermieRWZI;;;
320.0;0.0;rwzi Strijen;560.0;560.0;23.0;10.0;Waterschap Hollandse Delta;11.704;11.704;RWZI gegevens van waterschap. DWA debieten is gemiddelde van 2012 tot en met 2014;Waterschap Hollandse Delta;4272.0;3297.0;Strijen;Hoeksewaard;34.0;68.0;14.0;27.0;Zuid-Holland;;GM1963;;;;GM1963;;;;GM1963;;;False;False;False;51.74545002862149;4.561466569914767;WarmteAtlas:AquathermieRWZI;;;
326.0;0.0;rwzi Rozenburg;4560.0;4560.0;0.0;0.0;Waterschap Hollandse Delta;95.304;95.304;Gegevens van watersector.nl;Waterschap Hollandse Delta;34786.0;26847.0;Rotterdam;Rotterdam-Den Haag;276.0;552.0;110.0;221.0;Zuid-Holland;;GM0599;3181.0;;;GM0599;3181.0;;;GM0599;3181.0;;False;False;False;51.91805972564442;4.226197000977703;WarmteAtlas:AquathermieRWZI;;;
;;Rioolgemaal;;;;;;;;;;;;;;;;;;;;GM0627;2742.0;;;GM0627;2742.0;;;GM0627;2742.0;;False;False;False;52.03229164118534;4.637560129461527;WarmteAtlas:AquathermieRWZI;;;
