PK_UID;tp_z_nb;provincie;tp_w_bb;tp_z_bb;tp_w_nb;naamgeving;dwa_z;dwa_w;jaar;waterschap;wp_gj_z;wp_gj_w;ws;tp_z_jaar;tp_w_jaar;gemeente;res_regio;buurtcode_2023;gemeentecode_2023;pc4_code_2023;pc6_code_2023;buurtcode_2024;gemeentecode_2024;pc4_code_2024;pc6_code_2024;buurtcode_2025;gemeentecode_2025;pc4_code_2025;pc6_code_2025;buurtcode_gewijzigd;gemeentecode_gewijzigd;pc4_gewijzigd;lat;lon;meta_source_layer;meta_source_wfs_url;meta_retrieved_at;meta_source_last_modified
33;222;Noord-Brabant;30;89;74;Erp;3063;3063;0;Aa_en_Maas;51.2134;25.6067;Waterschap Aa en Maas;11479;7213;Meierijstad;Noord-oost Brabant;;GM1948;;;;GM1948;;;;GM1948;;;False;False;False;51.604088300474615;5.613078769503841;WarmteAtlas:AquathermieRioolGemalen;;;
34;8;Noord-Brabant;1;3;3;Keldonk;118;118;0;Aa_en_Maas;1.97296;0.98648;Waterschap Aa en Maas;442;278;Meierijstad;Noord-oost Brabant;;GM1948;;;;GM1948;;;;GM1948;;;False;False;False;51.58902357331576;5.595101094927554;WarmteAtlas:AquathermieRioolGemalen;;;
35;285;Noord-Brabant;38;114;95;Schijndel;3924;3924;0;Aa_en_Maas;65.6093;32.8046;Waterschap Aa en Maas;14706;9241;Meierijstad;Noord-oost Brabant;;GM1948;;;;GM1948;;;;GM1948;;;False;False;False;51.62774639025436;5.441023128380749;WarmteAtlas:AquathermieRioolGemalen;;;
36;7;Noord-Brabant;1;3;2;Boerdonk;97;97;0;Aa_en_Maas;1.62184;0.81092;Waterschap Aa en Maas;363;228;Meierijstad;Noord-oost Brabant;;GM1948;;;;GM1948;;;;GM1948;;;False;False;False;51.55768386305185;5.627238847748497;WarmteAtlas:AquathermieRioolGemalen;;;
5;17;Noord-Brabant;2;7;6;Elsendorp;237;237;0;Aa_en_Maas;3.96264;1.98132;Waterschap Aa en Maas;888;558;Gemert-Bakel;Metropoolregio Eindhoven;;GM1652;;;;GM1652;;;;GM1652;;;False;False;False;51.582205231171635;5.766260349946098;WarmteAtlas:AquathermieRioolGemalen;;;
100;0;Noord-Brabant;0;0;0;Vught;0;0;9999;De Dommel;0.0;0.0;Waterschap De Dommel;0;0;Vught;Noord-oost Brabant;;GM0865;;;;GM0865;;;;GM0865;;;False;False;False;51.67111369337734;5.284653449936824;WarmteAtlas:AquathermieRioolGemalen;;;
102;48;Noord-Brabant;6;19;16;rg. Alphen;668;668;0;Brabantse Delta;11.169;5.58448;Waterschap Brabantse Delta;2503;1573;Alphen-Chaam;West-Brabant;;GM1723;;;;GM1723;;;;GM1723;;;False;False;False;51.48212758084059;4.96312357628602;WarmteAtlas:AquathermieRioolGemalen;;;
134;53;Noord-Brabant;7;21;18;rg. Waspik;731;731;0;Brabantse Delta;12.2223;6.11116;Waterschap Brabantse Delta;2740;1722;Waalwijk;Hart van Brabant;;GM0867;;;;GM0867;;;;GM0867;;;False;False;False;51.68932371880383;4.94347060192712;WarmteAtlas:AquathermieRioolGemalen;;;
135;136;Noord-Brabant;18;54;45;rg. Sprang Capelle;1866;1866;0;Brabantse Delta;31.1995;15.5998;Waterschap Brabantse Delta;6993;4394;Waalwijk;Hart van Brabant;;GM0867;;;;GM0867;;;;GM0867;;;False;False;False;51.673690380095664;5.007977171061174;WarmteAtlas:AquathermieRioolGemalen;;;
136;428;Noord-Brabant;57;171;143;rg. Waalwijk;5903;5903;0;Brabantse Delta;98.6982;49.3491;Waterschap Brabantse Delta;22124;13902;Waalwijk;Hart van Brabant;;GM0867;;;;GM0867;;;;GM0867;;;False;False;False;51.69394384600263;5.074790388082352;WarmteAtlas:AquathermieRioolGemalen;;;
56;184;Noord-Brabant;24;74;61;Heesch;2535;2535;0;Aa_en_Maas;42.3852;21.1926;Waterschap Aa en Maas;9501;5970;Bernheze;Noord-oost Brabant;;GM1721;;;;GM1721;;;;GM1721;;;False;False;False;51.72640170575553;5.510379642871621;WarmteAtlas:AquathermieRioolGemalen;;;
57;15;Noord-Brabant;2;6;5;Vorstenbosch;205;205;0;Aa_en_Maas;3.4276;1.7138;Waterschap Aa en Maas;769;483;Bernheze;Noord-oost Brabant;;GM1721;;;;GM1721;;;;GM1721;;;False;False;False;51.649803886349844;5.550984913043464;WarmteAtlas:AquathermieRioolGemalen;;;
58;14;Noord-Brabant;2;6;5;Loosbroek;192;192;0;Aa_en_Maas;3.21024;1.60512;Waterschap Aa en Maas;719;452;Bernheze;Noord-oost Brabant;;GM1721;;;;GM1721;;;;GM1721;;;False;False;False;51.68058172297197;5.506546290279687;WarmteAtlas:AquathermieRioolGemalen;;;
59;83;Noord-Brabant;11;33;28;Heeswijk Dinther;1148;1148;0;Aa_en_Maas;19.1946;9.59728;Waterschap Aa en Maas;4303;2704;Bernheze;Noord-oost Brabant;;GM1721;;;;GM1721;;;;GM1721;;;False;False;False;51.647405586750416;5.476980667231124;WarmteAtlas:AquathermieRioolGemalen;;;
60;62;Noord-Brabant;8;25;21;Munnekens-Vinkel;859;859;0;Aa_en_Maas;14.3625;7.18124;Waterschap Aa en Maas;3219;2023;Bernheze;Noord-oost Brabant;;GM1721;;;;GM1721;;;;GM1721;;;False;False;False;51.70360106573562;5.487682488050919;WarmteAtlas:AquathermieRioolGemalen;;;
61;47;Noord-Brabant;6;19;16;Aarle-Rixtel;643;643;0;Aa_en_Maas;10.751;5.37548;Waterschap Aa en Maas;2410;1514;Laarbeek;Metropoolregio Eindhoven;;GM1659;;;;GM1659;;;;GM1659;;;False;False;False;51.5091023757916;5.64737717811158;WarmteAtlas:AquathermieRioolGemalen;;;
62;38;Noord-Brabant;5;15;13;Lieshout;528;528;0;Aa_en_Maas;8.82816;4.41408;Waterschap Aa en Maas;1978;1243;Laarbeek;Metropoolregio Eindhoven;;GM1659;;;;GM1659;;;;GM1659;;;False;False;False;51.521530633337306;5.598836210070667;WarmteAtlas:AquathermieRioolGemalen;;;
63;577;Noord-Brabant;77;231;192;'t Broek;7946;7946;0;Aa_en_Maas;132.857;66.4286;Waterschap Aa en Maas;29780;18713;Laarbeek;Metropoolregio Eindhoven;;GM1659;;;;GM1659;;;;GM1659;;;False;False;False;51.52841250371707;5.6573194231655;WarmteAtlas:AquathermieRioolGemalen;;;
64;20;Noord-Brabant;3;8;6;Mariahout;271;271;0;Aa_en_Maas;4.53112;2.26556;Waterschap Aa en Maas;1015;638;Laarbeek;Metropoolregio Eindhoven;;GM1659;;;;GM1659;;;;GM1659;;;False;False;False;51.542414458788755;5.568240551758544;WarmteAtlas:AquathermieRioolGemalen;;;
65;22;Noord-Brabant;3;9;7;Reek;297;297;0;Aa_en_Maas;4.96584;2.48292;Waterschap Aa en Maas;1113;699;Landerd;Noord-oost Brabant;;GM1991;;;;GM1991;;;;GM1991;;;False;False;False;51.7465771882754;5.677803545209604;WarmteAtlas:AquathermieRioolGemalen;;;
66;84;Noord-Brabant;11;33;28;Zeeland;1149;1149;0;Aa_en_Maas;19.2113;9.60564;Waterschap Aa en Maas;4306;2706;Landerd;Noord-oost Brabant;;GM1991;;;;GM1991;;;;GM1991;;;False;False;False;51.70519655319463;5.679932296444449;WarmteAtlas:AquathermieRioolGemalen;;;
67;157;Noord-Brabant;21;63;52;Wachthuis;2162;2162;0;Aa_en_Maas;36.1486;18.0743;Waterschap Aa en Maas;8103;5092;Landerd;Noord-oost Brabant;;GM1991;;;;GM1991;;;;GM1991;;;False;False;False;51.75953852425749;5.68135990843234;WarmteAtlas:AquathermieRioolGemalen;;;
68;119;Noord-Brabant;16;48;40;Schaijk;1639;1639;0;Aa_en_Maas;27.4041;13.702;Waterschap Aa en Maas;6143;3860;Landerd;Noord-oost Brabant;;GM1991;;;;GM1991;;;;GM1991;;;False;False;False;51.75187290912148;5.638120001537887;WarmteAtlas:AquathermieRioolGemalen;;;
69;145;Noord-Brabant;19;58;48;De Peel;1995;1995;0;Aa_en_Maas;33.3564;16.6782;Waterschap Aa en Maas;7477;4698;Landerd;Noord-oost Brabant;;GM1991;;;;GM1991;;;;GM1991;;;False;False;False;51.660716668663355;5.7374841460941575;WarmteAtlas:AquathermieRioolGemalen;;;
70;12;Noord-Brabant;2;5;4;Wilbertoord;163;163;0;Aa_en_Maas;2.72536;1.36268;Waterschap Aa en Maas;611;384;Mill en Sint Hubert;Noord-oost Brabant;;GM1982;;;;GM1982;;;;GM1982;;;False;False;False;51.65838700138337;5.771569084887069;WarmteAtlas:AquathermieRioolGemalen;;;
74;26;Noord-Brabant;4;10;9;Langenboom;361;361;0;Aa_en_Maas;6.03592;3.01796;Waterschap Aa en Maas;1353;850;Mill en Sint Hubert;Noord-oost Brabant;;GM1982;;;;GM1982;;;;GM1982;;;False;False;False;51.707343470064636;5.728689763113354;WarmteAtlas:AquathermieRioolGemalen;;;
79;135;Noord-Brabant;18;54;45;Grave;1864;1864;0;Aa_en_Maas;31.1661;15.583;Waterschap Aa en Maas;6986;4390;Grave;Noord-oost Brabant;;GM1982;;;;GM1982;;;;GM1982;;;False;False;False;51.76023712404756;5.732937406723376;WarmteAtlas:AquathermieRioolGemalen;;;
196;88;Noord-Brabant;12;35;29;Duin;1208;1208;0;Aa_en_Maas;20.1978;10.0989;Waterschap Aa en Maas;4527;2845;Meierijstad;Noord-oost Brabant;;GM1948;;;;GM1948;;;;GM1948;;;False;False;False;51.61236393422841;5.458256575473734;WarmteAtlas:AquathermieRioolGemalen;;;
197;6;Noord-Brabant;1;2;2;Olland;84;84;9999;De Dommel;1.40448;0.70224;Waterschap De Dommel;315;198;Meierijstad;Noord-oost Brabant;;GM1948;;;;GM1948;;;;GM1948;;;False;False;False;51.57970555144907;5.40949618769192;WarmteAtlas:AquathermieRioolGemalen;;;
198;59;Noord-Brabant;8;24;20;Nijnsel;811;811;9999;De Dommel;13.5599;6.77996;Waterschap De Dommel;3040;1910;Meierijstad;Noord-oost Brabant;;GM1948;;;;GM1948;;;;GM1948;;;False;False;False;51.55339336236985;5.4884608620703865;WarmteAtlas:AquathermieRioolGemalen;;;
199;242;Noord-Brabant;32;97;81;Kienehoef;3338;3338;9999;De Dommel;55.8114;27.9057;Waterschap De Dommel;12510;7861;Meierijstad;Noord-oost Brabant;;GM1948;;;;GM1948;;;;GM1948;;;False;False;False;51.5679732100732;5.460545708681869;WarmteAtlas:AquathermieRioolGemalen;;;
200;26;Noord-Brabant;3;10;8;Boskant;351;351;9999;De Dommel;5.86872;2.93436;Waterschap De Dommel;1316;827;Meierijstad;Noord-oost Brabant;;GM1948;;;;GM1948;;;;GM1948;;;False;False;False;51.549597643786;5.424148635565377;WarmteAtlas:AquathermieRioolGemalen;;;
236;37;Noord-Brabant;5;15;12;Biezenmortel;509;509;9999;De Dommel;8.51048;4.25524;Waterschap De Dommel;1908;1199;Haaren;Noord-oost Brabant;;GM0855;;;;GM0855;;;;GM0855;;;False;False;False;51.62896969483304;5.177823151405942;WarmteAtlas:AquathermieRioolGemalen;;;
238;119;Noord-Brabant;16;48;40;Helvoirt;1637;1637;9999;De Dommel;27.3706;13.6853;Waterschap De Dommel;6135;3855;Haaren;Noord-oost Brabant;;GM0865;;;;GM0865;;;;GM0865;;;False;False;False;51.63183706733455;5.233814734428278;WarmteAtlas:AquathermieRioolGemalen;;;
252;291;Noord-Brabant;39;116;97;Udenhout;4011;4011;9999;De Dommel;67.0639;33.532;Waterschap De Dommel;15032;9446;Tilburg;Hart van Brabant;;GM0855;;;;GM0855;;;;GM0855;;;False;False;False;51.61499857869916;5.140347872611121;WarmteAtlas:AquathermieRioolGemalen;;;
428;10;Gelderland;1;4;3;RG Spijk;136;136;0;Rivierenland;2.27392;1.13696;Waterschap Rivierenland;509;320;Lingewaal;Rivierenland (Fruitdelta);;GM1960;;;;GM1960;4211.0;;;GM1960;4211.0;;False;False;False;51.85643812738981;5.008787060747733;WarmteAtlas:AquathermieRioolGemalen;;;
429;23;Gelderland;3;9;8;RG Heukelum;322;322;0;Rivierenland;5.38384;2.69192;Waterschap Rivierenland;1206;758;Lingewaal;Rivierenland (Fruitdelta);;GM1960;;;;GM1960;;;;GM1960;;;False;False;False;51.87217751749449;5.0748787492763565;WarmteAtlas:AquathermieRioolGemalen;;;
430;25;Gelderland;3;10;8;RG Vuren;342;342;0;Rivierenland;5.71824;2.85912;Waterschap Rivierenland;1281;805;Lingewaal;Rivierenland (Fruitdelta);;GM1960;;;;GM1960;;;;GM1960;;;False;False;False;51.82471416631523;5.056436022495071;WarmteAtlas:AquathermieRioolGemalen;;;
431;25;Gelderland;3;10;8;RG Herwijnen;341;341;0;Rivierenland;5.70152;2.85076;Waterschap Rivierenland;1278;803;Lingewaal;Rivierenland (Fruitdelta);;GM1960;;;;GM1960;;;;GM1960;;;False;False;False;51.82317838146098;5.123933974773929;WarmteAtlas:AquathermieRioolGemalen;;;
432;8;Gelderland;1;3;3;RG Rumpt;110;110;0;Rivierenland;1.8392;0.9196;Waterschap Rivierenland;412;259;Geldermalsen;Rivierenland (Fruitdelta);;GM1960;;;;GM1960;;;;GM1960;;;False;False;False;51.88547632531812;5.175535542373587;WarmteAtlas:AquathermieRioolGemalen;;;
433;19;Gelderland;2;8;6;RG Meteren;259;259;0;Rivierenland;4.33048;2.16524;Waterschap Rivierenland;971;610;Geldermalsen;Rivierenland (Fruitdelta);;GM1960;;;;GM1960;;;;GM1960;;;False;False;False;51.86922676256596;5.276902100818498;WarmteAtlas:AquathermieRioolGemalen;;;
434;4;Gelderland;0;2;1;RG Acquoy;54;54;0;Rivierenland;0.90288;0.45144;Waterschap Rivierenland;202;127;Geldermalsen;Rivierenland (Fruitdelta);;GM1960;;;;GM1960;;;;GM1960;;;False;False;False;51.88099235541539;5.133387646432046;WarmteAtlas:AquathermieRioolGemalen;;;
435;2;Gelderland;0;1;1;RG Gellicum;29;29;0;Rivierenland;0.48488;0.24244;Waterschap Rivierenland;108;68;Geldermalsen;Rivierenland (Fruitdelta);;GM1960;;;;GM1960;;;;GM1960;;;False;False;False;51.877453710710654;5.154842223225693;WarmteAtlas:AquathermieRioolGemalen;;;
436;16;Gelderland;2;6;5;RG Rhenoy;221;221;0;Rivierenland;3.69512;1.84756;Waterschap Rivierenland;828;520;Geldermalsen;Rivierenland (Fruitdelta);;GM1960;;;;GM1960;;;;GM1960;;;False;False;False;51.88208611026226;5.15440327967708;WarmteAtlas:AquathermieRioolGemalen;;;
437;21;Gelderland;3;8;7;RG Beesd;291;291;0;Rivierenland;4.86552;2.43276;Waterschap Rivierenland;1090;685;Geldermalsen;Rivierenland (Fruitdelta);;GM1960;;;;GM1960;;;;GM1960;;;False;False;False;51.88278431100734;5.1875501091771055;WarmteAtlas:AquathermieRioolGemalen;;;
438;8;Gelderland;1;3;3;RG Buurmalsen;114;114;0;Rivierenland;1.90608;0.95304;Waterschap Rivierenland;427;268;Geldermalsen;Rivierenland (Fruitdelta);;GM1960;;;;GM1960;;;;GM1960;;;False;False;False;51.89276753096798;5.295380758299191;WarmteAtlas:AquathermieRioolGemalen;;;
439;26;Gelderland;4;10;9;RG Deil;362;362;0;Rivierenland;6.05264;3.02632;Waterschap Rivierenland;1357;853;Geldermalsen;Rivierenland (Fruitdelta);;GM1960;;;;GM1960;;;;GM1960;;;False;False;False;51.88562551154583;5.2424392177690615;WarmteAtlas:AquathermieRioolGemalen;;;
440;6;Gelderland;1;2;2;RG Enspijk Waalstraat;86;86;0;Rivierenland;1.43792;0.71896;Waterschap Rivierenland;323;203;Geldermalsen;Rivierenland (Fruitdelta);;GM1960;;;;GM1960;;;;GM1960;;;False;False;False;51.883694650444234;5.21519295377362;WarmteAtlas:AquathermieRioolGemalen;;;
441;18;Gelderland;2;7;4;RG Tricht;302;302;0;Rivierenland;5.04944;1.26236;Waterschap Rivierenland;777;356;Geldermalsen;Rivierenland (Fruitdelta);;GM1960;;;;GM1960;;;;GM1960;;;False;False;False;51.88728906975267;5.263739897494298;WarmteAtlas:AquathermieRioolGemalen;;;
442;0;Gelderland;0;0;0;RG RWZI Geldermalsen;0;0;0;Rivierenland;0.0;0.0;Waterschap Rivierenland;0;0;Geldermalsen;Rivierenland (Fruitdelta);;GM1960;;;;GM1960;;;;GM1960;;;False;False;False;51.88684209930394;5.276566226769402;WarmteAtlas:AquathermieRioolGemalen;;;
443;50;Gelderland;7;20;16;RG Andelst;684;684;0;Rivierenland;11.4365;5.71824;Waterschap Rivierenland;2564;1611;Overbetuwe;Arnhem/Nijmegen;;GM1734;;;;GM1734;;;;GM1734;;;False;False;False;51.904320155607;5.730360608429852;WarmteAtlas:AquathermieRioolGemalen;;;
446;10;Gelderland;1;4;4;RG Randwijk;146;146;0;Rivierenland;2.44112;1.22056;Waterschap Rivierenland;547;344;Overbetuwe;Arnhem/Nijmegen;;GM1734;;;;GM1734;;;;GM1734;;;False;False;False;51.95249109633656;5.703299368817708;WarmteAtlas:AquathermieRioolGemalen;;;
447;2;Gelderland;0;1;1;RG Slijk-Ewijk;30;30;0;Rivierenland;0.5016;0.2508;Waterschap Rivierenland;113;71;Overbetuwe;Arnhem/Nijmegen;;GM1734;;;;GM1734;;;;GM1734;;;False;False;False;51.88383581723098;5.785215861655078;WarmteAtlas:AquathermieRioolGemalen;;;
448;48;Gelderland;6;19;16;RG Heteren;668;668;0;Rivierenland;11.169;5.58448;Waterschap Rivierenland;2503;1573;Overbetuwe;Arnhem/Nijmegen;;GM1734;;;;GM1734;;;;GM1734;;;False;False;False;51.96063978390084;5.762962184421132;WarmteAtlas:AquathermieRioolGemalen;;;
450;56;Gelderland;4;22;11;RG Zetten;923;923;0;Rivierenland;15.4326;3.85814;Waterschap Rivierenland;2373;1087;Overbetuwe;Arnhem/Nijmegen;;GM1734;;;;GM1734;;;;GM1734;;;False;False;False;51.93515889749673;5.711175957909744;WarmteAtlas:AquathermieRioolGemalen;;;
473;70;Gelderland;9;28;23;RG Kesteren;958;958;0;Rivierenland;16.0178;8.00888;Waterschap Rivierenland;3590;2256;Neder-Betuwe;Rivierenland (Fruitdelta);;GM1740;;;;GM1740;;;;GM1740;;;False;False;False;51.93775617641162;5.569982121778104;WarmteAtlas:AquathermieRioolGemalen;;;
474;7;Gelderland;1;3;2;RG Echteld;95;95;0;Rivierenland;1.5884;0.7942;Waterschap Rivierenland;356;224;Neder-Betuwe;Rivierenland (Fruitdelta);;GM1740;;;;GM1740;;;;GM1740;;;False;False;False;51.91158132488015;5.496313980762787;WarmteAtlas:AquathermieRioolGemalen;;;
475;8;Gelderland;1;3;2;RG IJzendoorn;105;105;0;Rivierenland;1.7556;0.8778;Waterschap Rivierenland;393;247;Neder-Betuwe;Rivierenland (Fruitdelta);;GM1740;;;;GM1740;;;;GM1740;;;False;False;False;51.907501575359454;5.532537393115738;WarmteAtlas:AquathermieRioolGemalen;;;
476;64;Gelderland;8;26;21;RG Ochten Houtkoperlaan;883;883;0;Rivierenland;14.7638;7.38188;Waterschap Rivierenland;3309;2079;Neder-Betuwe;Rivierenland (Fruitdelta);;GM1740;;;;GM1740;;;;GM1740;;;False;False;False;51.91067299472056;5.568616716889618;WarmteAtlas:AquathermieRioolGemalen;;;
477;7;Gelderland;1;3;2;RG Ochten De Heuning;99;99;0;Rivierenland;1.65528;0.82764;Waterschap Rivierenland;371;233;Neder-Betuwe;Rivierenland (Fruitdelta);;GM1740;;;;GM1740;;;;GM1740;;;False;False;False;51.9086178779141;5.549828585470158;WarmteAtlas:AquathermieRioolGemalen;;;
478;47;Gelderland;6;19;16;RG Dodewaard;643;643;0;Rivierenland;10.751;5.37548;Waterschap Rivierenland;2410;1514;Neder-Betuwe;Rivierenland (Fruitdelta);;GM1740;;;;GM1740;;;;GM1740;;;False;False;False;51.90929543259726;5.653578624624877;WarmteAtlas:AquathermieRioolGemalen;;;
479;40;Gelderland;3;16;8;RG Opheusden;671;671;0;Rivierenland;11.2191;2.80478;Waterschap Rivierenland;1725;790;Neder-Betuwe;Rivierenland (Fruitdelta);;GM1740;;;;GM1740;;;;GM1740;;;False;False;False;51.92685860263868;5.6358895503729975;WarmteAtlas:AquathermieRioolGemalen;;;
506;10;Gelderland;1;4;4;RG Opijnen;143;143;0;Rivierenland;2.39096;1.19548;Waterschap Rivierenland;536;337;Neerijnen;Rivierenland (Fruitdelta);;GM1960;;;;GM1960;;;;GM1960;;;False;False;False;51.82782690660036;5.3032365734423434;WarmteAtlas:AquathermieRioolGemalen;;;
507;31;Gelderland;4;12;10;RG Ophemert;427;427;0;Rivierenland;7.13944;3.56972;Waterschap Rivierenland;1601;1006;Neerijnen;Rivierenland (Fruitdelta);;GM1960;;;;GM1960;;;;GM1960;;;False;False;False;51.84444092611376;5.386232031958582;WarmteAtlas:AquathermieRioolGemalen;;;
508;4;Gelderland;1;2;2;RG Heesselt;61;61;0;Rivierenland;1.01992;0.50996;Waterschap Rivierenland;229;144;Neerijnen;Rivierenland (Fruitdelta);;GM1960;;;;GM1960;;;;GM1960;;;False;False;False;51.81504136525047;5.35197904302072;WarmteAtlas:AquathermieRioolGemalen;;;
509;10;Gelderland;1;4;3;RG Hellouw;135;135;0;Rivierenland;2.2572;1.1286;Waterschap Rivierenland;506;318;Neerijnen;Rivierenland (Fruitdelta);;GM1960;;;;GM1960;;;;GM1960;;;False;False;False;51.824580063875196;5.1761667319813505;WarmteAtlas:AquathermieRioolGemalen;;;
510;14;Gelderland;2;6;5;RG Varik;193;193;0;Rivierenland;3.22696;1.61348;Waterschap Rivierenland;724;455;Neerijnen;Rivierenland (Fruitdelta);;GM1960;;;;GM1960;;;;GM1960;;;False;False;False;51.82921783307169;5.3711827178217675;WarmteAtlas:AquathermieRioolGemalen;;;
511;9;Gelderland;1;4;3;RG Est;123;123;0;Rivierenland;2.05656;1.02828;Waterschap Rivierenland;461;290;Neerijnen;Rivierenland (Fruitdelta);;GM1960;;;;GM1960;;;;GM1960;;;False;False;False;51.85559205870016;5.313904783424446;WarmteAtlas:AquathermieRioolGemalen;;;
512;27;Gelderland;4;11;9;RG Haaften;367;367;0;Rivierenland;6.13624;3.06812;Waterschap Rivierenland;1375;864;Neerijnen;Rivierenland (Fruitdelta);;GM1960;;;;GM1960;;;;GM1960;;;False;False;False;51.81624188192717;5.208202011684886;WarmteAtlas:AquathermieRioolGemalen;;;
513;37;Gelderland;5;15;12;RG Waardenburg;511;511;0;Rivierenland;8.54392;4.27196;Waterschap Rivierenland;1915;1203;Neerijnen;Rivierenland (Fruitdelta);;GM1960;;;;GM1960;;;;GM1960;;;False;False;False;51.83081541661306;5.254956188680764;WarmteAtlas:AquathermieRioolGemalen;;;
514;9;Gelderland;1;4;3;RG Tuil;122;122;0;Rivierenland;2.03984;1.01992;Waterschap Rivierenland;457;287;Neerijnen;Rivierenland (Fruitdelta);;GM1960;;;;GM1960;;;;GM1960;;;False;False;False;51.82236530348658;5.240153354728612;WarmteAtlas:AquathermieRioolGemalen;;;
542;9;Utrecht;1;4;3;RG Hei- en Boeicop;129;129;0;Rivierenland;2.15688;1.07844;Waterschap Rivierenland;484;304;Zederik;U10/U16;;GM1961;;;;GM1961;;;;GM1961;;;False;False;False;51.94285568864537;5.081426735934491;WarmteAtlas:AquathermieRioolGemalen;;;
543;26;Utrecht;4;10;9;RG Lexmond;359;359;0;Rivierenland;6.00248;3.00124;Waterschap Rivierenland;1345;845;Zederik;U10/U16;;GM1961;;;;GM1961;;;;GM1961;;;False;False;False;51.961283514147745;5.035438500033439;WarmteAtlas:AquathermieRioolGemalen;;;
544;25;Utrecht;3;10;8;RG Nieuwland;341;341;0;Rivierenland;5.70152;2.85076;Waterschap Rivierenland;1278;803;Zederik;U10/U16;;GM1961;;;;GM1961;;;;GM1961;;;False;False;False;51.903881125458014;5.011941689330557;WarmteAtlas:AquathermieRioolGemalen;;;
545;41;Utrecht;6;16;14;RG Ameide;570;570;0;Rivierenland;9.5304;4.7652;Waterschap Rivierenland;2136;1342;Zederik;U10/U16;;GM1961;;;;GM1961;;;;GM1961;;;False;False;False;51.9565003535403;4.95987301768437;WarmteAtlas:AquathermieRioolGemalen;;;
546;38;Utrecht;3;15;8;RG Meerkerk;637;637;0;Rivierenland;10.6506;2.66266;Waterschap Rivierenland;1637;750;Zederik;U10/U16;;GM1961;;;;GM1961;;;;GM1961;;;False;False;False;51.91731612028749;4.989612787852103;WarmteAtlas:AquathermieRioolGemalen;;;
547;0;Utrecht;0;0;0;RG Leerbroek;0;0;0;Rivierenland;0.0;0.0;Waterschap Rivierenland;0;0;Zederik;U10/U16;;GM1961;;;;GM1961;;;;GM1961;;;False;False;False;51.91009346079348;5.051913341455221;WarmteAtlas:AquathermieRioolGemalen;;;
548;10;Utrecht;1;4;3;RG Everdingen Huibertlaan;133;133;0;Rivierenland;2.22376;1.11188;Waterschap Rivierenland;498;313;Vianen;U10/U16;;GM1961;;;;GM1961;;;;GM1961;;;False;False;False;51.965034391755246;5.154412939695471;WarmteAtlas:AquathermieRioolGemalen;;;
549;0;Utrecht;0;0;0;RG Everdingen Tienhovenseweg;0;0;0;Rivierenland;0.0;0.0;Waterschap Rivierenland;0;0;Vianen;U10/U16;;GM1961;;;;GM1961;;;;GM1961;;;False;False;False;51.9598749948869;5.141774404518717;WarmteAtlas:AquathermieRioolGemalen;;;
550;8;Utrecht;1;3;2;RG Zijderveld;107;107;0;Rivierenland;1.78904;0.89452;Waterschap Rivierenland;401;252;Vianen;U10/U16;;GM1961;;;;GM1961;;;;GM1961;;;False;False;False;51.94240135976615;5.13788152112149;WarmteAtlas:AquathermieRioolGemalen;;;
551;107;Utrecht;14;43;36;RG Hagestein;1479;1479;0;Rivierenland;24.7289;12.3644;Waterschap Rivierenland;5543;3483;Vianen;U10/U16;;GM1961;;;;GM1961;;;;GM1961;;;False;False;False;51.97674742608682;5.123952236881899;WarmteAtlas:AquathermieRioolGemalen;;;
552;0;Utrecht;0;0;0;RG Vianen de Limiet;0;0;0;Rivierenland;0.0;0.0;Waterschap Rivierenland;0;0;Vianen;U10/U16;;GM1961;;;;GM1961;;;;GM1961;;;False;False;False;51.980150940052695;5.094129587387005;WarmteAtlas:AquathermieRioolGemalen;;;
553;59;Utrecht;5;24;12;RG Vianen de Hagen;972;972;0;Rivierenland;16.2518;4.06296;Waterschap Rivierenland;2499;1145;Vianen;U10/U16;;GM1961;;;;GM1961;;;;GM1961;;;False;False;False;51.99640729798128;5.098701483626623;WarmteAtlas:AquathermieRioolGemalen;;;
554;7;Utrecht;1;3;2;RG Kedichem;101;101;0;Rivierenland;1.68872;0.84436;Waterschap Rivierenland;379;238;Leerdam;U10/U16;;GM1961;;;;GM1961;;;;GM1961;;;False;False;False;51.86244098743453;5.045721761616025;WarmteAtlas:AquathermieRioolGemalen;;;
555;14;Utrecht;2;6;5;RG Schoonrewoerd Overheicop;199;199;0;Rivierenland;3.32728;1.66364;Waterschap Rivierenland;746;469;Leerdam;U10/U16;;GM1961;;;;GM1961;;;;GM1961;;;False;False;False;51.922640450903465;5.112187271985771;WarmteAtlas:AquathermieRioolGemalen;;;
556;0;Utrecht;0;0;0;RG Schoonrewoerd Steenovenweg;0;0;0;Rivierenland;0.0;0.0;Waterschap Rivierenland;0;0;Leerdam;U10/U16;;GM1961;;;;GM1961;;;;GM1961;;;False;False;False;51.925069298551904;5.119445985753309;WarmteAtlas:AquathermieRioolGemalen;;;
557;0;Utrecht;0;0;0;RG RWZI Leerdam;0;0;0;Rivierenland;0.0;0.0;Waterschap Rivierenland;0;0;Leerdam;U10/U16;;GM1961;;;;GM1961;;;;GM1961;;;False;False;False;51.88923336555516;5.088490849176982;WarmteAtlas:AquathermieRioolGemalen;;;
558;30;Noord-Brabant;4;12;10;RG Dussen Vrijheidsplein;421;421;0;Rivierenland;7.03912;3.51956;Waterschap Rivierenland;1577;991;Werkendam;West-Brabant;;GM1959;;;;GM1959;;;;GM1959;;;False;False;False;51.73024926920819;4.96155678690029;WarmteAtlas:AquathermieRioolGemalen;;;
559;41;Noord-Brabant;6;16;14;RG Hank;565;565;0;Rivierenland;9.4468;4.7234;Waterschap Rivierenland;2118;1331;Werkendam;West-Brabant;;GM1959;;;;GM1959;;;;GM1959;;;False;False;False;51.731420249239704;4.897253550868399;WarmteAtlas:AquathermieRioolGemalen;;;
560;55;Noord-Brabant;7;22;18;RG Sleeuwijk;757;757;0;Rivierenland;12.657;6.32852;Waterschap Rivierenland;2837;1783;Werkendam;West-Brabant;;GM1959;;;;GM1959;;;;GM1959;;;False;False;False;51.81988175206533;4.9481879096419386;WarmteAtlas:AquathermieRioolGemalen;;;
561;34;Noord-Brabant;4;14;11;RG Nieuwendijk;466;466;0;Rivierenland;7.79152;3.89576;Waterschap Rivierenland;1746;1097;Werkendam;West-Brabant;;GM1959;;;;GM1959;;;;GM1959;;;False;False;False;51.778196472725924;4.923985467571219;WarmteAtlas:AquathermieRioolGemalen;;;
562;114;Noord-Brabant;15;46;38;RG Werkendam;1570;1570;0;Rivierenland;26.2504;13.1252;Waterschap Rivierenland;5884;3697;Werkendam;West-Brabant;;GM1959;;;;GM1959;;;;GM1959;;;False;False;False;51.808683349453474;4.894277439110827;WarmteAtlas:AquathermieRioolGemalen;;;
563;22;Noord-Brabant;3;9;7;RG Rijswijk (NB);303;303;0;Rivierenland;5.06616;2.53308;Waterschap Rivierenland;1136;714;Woudrichem;West-Brabant;;GM1959;;;;GM1959;;;;GM1959;;;False;False;False;51.79827759717333;5.021292676175788;WarmteAtlas:AquathermieRioolGemalen;;;
564;6;Noord-Brabant;1;2;2;RG Uitwijk;83;83;0;Rivierenland;1.38776;0.69388;Waterschap Rivierenland;311;195;Woudrichem;West-Brabant;;GM1959;;;;GM1959;;;;GM1959;;;False;False;False;51.78832215018334;5.006304494224518;WarmteAtlas:AquathermieRioolGemalen;;;
565;61;Noord-Brabant;8;24;20;RG Giessen;836;836;0;Rivierenland;13.9779;6.98896;Waterschap Rivierenland;3133;1969;Woudrichem;West-Brabant;;GM1959;;;;GM1959;;;;GM1959;;;False;False;False;51.7936165715057;5.029575482266318;WarmteAtlas:AquathermieRioolGemalen;;;
566;36;Noord-Brabant;5;15;12;RG Almkerk;503;503;0;Rivierenland;8.41016;4.20508;Waterschap Rivierenland;1886;1185;Woudrichem;West-Brabant;;GM1959;;;;GM1959;;;;GM1959;;;False;False;False;51.77415612928397;4.958514711369774;WarmteAtlas:AquathermieRioolGemalen;;;
567;34;Noord-Brabant;4;13;11;RG Andel;463;463;0;Rivierenland;7.74136;3.87068;Waterschap Rivierenland;1735;1090;Woudrichem;West-Brabant;;GM1959;;;;GM1959;;;;GM1959;;;False;False;False;51.7802027874192;5.059873837830221;WarmteAtlas:AquathermieRioolGemalen;;;
568;44;Noord-Brabant;6;18;14;RG Woudrichem;604;604;0;Rivierenland;10.0989;5.04944;Waterschap Rivierenland;2263;1422;Woudrichem;West-Brabant;;GM1959;;;;GM1959;;;;GM1959;;;False;False;False;51.810521093371925;4.996578563351806;WarmteAtlas:AquathermieRioolGemalen;;;
569;17;Noord-Brabant;2;7;6;RG Genderen;233;233;0;Rivierenland;3.89576;1.94788;Waterschap Rivierenland;874;549;Aalburg;West-Brabant;;GM1959;;;;GM1959;;;;GM1959;;;False;False;False;51.7335944543481;5.087358866201959;WarmteAtlas:AquathermieRioolGemalen;;;
570;28;Noord-Brabant;4;11;9;RG Veen;381;381;0;Rivierenland;6.37032;3.18516;Waterschap Rivierenland;1428;897;Aalburg;West-Brabant;;GM1959;;;;GM1959;;;;GM1959;;;False;False;False;51.774834725295115;5.102293517910083;WarmteAtlas:AquathermieRioolGemalen;;;
571;9;Noord-Brabant;1;4;3;RG Meeuwen;123;123;0;Rivierenland;2.05656;1.02828;Waterschap Rivierenland;461;290;Aalburg;West-Brabant;;GM1959;;;;GM1959;;;;GM1959;;;False;False;False;51.727994546694134;5.017361723561306;WarmteAtlas:AquathermieRioolGemalen;;;
572;2;Noord-Brabant;0;1;0;RG Drongelen;31;31;0;Rivierenland;0.51832;0.12958;Waterschap Rivierenland;80;37;Aalburg;West-Brabant;;GM1959;;;;GM1959;;;;GM1959;;;False;False;False;51.717751860334616;5.055266254101821;WarmteAtlas:AquathermieRioolGemalen;;;
573;5;Noord-Brabant;0;2;1;RG Eethen Nieuwe Steeg;88;88;0;Rivierenland;1.47136;0.36784;Waterschap Rivierenland;227;104;Aalburg;West-Brabant;;GM1959;;;;GM1959;;;;GM1959;;;False;False;False;51.73022141251566;5.05679800336523;WarmteAtlas:AquathermieRioolGemalen;;;
574;0;Noord-Brabant;0;0;0;RG RWZI Aalburg;0;0;0;Rivierenland;0.0;0.0;Waterschap Rivierenland;0;0;Aalburg;West-Brabant;;GM1959;;;;GM1959;;;;GM1959;;;False;False;False;51.75393151724615;5.1223488866917;WarmteAtlas:AquathermieRioolGemalen;;;
575;39;Zuid-Holland;5;16;13;RG Arkel;533;533;0;Rivierenland;8.91176;4.45588;Waterschap Rivierenland;1997;1255;Giessenlanden;Alblasserwaard;;GM1978;;;;GM1978;;;;GM1978;;;False;False;False;51.86426649535588;4.992311328385732;WarmteAtlas:AquathermieRioolGemalen;;;
576;12;Zuid-Holland;2;5;4;RG Giessenburg Dijkstraat;167;167;0;Rivierenland;2.79224;1.39612;Waterschap Rivierenland;626;393;Giessenlanden;Alblasserwaard;;GM1978;;;;GM1978;;;;GM1978;;;False;False;False;51.84122645144364;4.866424006281081;WarmteAtlas:AquathermieRioolGemalen;;;
577;15;Zuid-Holland;2;6;5;RG Noordeloos;204;204;0;Rivierenland;3.41088;1.70544;Waterschap Rivierenland;764;480;Giessenlanden;Alblasserwaard;;GM1978;;;;GM1978;;;;GM1978;;;False;False;False;51.90601357908733;4.940569199800918;WarmteAtlas:AquathermieRioolGemalen;;;
578;36;Zuid-Holland;5;14;12;RG Giessenburg Stolberglaan;490;490;0;Rivierenland;8.1928;4.0964;Waterschap Rivierenland;1836;1154;Giessenlanden;Alblasserwaard;;GM1978;;;;GM1978;;;;GM1978;;;False;False;False;51.84880597430081;4.892360622004137;WarmteAtlas:AquathermieRioolGemalen;;;
579;18;Zuid-Holland;2;7;6;RG Hoornaar;245;245;0;Rivierenland;4.0964;2.0482;Waterschap Rivierenland;918;577;Giessenlanden;Alblasserwaard;;GM1978;;;;GM1978;;;;GM1978;;;False;False;False;51.875295046593635;4.948741604597598;WarmteAtlas:AquathermieRioolGemalen;;;
580;20;Zuid-Holland;3;8;6;RG Hoogblokland;267;267;0;Rivierenland;4.46424;2.23212;Waterschap Rivierenland;1001;629;Giessenlanden;Alblasserwaard;;GM1978;;;;GM1978;;;;GM1978;;;False;False;False;51.87609313464031;4.974037534422022;WarmteAtlas:AquathermieRioolGemalen;;;
581;2;Zuid-Holland;0;1;0;RG Schelluinen West;21;21;0;Rivierenland;0.35112;0.17556;Waterschap Rivierenland;78;49;Giessenlanden;Alblasserwaard;;GM1978;;;;GM1978;;;;GM1978;;;False;False;False;51.84339894646536;4.911208028159118;WarmteAtlas:AquathermieRioolGemalen;;;
582;14;Zuid-Holland;1;6;3;RG Schelluinen Snouckstraat;228;228;0;Rivierenland;3.81216;0.95304;Waterschap Rivierenland;586;268;Giessenlanden;Alblasserwaard;;GM1978;;;;GM1978;;;;GM1978;;;False;False;False;51.84213955445541;4.929740300728496;WarmteAtlas:AquathermieRioolGemalen;;;
590;30;Zuid-Holland;4;12;10;RG Langerak;405;405;0;Rivierenland;6.7716;3.3858;Waterschap Rivierenland;1518;954;Molenwaard;Alblasserwaard;;GM1978;2967.0;;;GM1978;2967.0;;;GM1978;2967.0;;False;False;False;51.92042612253314;4.878684453613431;WarmteAtlas:AquathermieRioolGemalen;;;
591;38;Zuid-Holland;5;15;13;RG Groot-Ammers;529;529;0;Rivierenland;8.84488;4.42244;Waterschap Rivierenland;1983;1246;Molenwaard;Alblasserwaard;;GM1978;2964.0;;;GM1978;2964.0;;;GM1978;2964.0;;False;False;False;51.92563855205779;4.8232659478164575;WarmteAtlas:AquathermieRioolGemalen;;;
592;108;Zuid-Holland;14;43;36;RG Nieuwpoort Sporthal;1486;1486;0;Rivierenland;24.8459;12.423;Waterschap Rivierenland;5570;3500;Molenwaard;Alblasserwaard;;GM1978;2965.0;;;GM1978;2965.0;;;GM1978;2965.0;;False;False;False;51.93007423210707;4.87433879834873;WarmteAtlas:AquathermieRioolGemalen;;;
593;6;Zuid-Holland;1;2;2;RG Wijngaarden;80;80;0;Rivierenland;1.3376;0.6688;Waterschap Rivierenland;299;188;Molenwaard;Alblasserwaard;;GM1978;;;;GM1978;;;;GM1978;;;False;False;False;51.8439970419339;4.7664551133169475;WarmteAtlas:AquathermieRioolGemalen;;;
594;29;Zuid-Holland;4;12;10;RG Streefkerk;395;395;0;Rivierenland;6.6044;3.3022;Waterschap Rivierenland;1480;930;Molenwaard;Alblasserwaard;;GM1978;2959.0;;;GM1978;2959.0;;;GM1978;2959.0;;False;False;False;51.90007698897295;4.7429969032694625;WarmteAtlas:AquathermieRioolGemalen;;;
595;22;Zuid-Holland;3;9;7;RG Oud-Alblas;304;304;0;Rivierenland;5.08288;2.54144;Waterschap Rivierenland;1139;716;Molenwaard;Alblasserwaard;;GM1978;2969.0;;;GM1978;2969.0;;;GM1978;2969.0;;False;False;False;51.85167891962378;4.707938959111629;WarmteAtlas:AquathermieRioolGemalen;;;
596;30;Zuid-Holland;4;12;10;RG Bleskensgraaf ca Koekoekspad;410;410;0;Rivierenland;6.8552;3.4276;Waterschap Rivierenland;1537;966;Molenwaard;Alblasserwaard;;GM1978;2971.0;;;GM1978;2971.0;;;GM1978;2971.0;;False;False;False;51.87536867530541;4.783066988219002;WarmteAtlas:AquathermieRioolGemalen;;;
597;122;Zuid-Holland;16;49;41;RG Bleskensgraaf ca Kweldamweg;1683;1683;0;Rivierenland;28.1398;14.0699;Waterschap Rivierenland;6307;3963;Molenwaard;Alblasserwaard;;GM1978;2971.0;;;GM1978;2971.0;;;GM1978;2971.0;;False;False;False;51.86081839614994;4.796533468959963;WarmteAtlas:AquathermieRioolGemalen;;;
598;0;Zuid-Holland;0;0;0;RG Molenaarsgraaf;0;0;0;Rivierenland;0.0;0.0;Waterschap Rivierenland;0;0;Molenwaard;Alblasserwaard;;GM1978;2973.0;;;GM1978;2973.0;;;GM1978;2973.0;;False;False;False;51.875246264051384;4.826461812773975;WarmteAtlas:AquathermieRioolGemalen;;;
599;2;Zuid-Holland;0;1;1;RG Ottoland;30;30;0;Rivierenland;0.5016;0.2508;Waterschap Rivierenland;113;71;Molenwaard;Alblasserwaard;;GM1978;2975.0;;;GM1978;2975.0;;;GM1978;2975.0;;False;False;False;51.89370902805719;4.875171418949793;WarmteAtlas:AquathermieRioolGemalen;;;
600;15;Zuid-Holland;2;6;5;RG Goudriaan;210;210;0;Rivierenland;3.5112;1.7556;Waterschap Rivierenland;787;495;Molenwaard;Alblasserwaard;;GM1978;2977.0;;;GM1978;2977.0;;;GM1978;2977.0;;False;False;False;51.903037025918145;4.8873429160140205;WarmteAtlas:AquathermieRioolGemalen;;;
601;0;Zuid-Holland;0;0;0;RG Nieuw-Lekkerland Gemeente;0;0;0;Rivierenland;0.0;0.0;Waterschap Rivierenland;0;0;Molenwaard;Alblasserwaard;;GM1978;2957.0;;;GM1978;2957.0;;;GM1978;2957.0;;False;False;False;51.88611867118076;4.67812718938356;WarmteAtlas:AquathermieRioolGemalen;;;
602;133;Zuid-Holland;18;53;44;RG Nieuw-Lekkerland Elzenweg;1828;1828;0;Rivierenland;30.5642;15.2821;Waterschap Rivierenland;6851;4305;Molenwaard;Alblasserwaard;;GM1978;2957.0;;;GM1978;2957.0;;;GM1978;2957.0;;False;False;False;51.88102914943876;4.67831893931473;WarmteAtlas:AquathermieRioolGemalen;;;
603;0;Zuid-Holland;0;0;0;RG Nieuw-Lekkerland Middengebied;0;0;0;Rivierenland;0.0;0.0;Waterschap Rivierenland;0;0;Molenwaard;Alblasserwaard;;GM1978;2957.0;;;GM1978;2957.0;;;GM1978;2957.0;;False;False;False;51.885276545713474;4.676003209173548;WarmteAtlas:AquathermieRioolGemalen;;;
604;0;Zuid-Holland;0;0;0;RG Nieuw-Lekkerland Arkelstraat;0;0;0;Rivierenland;0.0;0.0;Waterschap Rivierenland;0;0;Molenwaard;Alblasserwaard;;GM1978;2957.0;;;GM1978;2957.0;;;GM1978;2957.0;;False;False;False;51.88700739719901;4.689926707355223;WarmteAtlas:AquathermieRioolGemalen;;;
605;0;Zuid-Holland;0;0;0;RG Nieuw-Lekkerland Torenmolen;0;0;0;Rivierenland;0.0;0.0;Waterschap Rivierenland;0;0;Molenwaard;Alblasserwaard;;GM1978;2957.0;;;GM1978;2957.0;;;GM1978;2957.0;;False;False;False;51.8864032323087;4.685745885982293;WarmteAtlas:AquathermieRioolGemalen;;;
606;0;Zuid-Holland;0;0;0;RG Nieuw-Lekkerland Klipperstraat;0;0;0;Rivierenland;0.0;0.0;Waterschap Rivierenland;0;0;Molenwaard;Alblasserwaard;;GM1978;2957.0;;;GM1978;2957.0;;;GM1978;2957.0;;False;False;False;51.883920715187436;4.6664442688157015;WarmteAtlas:AquathermieRioolGemalen;;;
607;4;Zuid-Holland;0;2;1;RG Nieuwpoort Vesting;75;75;0;Rivierenland;1.254;0.3135;Waterschap Rivierenland;192;88;Molenwaard;Alblasserwaard;;GM1978;2965.0;;;GM1978;2965.0;;;GM1978;2965.0;;False;False;False;51.93335673319701;4.871294564230268;WarmteAtlas:AquathermieRioolGemalen;;;
611;104;Utrecht;14;42;35;Harmelen;1440;1440;1989;HDSR;24.0768;12.0384;Hoogheemraadschap De Stichtse Rijnlanden;5397;3391;Woerden;U10/U16;;GM0632;;;;GM0632;;;;GM0632;;;False;False;False;52.08791980098226;4.9628298430459825;WarmteAtlas:AquathermieRioolGemalen;;;
612;34;Utrecht;4;14;11;Zegveld;468;468;1999;HDSR;7.82496;3.91248;Hoogheemraadschap De Stichtse Rijnlanden;1754;1102;Woerden;U10/U16;;GM0632;;;;GM0632;;;;GM0632;;;False;False;False;52.11259525953214;4.833892735918506;WarmteAtlas:AquathermieRioolGemalen;;;
613;34;Utrecht;4;14;11;Kamerik;468;468;1977;HDSR;7.82496;3.91248;Hoogheemraadschap De Stichtse Rijnlanden;1754;1102;Woerden;U10/U16;;GM0632;;;;GM0632;;;;GM0632;;;False;False;False;52.111364965147956;4.892124650678416;WarmteAtlas:AquathermieRioolGemalen;;;
618;0;Utrecht;0;0;0;Amerongen;0;0;1978;HDSR;0.0;0.0;Hoogheemraadschap De Stichtse Rijnlanden;0;0;Utrechtse Heuvelrug;U10/U16;;GM1581;;;;GM1581;;;;GM1581;;;False;False;False;51.99626072579313;5.455722955551317;WarmteAtlas:AquathermieRioolGemalen;;;
619;0;Utrecht;0;0;0;Hertenkamp;0;0;1969;HDSR;0.0;0.0;Hoogheemraadschap De Stichtse Rijnlanden;0;0;Utrechtse Heuvelrug;U10/U16;;GM1581;;;;GM1581;;;;GM1581;;;False;False;False;52.0630395528313;5.263737707792915;WarmteAtlas:AquathermieRioolGemalen;;;
620;56;Utrecht;7;22;18;Leersum;768;768;1993;HDSR;12.841;6.42048;Hoogheemraadschap De Stichtse Rijnlanden;2879;1809;Utrechtse Heuvelrug;U10/U16;;GM1581;;;;GM1581;;;;GM1581;;;False;False;False;52.00590649368051;5.426657974744351;WarmteAtlas:AquathermieRioolGemalen;;;
621;72;Utrecht;10;29;24;Doorn;984;984;1996;HDSR;16.4525;8.22624;Hoogheemraadschap De Stichtse Rijnlanden;3687;2317;Utrechtse Heuvelrug;U10/U16;;GM1581;;;;GM1581;;;;GM1581;;;False;False;False;52.03473847933261;5.31561518306603;WarmteAtlas:AquathermieRioolGemalen;;;
622;30;Utrecht;4;12;10;Kockengen;420;420;1976;HDSR;7.0224;3.5112;Hoogheemraadschap De Stichtse Rijnlanden;1574;989;Stichtse Vecht;U10/U16;;GM1904;;;;GM1904;;;;GM1904;;;False;False;False;52.14929959978104;4.95340872046039;WarmteAtlas:AquathermieRioolGemalen;;;
623;0;Utrecht;0;0;0;Oud Zuilen;0;0;1984;HDSR;0.0;0.0;Hoogheemraadschap De Stichtse Rijnlanden;0;0;Stichtse Vecht;U10/U16;;GM1904;;;;GM1904;;;;GM1904;;;False;False;False;52.12756309454968;5.06928436818616;WarmteAtlas:AquathermieRioolGemalen;;;
624;6;Utrecht;0;3;1;Broekdijk;108;108;1975;HDSR;1.80576;0.45144;Hoogheemraadschap De Stichtse Rijnlanden;277;127;Stichtse Vecht;U10/U16;;GM1904;;;;GM1904;;;;GM1904;;;False;False;False;52.16941291747911;4.993456189298159;WarmteAtlas:AquathermieRioolGemalen;;;
652;401;Utrecht;32;160;80;Nieuwegein;6636;6636;1972;HDSR;110.954;27.7385;Hoogheemraadschap De Stichtse Rijnlanden;17056;7814;Nieuwegein;U10/U16;;GM0356;;;;GM0356;;;;GM0356;;;False;False;False;52.007683677877495;5.076045418009692;WarmteAtlas:AquathermieRioolGemalen;;;
653;4;Utrecht;0;1;1;Oud Londen;48;48;1971;HDSR;0.80256;0.40128;Hoogheemraadschap De Stichtse Rijnlanden;180;113;Zeist;U10/U16;;GM0355;;;;GM0355;;;;GM0355;;;False;False;False;52.0901111267428;5.285856495850606;WarmteAtlas:AquathermieRioolGemalen;;;
654;8;Utrecht;1;3;2;Austerlitz;108;108;1971;HDSR;1.80576;0.90288;Hoogheemraadschap De Stichtse Rijnlanden;404;254;Zeist;U10/U16;;GM0355;;;;GM0355;;;;GM0355;;;False;False;False;52.08012056004827;5.310717985246209;WarmteAtlas:AquathermieRioolGemalen;;;
655;174;Utrecht;14;70;35;Noordweg;2880;2880;1983;HDSR;48.1536;12.0384;Hoogheemraadschap De Stichtse Rijnlanden;7402;3391;Zeist;U10/U16;;GM0355;;;;GM0355;;;;GM0355;;;False;False;False;52.08951826026299;5.21437630586351;WarmteAtlas:AquathermieRioolGemalen;;;
656;143;Utrecht;11;57;28;Phillips van Bourgondielaan;2364;2364;1956;HDSR;39.5261;9.88152;Hoogheemraadschap De Stichtse Rijnlanden;6077;2784;Zeist;U10/U16;;GM0355;;;;GM0355;;;;GM0355;;;False;False;False;52.081909931775975;5.220444876524626;WarmteAtlas:AquathermieRioolGemalen;;;
661;141;Utrecht;19;56;47;IJsselstein;1944;1944;1985;HDSR;32.5037;16.2518;Hoogheemraadschap De Stichtse Rijnlanden;7286;4578;IJsselstein;U10/U16;;GM0353;;;;GM0353;;;;GM0353;;;False;False;False;52.02417135195531;5.044028698440119;WarmteAtlas:AquathermieRioolGemalen;;;
662;73;Zuid-Holland;10;29;24;AWTG Bodegraven Willem de Zwijgerstraat;1008;1008;2003;Rijnland;16.8538;8.42688;Hoogheemraadschap van Rijnland;3778;2374;Bodegraven-Reeuwijk;Midden-Holland;;GM1901;2411.0;;;GM1901;2411.0;;;GM1901;2411.0;;False;False;False;52.089283035168386;4.751022146529897;WarmteAtlas:AquathermieRioolGemalen;;;
663;55;Zuid-Holland;7;22;18;AWTG Bodegraven Willem de Zwijgerstraat;756;756;2003;Rijnland;12.6403;6.32016;Hoogheemraadschap van Rijnland;2833;1780;Bodegraven-Reeuwijk;Midden-Holland;;GM1901;2411.0;;;GM1901;2411.0;;;GM1901;2411.0;;False;False;False;52.089283035168386;4.751022146529897;WarmteAtlas:AquathermieRioolGemalen;;;
664;12;Zuid-Holland;2;5;4;Waarder;168;168;1981;HDSR;2.80896;1.40448;Hoogheemraadschap De Stichtse Rijnlanden;630;396;Bodegraven-Reeuwijk;Midden-Holland;;GM1901;;;;GM1901;;;;GM1901;;;False;False;False;52.0593475847975;4.825086721014142;WarmteAtlas:AquathermieRioolGemalen;;;
665;15;Zuid-Holland;2;6;5;Driebruggen;204;204;1984;HDSR;3.41088;1.70544;Hoogheemraadschap De Stichtse Rijnlanden;764;480;Bodegraven-Reeuwijk;Midden-Holland;;GM1901;;;;GM1901;;;;GM1901;;;False;False;False;52.046056478599006;4.805976699773077;WarmteAtlas:AquathermieRioolGemalen;;;
666;14;Zuid-Holland;2;6;5;Nieuwerbrug;192;192;1980;HDSR;3.21024;1.60512;Hoogheemraadschap De Stichtse Rijnlanden;719;452;Bodegraven-Reeuwijk;Midden-Holland;;GM1901;2415.0;;;GM1901;2415.0;;;GM1901;2415.0;;False;False;False;52.07526342558819;4.8198551473907125;WarmteAtlas:AquathermieRioolGemalen;;;
669;477;Zuid-Holland;64;191;159;Rg De Lier;6576;6576;1979;HH Delfland;109.951;54.9754;Hoogheemraadschap van Delfland;24646;15487;Westland;Rotterdam-Den Haag;;GM1783;2678.0;;;GM1783;2678.0;;;GM1783;2678.0;;False;False;False;51.97234784941632;4.254845889279859;WarmteAtlas:AquathermieRioolGemalen;;;
670;164;Zuid-Holland;22;66;54;Rg Honselersdijk;2256;2256;0;HH Delfland;37.7203;18.8602;Hoogheemraadschap van Delfland;8455;5313;Westland;Rotterdam-Den Haag;;GM1783;2675.0;;;GM1783;2675.0;;;GM1783;2675.0;;False;False;False;52.00683447768542;4.226163118815708;WarmteAtlas:AquathermieRioolGemalen;;;
671;94;Zuid-Holland;12;38;31;Rg Maasdijk;1296;1296;0;HH Delfland;21.6691;10.8346;Hoogheemraadschap van Delfland;4857;3052;Westland;Rotterdam-Den Haag;;GM1783;2676.0;;;GM1783;2676.0;;;GM1783;2676.0;;False;False;False;51.96186844073305;4.214734303505989;WarmteAtlas:AquathermieRioolGemalen;;;
672;544;Zuid-Holland;73;218;182;Rg Naaldwijk;7504;7504;0;HH Delfland;125.467;62.7334;Hoogheemraadschap van Delfland;28123;17672;Westland;Rotterdam-Den Haag;;GM1783;2671.0;;;GM1783;2671.0;;;GM1783;2671.0;;False;False;False;51.99867774210651;4.211586822007482;WarmteAtlas:AquathermieRioolGemalen;;;
673;356;Zuid-Holland;47;142;118;Rg Monster;4900;4900;0;HH Delfland;81.928;40.964;Hoogheemraadschap van Delfland;18365;11540;Westland;Rotterdam-Den Haag;;GM1783;2681.0;;;GM1783;2681.0;;;GM1783;2681.0;;False;False;False;52.03447763636525;4.18316933001529;WarmteAtlas:AquathermieRioolGemalen;;;
674;27;Zuid-Holland;4;11;9;Rg Heenweg;368;368;0;HH Delfland;6.15296;3.07648;Hoogheemraadschap van Delfland;1380;867;Westland;Rotterdam-Den Haag;;GM1783;2691.0;;;GM1783;2691.0;;;GM1783;2691.0;;False;False;False;51.98363292434636;4.182555158315768;WarmteAtlas:AquathermieRioolGemalen;;;
675;24;Zuid-Holland;3;10;8;Rg Groeneweg;336;336;0;HH Delfland;5.61792;2.80896;Hoogheemraadschap van Delfland;1259;791;Westland;Rotterdam-Den Haag;;GM1783;2691.0;;;GM1783;2691.0;;;GM1783;2691.0;;False;False;False;51.981376811910316;4.196859312499902;WarmteAtlas:AquathermieRioolGemalen;;;
676;180;Zuid-Holland;24;72;60;Rg Staelduinen;2480;2480;0;HH Delfland;41.4656;20.7328;Hoogheemraadschap van Delfland;9294;5840;Westland;Rotterdam-Den Haag;;GM1783;2691.0;;;GM1783;2691.0;;;GM1783;2691.0;;False;False;False;51.96632632423877;4.190311181174679;WarmteAtlas:AquathermieRioolGemalen;;;
677;1190;Zuid-Holland;159;476;397;Rg s-Gravenzande;16400;16400;0;HH Delfland;274.208;137.104;Hoogheemraadschap van Delfland;61464;38622;Westland;Rotterdam-Den Haag;;GM1783;2691.0;;;GM1783;2691.0;;;GM1783;2691.0;;False;False;False;51.99253199879586;4.169264922540502;WarmteAtlas:AquathermieRioolGemalen;;;
678;134;Zuid-Holland;18;53;44;Rg Naaldwijk Zuid;1840;1840;0;HH Delfland;30.7648;15.3824;Hoogheemraadschap van Delfland;6896;4333;Westland;Rotterdam-Den Haag;;GM1783;2671.0;;;GM1783;2671.0;;;GM1783;2671.0;;False;False;False;51.98624133400265;4.2076132288021695;WarmteAtlas:AquathermieRioolGemalen;;;
679;602;Zuid-Holland;80;241;201;Rg Molenweide/ Rg Maasland;8304;8304;0;HH Delfland;138.843;69.4214;Hoogheemraadschap van Delfland;31122;19556;Midden-Delfland;Rotterdam-Den Haag;;GM1842;3155.0;;;GM1842;3155.0;;;GM1842;3155.0;;False;False;False;51.940450005707206;4.26945641885436;WarmteAtlas:AquathermieRioolGemalen;;;
680;42;Zuid-Holland;3;17;8;Rg Lookwatering;700;700;0;HH Delfland;11.704;2.926;Hoogheemraadschap van Delfland;1799;824;Midden-Delfland;Rotterdam-Den Haag;;GM1842;2635.0;;;GM1842;2635.0;;;GM1842;2635.0;;False;False;False;52.009912990424276;4.318485076952841;WarmteAtlas:AquathermieRioolGemalen;;;
683;370;Zuid-Holland;49;148;123;Rg Berkel;5100;5100;0;HH Delfland;85.272;42.636;Hoogheemraadschap van Delfland;19114;12011;Lansingerland;Rotterdam-Den Haag;;GM1621;2652.0;;;GM1621;2652.0;;;GM1621;2652.0;;False;False;False;51.98605454817508;4.462037533920077;WarmteAtlas:AquathermieRioolGemalen;;;
699;2292;Zuid-Holland;306;917;764;Rg Bijdorp/Rg Schiedam;31584;31584;0;HH Delfland;528.084;264.042;Hoogheemraadschap van Delfland;118370;74381;Schiedam;Rotterdam-Den Haag;;GM0606;3119.0;;;GM0606;3119.0;;;GM0606;3119.0;;False;False;False;51.92424378598063;4.3811759092294045;WarmteAtlas:AquathermieRioolGemalen;;;
700;138;Zuid-Holland;18;55;46;Rg Nootdorp;1900;1900;0;HH Delfland;31.768;15.884;Hoogheemraadschap van Delfland;7121;4475;Pijnacker-Nootdorp;Rotterdam-Den Haag;;GM1926;2631.0;;;GM1926;2631.0;;;GM1926;2631.0;;False;False;False;52.04736422694627;4.403919301102159;WarmteAtlas:AquathermieRioolGemalen;;;
704;0;Zuid-Holland;0;0;0;AWTG Het Beijersche;0;0;0;Rijnland;0.0;0.0;Hoogheemraadschap van Rijnland;0;0;Krimpenerwaard;Midden-Holland;;GM1931;2821.0;;;GM1931;2821.0;;;GM1931;2821.0;;False;False;False;51.98221821874362;4.716003531813134;WarmteAtlas:AquathermieRioolGemalen;;;
705;0;Zuid-Holland;0;0;0;AWTG Gouderak;0;0;0;Rijnland;0.0;0.0;Hoogheemraadschap van Rijnland;0;0;Krimpenerwaard;Midden-Holland;;GM1931;2831.0;;;GM1931;2831.0;;;GM1931;2831.0;;False;False;False;51.98439554250035;4.675153336159332;WarmteAtlas:AquathermieRioolGemalen;;;
706;0;Zuid-Holland;0;0;0;RG Schoonhoven Gemeente;0;0;0;Rivierenland;0.0;0.0;Waterschap Rivierenland;0;0;Krimpenerwaard;Midden-Holland;;GM1931;2871.0;;;GM1931;2871.0;;;GM1931;2871.0;;False;False;False;51.943535895214325;4.847412878625335;WarmteAtlas:AquathermieRioolGemalen;;;
707;204;Zuid-Holland;27;81;68;Rioolgemaal Lekkerkerk;2803;2803;0;HHSK;46.8662;23.4331;Hoogheemraadschap van Schieland en de Krimpenerwaard;10505;6601;Krimpenerwaard;Midden-Holland;;GM1931;2941.0;;;GM1931;2941.0;;;GM1931;2941.0;;False;False;False;51.89422723472315;4.674226376213868;WarmteAtlas:AquathermieRioolGemalen;;;
708;156;Zuid-Holland;21;62;52;Rioolgemaal Krimpen aan de Lek;2149;2149;0;HHSK;35.9313;17.9656;Hoogheemraadschap van Schieland en de Krimpenerwaard;8054;5061;Krimpenerwaard;Midden-Holland;;GM1931;2931.0;;;GM1931;2931.0;;;GM1931;2931.0;;False;False;False;51.895158279595485;4.628067832816463;WarmteAtlas:AquathermieRioolGemalen;;;
709;301;Zuid-Holland;40;120;100;Rioolgemaal Schoonhoven;4152;4152;0;HHSK;69.4214;34.7107;Hoogheemraadschap van Schieland en de Krimpenerwaard;15561;9778;Krimpenerwaard;Midden-Holland;;GM1931;2871.0;;;GM1931;2871.0;;;GM1931;2871.0;;False;False;False;51.94353811729892;4.847391763208762;WarmteAtlas:AquathermieRioolGemalen;;;
710;8;Zuid-Holland;1;3;3;Rioolgemaal Beijersche;117;117;0;HHSK;1.95624;0.97812;Hoogheemraadschap van Schieland en de Krimpenerwaard;439;276;Krimpenerwaard;Midden-Holland;;GM1931;2821.0;;;GM1931;2821.0;;;GM1931;2821.0;;False;False;False;51.98222678706578;4.715997639195474;WarmteAtlas:AquathermieRioolGemalen;;;
711;23;Zuid-Holland;3;9;8;Rioolgemaal Clausstraat;322;322;0;HHSK;5.38384;2.69192;Hoogheemraadschap van Schieland en de Krimpenerwaard;1206;758;Krimpenerwaard;Midden-Holland;;GM1931;2825.0;;;GM1931;2825.0;;;GM1931;2825.0;;False;False;False;51.946872148007294;4.705771074617623;WarmteAtlas:AquathermieRioolGemalen;;;
712;49;Zuid-Holland;6;20;16;Rioolgemaal Gouderak;675;675;0;HHSK;11.286;5.643;Hoogheemraadschap van Schieland en de Krimpenerwaard;2530;1590;Krimpenerwaard;Midden-Holland;;GM1931;2831.0;;;GM1931;2831.0;;;GM1931;2831.0;;False;False;False;51.984451809990844;4.6751235756902645;WarmteAtlas:AquathermieRioolGemalen;;;
713;103;Zuid-Holland;14;41;34;Rioolgemaal Ouderkerk a/d IJssel;1416;1416;0;HHSK;23.6755;11.8378;Hoogheemraadschap van Schieland en de Krimpenerwaard;5307;3335;Krimpenerwaard;Midden-Holland;;GM1931;2935.0;;;GM1931;2935.0;;;GM1931;2935.0;;False;False;False;51.93373460175396;4.641622117778925;WarmteAtlas:AquathermieRioolGemalen;;;
714;0;Zuid-Holland;0;0;0;AWTG Het Beijersche;0;0;0;Rijnland;0.0;0.0;Hoogheemraadschap van Rijnland;0;0;Krimpenerwaard;Midden-Holland;;GM1931;2821.0;;;GM1931;2821.0;;;GM1931;2821.0;;False;False;False;51.98221821874362;4.716003531813134;WarmteAtlas:AquathermieRioolGemalen;;;
715;0;Zuid-Holland;0;0;0;AWTG Gouderak;0;0;0;Rijnland;0.0;0.0;Hoogheemraadschap van Rijnland;0;0;Krimpenerwaard;Midden-Holland;;GM1931;2831.0;;;GM1931;2831.0;;;GM1931;2831.0;;False;False;False;51.98439554250035;4.675153336159332;WarmteAtlas:AquathermieRioolGemalen;;;
716;7;Zuid-Holland;1;3;2;Rioolgemaal Opweg;116;116;0;HHSK;1.93952;0.48488;Hoogheemraadschap van Schieland en de Krimpenerwaard;299;137;Krimpenerwaard;Midden-Holland;;GM1931;2825.0;;;GM1931;2825.0;;;GM1931;2825.0;;False;False;False;51.94366891655781;4.7180847475831325;WarmteAtlas:AquathermieRioolGemalen;;;
721;361;Zuid-Holland;48;144;120;Rioolgemaal Bergschenhoek;4973;4973;0;HHSK;83.1486;41.5743;Hoogheemraadschap van Schieland en de Krimpenerwaard;18637;11711;Lansingerland;Rotterdam-Den Haag;;GM1621;2661.0;;;GM1621;2661.0;;;GM1621;2661.0;;False;False;False;51.982405204760184;4.504380607332974;WarmteAtlas:AquathermieRioolGemalen;;;
724;20;Zuid-Holland;3;8;7;Rioolgemaal Distripark;283;283;0;HHSK;4.73176;2.36588;Hoogheemraadschap van Schieland en de Krimpenerwaard;1060;666;Waddinxveen;Midden-Holland;;GM0627;2742.0;;;GM0627;2742.0;;;GM0627;2742.0;;False;False;False;52.01894681142272;4.634951785931087;WarmteAtlas:AquathermieRioolGemalen;;;
725;0;Zuid-Holland;0;0;0;AWTG Rokkeveen;0;0;0;Rijnland;0.0;0.0;Hoogheemraadschap van Rijnland;0;0;Zoetermeer;Rotterdam-Den Haag;;GM0637;2712.0;;;GM0637;2712.0;;;GM0637;2712.0;;False;False;False;52.04665160916401;4.503607640083199;WarmteAtlas:AquathermieRioolGemalen;;;
726;0;Zuid-Holland;0;0;0;AWTG Rokkeveen;0;0;0;Rijnland;0.0;0.0;Hoogheemraadschap van Rijnland;0;0;Zoetermeer;Rotterdam-Den Haag;;GM0637;2712.0;;;GM0637;2712.0;;;GM0637;2712.0;;False;False;False;52.04665160916401;4.503607640083199;WarmteAtlas:AquathermieRioolGemalen;;;
729;669;Zuid-Holland;89;268;223;Rioolgemaal Zevenhuizen;9216;9216;0;HHSK;154.092;77.0458;Hoogheemraadschap van Schieland en de Krimpenerwaard;34540;21704;Zuidplas;Midden-Holland;;GM1892;2761.0;;;GM1892;2761.0;;;GM1892;2761.0;;False;False;False;52.00696279700362;4.586524756751012;WarmteAtlas:AquathermieRioolGemalen;;;
730;91;Zuid-Holland;12;36;30;Rioolgemaal Moerkapelle;1254;1254;0;HHSK;20.9669;10.4834;Hoogheemraadschap van Schieland en de Krimpenerwaard;4700;2953;Zuidplas;Midden-Holland;;GM1892;2751.0;;;GM1892;2751.0;;;GM1892;2751.0;;False;False;False;52.04287059184712;4.568054726496554;WarmteAtlas:AquathermieRioolGemalen;;;
731;276;Zuid-Holland;37;110;92;Rioolgemaal Emmahof;3806;3806;0;HHSK;63.6363;31.8182;Hoogheemraadschap van Schieland en de Krimpenerwaard;14264;8963;Zuidplas;Midden-Holland;;GM1892;2911.0;;;GM1892;2911.0;;;GM1892;2911.0;;False;False;False;51.9623010891474;4.613154459623641;WarmteAtlas:AquathermieRioolGemalen;;;
732;172;Zuid-Holland;14;69;34;Rioolgemaal Zuidplas;2848;2848;0;HHSK;47.6186;11.9046;Hoogheemraadschap van Schieland en de Krimpenerwaard;7321;3354;Zuidplas;Midden-Holland;;GM1892;2914.0;;;GM1892;2914.0;;;GM1892;2914.0;;False;False;False;51.97171338962252;4.616253246371413;WarmteAtlas:AquathermieRioolGemalen;;;
733;9;Zuid-Holland;1;4;2;Rioolgemaal Vijf Boeken;152;152;0;HHSK;2.54144;0.63536;Hoogheemraadschap van Schieland en de Krimpenerwaard;391;179;Zuidplas;Midden-Holland;;GM1892;2911.0;;;GM1892;2911.0;;;GM1892;2911.0;;False;False;False;51.968428810245136;4.627860505493484;WarmteAtlas:AquathermieRioolGemalen;;;
1130;245;Noord-Holland;33;98;82;Diemen R3;3380;3380;1997;HH Amstel, Gooi en Vecht;56.5136;28.2568;HH Amstel, Gooi en Vecht;12668;7960;Diemen;Noord-Holland Zuid;;GM0384;1112.0;;;GM0384;1112.0;;;GM0384;1112.0;;False;False;False;52.32987855744503;4.949549376068545;WarmteAtlas:AquathermieRioolGemalen;;;
1131;294;Noord-Holland;39;118;98;Diependaalselaan Hilversum;4050;4050;0;HH Amstel, Gooi en Vecht;67.716;33.858;HH Amstel, Gooi en Vecht;15179;9538;Hilversum;Noord-Holland Zuid;;GM0402;1215.0;;;GM0402;1215.0;;;GM0402;1215.0;;False;False;False;52.214174085084494;5.150297869793468;WarmteAtlas:AquathermieRioolGemalen;;;
1132;86;Utrecht;7;34;17;Engel de Ruyter Breukelen;1417;1417;0;HH Amstel, Gooi en Vecht;23.6922;5.92306;HH Amstel, Gooi en Vecht;3643;1669;Stichtse Vecht;U10/U16;;GM1904;;;;GM1904;;;;GM1904;;;False;False;False;52.16904819719908;4.998547519309079;WarmteAtlas:AquathermieRioolGemalen;;;
1133;3;Utrecht;0;1;0;Binnenweg Loenersloot;51;51;0;HH Amstel, Gooi en Vecht;0.85272;0.21318;HH Amstel, Gooi en Vecht;131;60;Stichtse Vecht;U10/U16;;GM1904;;;;GM1904;;;;GM1904;;;False;False;False;52.22602299725392;5.001343693319901;WarmteAtlas:AquathermieRioolGemalen;;;
1134;3;Utrecht;0;1;0;Slotlaan Loenersloot;51;51;0;HH Amstel, Gooi en Vecht;0.85272;0.21318;HH Amstel, Gooi en Vecht;131;60;Stichtse Vecht;U10/U16;;GM1904;;;;GM1904;;;;GM1904;;;False;False;False;52.228877670541294;5.0002797478550844;WarmteAtlas:AquathermieRioolGemalen;;;
1135;15;Utrecht;1;6;3;Klokjeslaan Maarssen;243;243;0;HH Amstel, Gooi en Vecht;4.06296;1.01574;HH Amstel, Gooi en Vecht;624;286;Stichtse Vecht;U10/U16;;GM1904;;;;GM1904;;;;GM1904;;;False;False;False;52.14940452883035;5.043310734153871;WarmteAtlas:AquathermieRioolGemalen;;;
1136;18;Utrecht;2;7;6;Oude Dijk Tienhoven;248;248;0;HH Amstel, Gooi en Vecht;4.14656;2.07328;HH Amstel, Gooi en Vecht;929;584;Stichtse Vecht;U10/U16;;GM1904;;;;GM1904;;;;GM1904;;;False;False;False;52.15307348066395;5.0763786497051475;WarmteAtlas:AquathermieRioolGemalen;;;
1137;6;Utrecht;1;3;2;Ruwielstraat  Nieuwer ter Aa;89;89;0;HH Amstel, Gooi en Vecht;1.48808;0.74404;HH Amstel, Gooi en Vecht;334;210;Stichtse Vecht;U10/U16;;GM1904;;;;GM1904;;;;GM1904;;;False;False;False;52.19233402732212;4.981906201967635;WarmteAtlas:AquathermieRioolGemalen;;;
1138;36;Utrecht;5;14;12;Keizer Ottolaan Loenen;501;501;0;HH Amstel, Gooi en Vecht;8.37672;4.18836;HH Amstel, Gooi en Vecht;1878;1180;Stichtse Vecht;U10/U16;;GM1904;;;;GM1904;;;;GM1904;;;False;False;False;52.209488272484485;5.016322190117285;WarmteAtlas:AquathermieRioolGemalen;;;
1139;12;Utrecht;2;5;4;Floraweg Vreeland;173;173;0;HH Amstel, Gooi en Vecht;2.89256;1.44628;HH Amstel, Gooi en Vecht;648;407;Stichtse Vecht;U10/U16;;GM1904;;;;GM1904;;;;GM1904;;;False;False;False;52.23147325570859;5.031113574333251;WarmteAtlas:AquathermieRioolGemalen;;;
1140;12;Utrecht;2;5;4;Garstenstraat Nigtevecht;169;169;0;HH Amstel, Gooi en Vecht;2.82568;1.41284;HH Amstel, Gooi en Vecht;633;398;Stichtse Vecht;U10/U16;;GM1904;1393.0;;;GM1904;1393.0;;;GM1904;1393.0;;False;False;False;52.2769056544309;5.027760834725928;WarmteAtlas:AquathermieRioolGemalen;;;
1141;41;Utrecht;3;16;8;Industrieweg Mijdrecht;683;683;0;HH Amstel, Gooi en Vecht;11.4198;2.85494;HH Amstel, Gooi en Vecht;1755;804;De Ronde Venen;U10/U16;;GM0736;;;;GM0736;;;;GM0736;;;False;False;False;52.20656367631522;4.8863038689535;WarmteAtlas:AquathermieRioolGemalen;;;
1142;45;Utrecht;6;18;15;Burgemeester Fernhoutlaan Wilnis;622;622;0;HH Amstel, Gooi en Vecht;10.3998;5.19992;HH Amstel, Gooi en Vecht;2331;1465;De Ronde Venen;U10/U16;;GM0736;;;;GM0736;;;;GM0736;;;False;False;False;52.199541513520195;4.8964025100195405;WarmteAtlas:AquathermieRioolGemalen;;;
1143;117;Utrecht;16;47;39;Reigerstraat Vinkeveen;1613;1613;0;HH Amstel, Gooi en Vecht;26.9694;13.4847;HH Amstel, Gooi en Vecht;6046;3799;De Ronde Venen;U10/U16;;GM0736;;;;GM0736;;;;GM0736;;;False;False;False;52.211717120973255;4.926877198121225;WarmteAtlas:AquathermieRioolGemalen;;;
1144;99;Utrecht;13;40;33;Diamant Mijdrecht;1366;1366;0;HH Amstel, Gooi en Vecht;22.8395;11.4198;HH Amstel, Gooi en Vecht;5120;3217;De Ronde Venen;U10/U16;;GM0736;;;;GM0736;;;;GM0736;;;False;False;False;52.21429452492035;4.8617518972958695;WarmteAtlas:AquathermieRioolGemalen;;;
1145;6;Utrecht;1;2;2;De Bruinlaan Amstelhoek;87;87;0;HH Amstel, Gooi en Vecht;1.45464;0.72732;HH Amstel, Gooi en Vecht;326;205;De Ronde Venen;U10/U16;;GM0736;1427.0;;;GM0736;1427.0;;;GM0736;1427.0;;False;False;False;52.230220149117535;4.835875254892279;WarmteAtlas:AquathermieRioolGemalen;;;
1146;11;Utrecht;2;4;4;Zand- en Jaagpad Baambrugge;156;156;0;HH Amstel, Gooi en Vecht;2.60832;1.30416;HH Amstel, Gooi en Vecht;584;367;De Ronde Venen;U10/U16;;GM0736;1396.0;;;GM0736;1396.0;;;GM0736;1396.0;;False;False;False;52.24835416921322;4.989376953681377;WarmteAtlas:AquathermieRioolGemalen;;;
1147;145;Utrecht;19;58;48;Angsteloord Abcoude;2000;2000;0;HH Amstel, Gooi en Vecht;33.44;16.72;HH Amstel, Gooi en Vecht;7496;4710;De Ronde Venen;U10/U16;;GM0736;1391.0;;;GM0736;1391.0;;;GM0736;1391.0;;False;False;False;52.267878363183726;4.979577525902711;WarmteAtlas:AquathermieRioolGemalen;;;
1190;6;Flevoland;1;2;2;Larserbos;77;77;1996;Zuiderzeeland;1.28744;0.64372;Waterschap Zuiderzeeland;288;181;Lelystad;Flevoland;;GM0995;;;;GM0995;;;;GM0995;;;False;False;False;52.44947174021849;5.570026824358107;WarmteAtlas:AquathermieRioolGemalen;;;
1194;157;Flevoland;21;63;52;Warande;2167;2167;2009;Zuiderzeeland;36.2322;18.1161;Waterschap Zuiderzeeland;8121;5103;Lelystad;Flevoland;;GM0995;;;;GM0995;;;;GM0995;;;False;False;False;52.49311230738743;5.473331497983091;WarmteAtlas:AquathermieRioolGemalen;;;
1258;15;Noord-Holland;2;6;5;Rg. Meerweijde;206;206;0;HHNK;3.44432;1.72216;Hoogheemraadschap Hollands Noorderkwartier;772;485;Koggenland;Noord Holland Noord;;GM1598;1713.0;;;GM1598;1713.0;;;GM1598;1713.0;;False;False;False;52.67480117192699;4.910728805696011;WarmteAtlas:AquathermieRioolGemalen;;;
1259;10;Noord-Holland;1;4;3;Rg. Overdorpstraat;130;130;0;HHNK;2.1736;1.0868;Hoogheemraadschap Hollands Noorderkwartier;487;306;Koggenland;Noord Holland Noord;;GM1598;1648.0;;;GM1598;1648.0;;;GM1598;1648.0;;False;False;False;52.63091180991186;4.9417185471990805;WarmteAtlas:AquathermieRioolGemalen;;;
1260;27;Noord-Holland;4;11;9;Rg. Dwingel;370;370;0;HHNK;6.1864;3.0932;Hoogheemraadschap Hollands Noorderkwartier;1386;871;Koggenland;Noord Holland Noord;;GM1598;1648.0;;;GM1598;1648.0;;;GM1598;1648.0;;False;False;False;52.6254344336628;4.949136556779226;WarmteAtlas:AquathermieRioolGemalen;;;
1261;4;Noord-Holland;1;2;2;Rg. Wieder;58;58;0;HHNK;0.96976;0.48488;Hoogheemraadschap Hollands Noorderkwartier;218;137;Koggenland;Noord Holland Noord;;GM1598;1648.0;;;GM1598;1648.0;;;GM1598;1648.0;;False;False;False;52.62361452614456;4.961277239502674;WarmteAtlas:AquathermieRioolGemalen;;;
1262;13;Noord-Holland;2;5;4;Rg. Koningsspil;182;182;0;HHNK;3.04304;1.52152;Hoogheemraadschap Hollands Noorderkwartier;682;429;Koggenland;Noord Holland Noord;;GM1598;1633.0;;;GM1598;1633.0;;;GM1598;1633.0;;False;False;False;52.61937517524026;4.95259333413199;WarmteAtlas:AquathermieRioolGemalen;;;
1263;16;Noord-Holland;2;6;5;Rg. Kathoek;220;220;0;HHNK;3.6784;1.8392;Hoogheemraadschap Hollands Noorderkwartier;824;518;Koggenland;Noord Holland Noord;;GM1598;1633.0;;;GM1598;1633.0;;;GM1598;1633.0;;False;False;False;52.615351230527686;4.958243917006145;WarmteAtlas:AquathermieRioolGemalen;;;
1264;121;Noord-Holland;16;48;40;Bg. Booster Ursemmerplas;1664;1664;0;HHNK;27.8221;13.911;Hoogheemraadschap Hollands Noorderkwartier;6237;3919;Koggenland;Noord Holland Noord;;GM1598;1648.0;;;GM1598;1648.0;;;GM1598;1648.0;;False;False;False;52.62781705392637;4.927074144318231;WarmteAtlas:AquathermieRioolGemalen;;;
1266;24;Noord-Holland;3;10;8;Rg. Berkhout;332;332;0;HHNK;5.55104;2.77552;Hoogheemraadschap Hollands Noorderkwartier;1244;782;Koggenland;Noord Holland Noord;;GM1598;1647.0;;;GM1598;1647.0;;;GM1598;1647.0;;False;False;False;52.63815791485677;4.983627798234344;WarmteAtlas:AquathermieRioolGemalen;;;
1268;20;Noord-Holland;3;8;7;Rg. Spierdijk;284;284;0;HHNK;4.74848;2.37424;Hoogheemraadschap Hollands Noorderkwartier;1065;669;Koggenland;Noord Holland Noord;;GM1598;1641.0;;;GM1598;1641.0;;;GM1598;1641.0;;False;False;False;52.650178770256154;4.9398973207910295;WarmteAtlas:AquathermieRioolGemalen;;;
1269;9;Noord-Holland;1;4;3;Rg. Avenhorn;120;120;0;HHNK;2.0064;1.0032;Hoogheemraadschap Hollands Noorderkwartier;450;283;Koggenland;Noord Holland Noord;;GM1598;1633.0;;;GM1598;1633.0;;;GM1598;1633.0;;False;False;False;52.622242263154206;4.941590124860677;WarmteAtlas:AquathermieRioolGemalen;;;
1359;37;Noord-Holland;5;15;12;Rg. Winkel;514;514;0;HHNK;8.59408;4.29704;Hoogheemraadschap Hollands Noorderkwartier;1926;1210;Hollands Kroon;Noord Holland Noord;;GM1911;1731.0;;;GM1911;1731.0;;;GM1911;1731.0;;False;False;False;52.750934918441146;4.905786629623778;WarmteAtlas:AquathermieRioolGemalen;;;
827;34;Utrecht;4;13;11;Overberg;460;460;0;Vallei en Veluwe;7.6912;3.8456;Waterschap Vallei & Veluwe;1724;1083;Utrechtse Heuvelrug;U10/U16;;GM1581;;;;GM1581;;;;GM1581;;;False;False;False;52.03901191914584;5.503052811021449;WarmteAtlas:AquathermieRioolGemalen;;;
828;16;Utrecht;2;6;6;Maarsbergen;225;225;0;Vallei en Veluwe;3.762;1.881;Waterschap Vallei & Veluwe;843;530;Utrechtse Heuvelrug;U10/U16;;GM1581;;;;GM1581;;;;GM1581;;;False;False;False;52.06130300117795;5.404469976845558;WarmteAtlas:AquathermieRioolGemalen;;;
833;63;Utrecht;8;25;21;Soesterberg;871;871;0;Vallei en Veluwe;14.5631;7.28156;Waterschap Vallei & Veluwe;3264;2051;Zeist;U10/U16;;GM0355;;;;GM0355;;;;GM0355;;;False;False;False;52.10747947779515;5.289096826972356;WarmteAtlas:AquathermieRioolGemalen;;;
876;212;Zuid-Holland;28;85;70;AWTG Sassenheim;2916;2916;1997;Rijnland;48.7555;24.3778;Hoogheemraadschap van Rijnland;10928;6867;Teylingen;Holland Rijnland;;GM1525;2172.0;;;GM1525;2172.0;;;GM1525;2172.0;;False;False;False;52.21745949964492;4.519612339761961;WarmteAtlas:AquathermieRioolGemalen;;;
877;0;Zuid-Holland;0;0;0;AWTG Sassenheim;0;0;1997;Rijnland;0.0;0.0;Hoogheemraadschap van Rijnland;0;0;Teylingen;Holland Rijnland;;GM1525;2172.0;;;GM1525;2172.0;;;GM1525;2172.0;;False;False;False;52.21805835111712;4.521684696205652;WarmteAtlas:AquathermieRioolGemalen;;;
878;177;Zuid-Holland;24;71;59;AWTG Voorhout;2436;2436;2000;Rijnland;40.7299;20.365;Hoogheemraadschap van Rijnland;9130;5737;Teylingen;Holland Rijnland;;GM1525;2215.0;;;GM1525;2215.0;;;GM1525;2215.0;;False;False;False;52.223744142636676;4.474882784873606;WarmteAtlas:AquathermieRioolGemalen;;;
879;69;Zuid-Holland;9;28;23;AWTG Warmond;948;948;1975;Rijnland;15.8506;7.92528;Hoogheemraadschap van Rijnland;3553;2233;Teylingen;Holland Rijnland;;GM1525;2361.0;;;GM1525;2361.0;;;GM1525;2361.0;;False;False;False;52.194364377916266;4.495459318855886;WarmteAtlas:AquathermieRioolGemalen;;;
880;44;Zuid-Holland;6;18;15;AWTG Reeuwijk Brug West;612;612;1998;Rijnland;10.2326;5.11632;Hoogheemraadschap van Rijnland;2293;1441;Bodegraven-Reeuwijk;Midden-Holland;;GM1901;2811.0;;;GM1901;2811.0;;;GM1901;2811.0;;False;False;False;52.046180214564615;4.71913076971131;WarmteAtlas:AquathermieRioolGemalen;;;
881;54;Zuid-Holland;7;22;18;AWTG Reeuwijk Brug Oost;744;744;1998;Rijnland;12.4397;6.21984;Hoogheemraadschap van Rijnland;2788;1752;Bodegraven-Reeuwijk;Midden-Holland;;GM1901;2811.0;;;GM1901;2811.0;;;GM1901;2811.0;;False;False;False;52.04901220621396;4.73262590021615;WarmteAtlas:AquathermieRioolGemalen;;;
882;24;Zuid-Holland;3;10;8;AWTG Reeuwijk Dorp;336;336;1991;Rijnland;5.61792;2.80896;Hoogheemraadschap van Rijnland;1259;791;Bodegraven-Reeuwijk;Midden-Holland;;GM1901;2811.0;;;GM1901;2811.0;;;GM1901;2811.0;;False;False;False;52.05627510590984;4.681884154794374;WarmteAtlas:AquathermieRioolGemalen;;;
883;145;Zuid-Holland;12;58;29;AWTG Bodegraven Molenkade;2400;2400;2003;Rijnland;40.128;10.032;Hoogheemraadschap van Rijnland;6169;2826;Bodegraven-Reeuwijk;Midden-Holland;;GM1901;2411.0;;;GM1901;2411.0;;;GM1901;2411.0;;False;False;False;52.084581018225144;4.741047652276848;WarmteAtlas:AquathermieRioolGemalen;;;
884;8;Zuid-Holland;1;3;2;rioolpomp Vlietkade Bodegraven;129;129;0;Rijnland;2.15688;0.53922;Hoogheemraadschap van Rijnland;332;152;Bodegraven-Reeuwijk;Midden-Holland;;GM1901;2411.0;;;GM1901;2411.0;;;GM1901;2411.0;;False;False;False;52.083056670776685;4.734125952126041;WarmteAtlas:AquathermieRioolGemalen;;;
885;140;Zuid-Holland;19;56;47;AWTG de Loethe Zoeterwoude;1932;1932;1976;Rijnland;32.303;16.1515;Hoogheemraadschap van Rijnland;7241;4550;Zoeterwoude;Holland Rijnland;;GM0638;2381.0;;;GM0638;2381.0;;;GM0638;2381.0;;False;False;False;52.11990865277218;4.496506599834129;WarmteAtlas:AquathermieRioolGemalen;;;
887;90;Zuid-Holland;12;36;30;AWTG Stoeplaan;1236;1236;1998;Rijnland;20.6659;10.333;Hoogheemraadschap van Rijnland;4632;2911;Wassenaar;Rotterdam-Den Haag;;GM0629;2244.0;;;GM0629;2244.0;;;GM0629;2244.0;;False;False;False;52.11794777168871;4.367490223925548;WarmteAtlas:AquathermieRioolGemalen;;;
888;24;Zuid-Holland;3;10;8;AWTG Backershagen;336;336;1998;Rijnland;5.61792;2.80896;Hoogheemraadschap van Rijnland;1259;791;Wassenaar;Rotterdam-Den Haag;;GM0629;2243.0;;;GM0629;2243.0;;;GM0629;2243.0;;False;False;False;52.13058133299073;4.388229466054193;WarmteAtlas:AquathermieRioolGemalen;;;
889;326;Zuid-Holland;43;130;108;AWTG van Zuylen van Nijevelt;4488;4488;1998;Rijnland;75.0394;37.5197;Hoogheemraadschap van Rijnland;16820;10569;Wassenaar;Rotterdam-Den Haag;;GM0629;2242.0;;;GM0629;2242.0;;;GM0629;2242.0;;False;False;False;52.14248960739305;4.401785936523118;WarmteAtlas:AquathermieRioolGemalen;;;
890;0;Zuid-Holland;0;0;0;AWTG Waddinxveen West;0;0;2007;Rijnland;0.0;0.0;Hoogheemraadschap van Rijnland;0;0;Waddinxveen;Midden-Holland;;GM0627;2741.0;;;GM0627;2741.0;;;GM0627;2741.0;;False;False;False;52.0497621068927;4.650000913002152;WarmteAtlas:AquathermieRioolGemalen;;;
903;2097;Zuid-Holland;280;839;699;AWTG Meerzicht Zoetermeer;28896;28896;2012;Rijnland;483.141;241.571;Hoogheemraadschap van Rijnland;108297;68051;Zoetermeer;Rotterdam-Den Haag;;GM0637;2716.0;;;GM0637;2716.0;;;GM0637;2716.0;;False;False;False;52.05041653664484;4.467783601669487;WarmteAtlas:AquathermieRioolGemalen;;;
914;0;Zuid-Holland;0;0;0;AWTG Kaagdorp;0;0;1994;Rijnland;0.0;0.0;Hoogheemraadschap van Rijnland;0;0;Kaag en Braassem;Holland Rijnland;;GM1884;2159.0;;;GM1884;2159.0;;;GM1884;2159.0;;False;False;False;52.21202355767244;4.561332149392227;WarmteAtlas:AquathermieRioolGemalen;;;
915;46;Zuid-Holland;6;18;16;AWTG Woubrugge(nieuwbouw);636;636;2015;Rijnland;10.6339;5.31696;Hoogheemraadschap van Rijnland;2384;1498;Kaag en Braassem;Holland Rijnland;;GM1884;2481.0;;;GM1884;2481.0;;;GM1884;2481.0;;False;False;False;52.16908005550818;4.630979814305487;WarmteAtlas:AquathermieRioolGemalen;;;
916;30;Zuid-Holland;4;12;10;AWTG Rijpwetering;420;420;1990;Rijnland;7.0224;3.5112;Hoogheemraadschap van Rijnland;1574;989;Kaag en Braassem;Holland Rijnland;;GM1884;2375.0;;;GM1884;2375.0;;;GM1884;2375.0;;False;False;False;52.194277478516334;4.578303633528991;WarmteAtlas:AquathermieRioolGemalen;;;
917;14;Zuid-Holland;2;6;5;AWTG Nieuwe Wetering Achterweg;192;192;1990;Rijnland;3.21024;1.60512;Hoogheemraadschap van Rijnland;719;452;Kaag en Braassem;Holland Rijnland;;GM1884;2376.0;;;GM1884;2376.0;;;GM1884;2376.0;;False;False;False;52.201697600729794;4.612950452058195;WarmteAtlas:AquathermieRioolGemalen;;;
918;19;Zuid-Holland;3;8;6;AWTG Hoogmade;264;264;2014;Rijnland;4.41408;2.20704;Hoogheemraadschap van Rijnland;990;622;Kaag en Braassem;Holland Rijnland;;GM1884;2355.0;;;GM1884;2355.0;;;GM1884;2355.0;;False;False;False;52.17194995030325;4.576893910472104;WarmteAtlas:AquathermieRioolGemalen;;;
919;20;Zuid-Holland;3;8;7;AWTG Veenderveld;276;276;2004;Rijnland;4.61472;2.30736;Hoogheemraadschap van Rijnland;1034;650;Kaag en Braassem;Holland Rijnland;;GM1884;2371.0;;;GM1884;2371.0;;;GM1884;2371.0;;False;False;False;52.19793747825416;4.614429066521386;WarmteAtlas:AquathermieRioolGemalen;;;
920;0;Zuid-Holland;0;0;0;AWTG Oude Wetering;0;0;1986;Rijnland;0.0;0.0;Hoogheemraadschap van Rijnland;0;0;Kaag en Braassem;Holland Rijnland;;GM1884;2377.0;;;GM1884;2377.0;;;GM1884;2377.0;;False;False;False;52.2180475742138;4.639641435727591;WarmteAtlas:AquathermieRioolGemalen;;;
921;0;Zuid-Holland;0;0;0;AWTG Roelofarendsveen;0;0;1986;Rijnland;0.0;0.0;Hoogheemraadschap van Rijnland;0;0;Kaag en Braassem;Holland Rijnland;;GM1884;2371.0;;;GM1884;2371.0;;;GM1884;2371.0;;False;False;False;52.206636347122405;4.634830267835235;WarmteAtlas:AquathermieRioolGemalen;;;
922;45;Zuid-Holland;4;18;9;AWTG Leimuiden;744;744;1992;Rijnland;12.4397;3.10992;Hoogheemraadschap van Rijnland;1912;876;Kaag en Braassem;Holland Rijnland;;GM1884;2451.0;;;GM1884;2451.0;;;GM1884;2451.0;;False;False;False;52.22049065512316;4.6606122175354665;WarmteAtlas:AquathermieRioolGemalen;;;
925;23;Zuid-Holland;3;9;8;AWTG Stompwijk;312;312;2013;Rijnland;5.21664;2.60832;Hoogheemraadschap van Rijnland;1170;735;Leidschendam-Voorburg;Rotterdam-Den Haag;;GM1916;2266.0;;;GM1916;2266.0;;;GM1916;2266.0;;False;False;False;52.09241896294524;4.472666785287619;WarmteAtlas:AquathermieRioolGemalen;;;
929;120;Noord-Holland;16;48;40;Zwarteweg Bussum;1657;1657;0;HH Amstel, Gooi en Vecht;27.705;13.8525;HH Amstel, Gooi en Vecht;6210;3902;Gooise Meren;Noord-Holland Zuid;;GM1942;1405.0;;;GM1942;1405.0;;;GM1942;1405.0;;False;False;False;52.28060377531816;5.150676941420003;WarmteAtlas:AquathermieRioolGemalen;;;
930;401;Noord-Holland;53;160;134;Hooftlaan Bussum;5522;5522;0;HH Amstel, Gooi en Vecht;92.3278;46.1639;HH Amstel, Gooi en Vecht;20695;13004;Gooise Meren;Noord-Holland Zuid;;GM1942;1401.0;;;GM1942;1401.0;;;GM1942;1401.0;;False;False;False;52.28379337605226;5.164010586731429;WarmteAtlas:AquathermieRioolGemalen;;;
931;521;Noord-Holland;70;208;174;Verlengde Fortlaan Naarden;7180;7180;0;HH Amstel, Gooi en Vecht;120.05;60.0248;HH Amstel, Gooi en Vecht;26909;16909;Gooise Meren;Noord-Holland Zuid;;GM1942;1412.0;;;GM1942;1412.0;;;GM1942;1412.0;;False;False;False;52.28591926972793;5.143657962915909;WarmteAtlas:AquathermieRioolGemalen;;;
932;22;Noord-Holland;3;9;8;Kocherplantsoen Muiderberg;310;310;0;HH Amstel, Gooi en Vecht;5.1832;2.5916;HH Amstel, Gooi en Vecht;1162;730;Gooise Meren;Noord-Holland Zuid;;GM1942;1399.0;;;GM1942;1399.0;;;GM1942;1399.0;;False;False;False;52.322698164943894;5.115294361902522;WarmteAtlas:AquathermieRioolGemalen;;;
933;22;Noord-Holland;3;9;8;RG Buitendijke;310;310;0;HH Amstel, Gooi en Vecht;5.1832;2.5916;HH Amstel, Gooi en Vecht;1162;730;Gooise Meren;Noord-Holland Zuid;;GM1942;1399.0;;;GM1942;1399.0;;;GM1942;1399.0;;False;False;False;52.32464028842186;5.123584782435034;WarmteAtlas:AquathermieRioolGemalen;;;
934;56;Noord-Holland;8;23;19;Korte Muiderweg Weesp;778;778;0;HH Amstel, Gooi en Vecht;13.0082;6.50408;HH Amstel, Gooi en Vecht;2916;1832;Gooise Meren;Noord-Holland Zuid;;GM1942;1398.0;;;GM1942;1398.0;;;GM1942;1398.0;;False;False;False;52.326206737877754;5.063095545727081;WarmteAtlas:AquathermieRioolGemalen;;;
935;15;Noord-Holland;2;6;5;RG Mariahoeve;211;211;0;HH Amstel, Gooi en Vecht;3.52792;1.76396;HH Amstel, Gooi en Vecht;791;497;Gooise Meren;Noord-Holland Zuid;;GM1942;1398.0;;;GM1942;1398.0;;;GM1942;1398.0;;False;False;False;52.32660395612853;5.0752208814356745;WarmteAtlas:AquathermieRioolGemalen;;;
936;6;Noord-Holland;1;2;2;RG Zuid-West;80;80;0;HH Amstel, Gooi en Vecht;1.3376;0.6688;HH Amstel, Gooi en Vecht;299;188;Gooise Meren;Noord-Holland Zuid;;GM1942;1398.0;;;GM1942;1398.0;;;GM1942;1398.0;;False;False;False;52.329164764403814;5.062830443181199;WarmteAtlas:AquathermieRioolGemalen;;;
937;15;Noord-Holland;2;6;5;RG Vesting Oost;211;211;0;HH Amstel, Gooi en Vecht;3.52792;1.76396;HH Amstel, Gooi en Vecht;791;497;Gooise Meren;Noord-Holland Zuid;;GM1942;1398.0;;;GM1942;1398.0;;;GM1942;1398.0;;False;False;False;52.32933292623034;5.069457105582045;WarmteAtlas:AquathermieRioolGemalen;;;
938;6;Noord-Holland;1;2;2;RG Vesting West;80;80;0;HH Amstel, Gooi en Vecht;1.3376;0.6688;HH Amstel, Gooi en Vecht;299;188;Gooise Meren;Noord-Holland Zuid;;GM1942;1398.0;;;GM1942;1398.0;;;GM1942;1398.0;;False;False;False;52.33089129181705;5.066885519577427;WarmteAtlas:AquathermieRioolGemalen;;;
939;6;Noord-Holland;1;2;2;RG Noord-West;77;77;0;HH Amstel, Gooi en Vecht;1.28744;0.64372;HH Amstel, Gooi en Vecht;288;181;Gooise Meren;Noord-Holland Zuid;;GM1942;1398.0;;;GM1942;1398.0;;;GM1942;1398.0;;False;False;False;52.33441251985807;5.067394613065177;WarmteAtlas:AquathermieRioolGemalen;;;
941;51;Noord-Holland;7;20;17;Ellermansstraat;699;699;1954;HH Amstel, Gooi en Vecht;11.6873;5.84364;HH Amstel, Gooi en Vecht;2620;1646;Ouder-Amstel;Noord-Holland Zuid;;GM0437;1114.0;;;GM0437;1114.0;;;GM0437;1114.0;;False;False;False;52.32831102505644;4.9302726697047845;WarmteAtlas:AquathermieRioolGemalen;;;
942;194;Noord-Holland;26;77;64;van Marwijk Kooystraat;2666;2666;1972;HH Amstel, Gooi en Vecht;44.5755;22.2878;HH Amstel, Gooi en Vecht;9991;6278;Ouder-Amstel;Noord-Holland Zuid;;GM0437;1114.0;;;GM0437;1114.0;;;GM0437;1114.0;;False;False;False;52.332857368601616;4.9254958872102215;WarmteAtlas:AquathermieRioolGemalen;;;
943;1139;Noord-Holland;152;456;380;Boostergemaal Zuid Marwijk Kooystraat Amsterdam;15700;15700;2004;HH Amstel, Gooi en Vecht;262.504;131.252;HH Amstel, Gooi en Vecht;58841;36974;Ouder-Amstel;Noord-Holland Zuid;;GM0437;1114.0;;;GM0437;1114.0;;;GM0437;1114.0;;False;False;False;52.33326021204113;4.923682718900608;WarmteAtlas:AquathermieRioolGemalen;;;
944;132;Noord-Holland;18;53;44;Rading Loosdrecht;1820;1820;0;HH Amstel, Gooi en Vecht;30.4304;15.2152;HH Amstel, Gooi en Vecht;6821;4286;Wijdemeren;Noord-Holland Zuid;;GM1696;1231.0;;;GM1696;1231.0;;;GM1696;1231.0;;False;False;False;52.20871255631981;5.138681255237961;WarmteAtlas:AquathermieRioolGemalen;;;
945;94;Noord-Holland;12;37;31;De Kwakel Kortenhoef;1290;1290;0;HH Amstel, Gooi en Vecht;21.5688;10.7844;HH Amstel, Gooi en Vecht;4835;3038;Wijdemeren;Noord-Holland Zuid;;GM1696;1241.0;;;GM1696;1241.0;;;GM1696;1241.0;;False;False;False;52.241998811763224;5.108349448781136;WarmteAtlas:AquathermieRioolGemalen;;;
946;46;Noord-Holland;6;18;15;Meerlaan Nederhorst den Berg;630;630;0;HH Amstel, Gooi en Vecht;10.5336;5.2668;HH Amstel, Gooi en Vecht;2361;1484;Wijdemeren;Noord-Holland Zuid;;GM1696;1394.0;;;GM1696;1394.0;;;GM1696;1394.0;;False;False;False;52.251951544562495;5.0508662676863265;WarmteAtlas:AquathermieRioolGemalen;;;
947;8;Noord-Holland;1;3;2;Buhrmanlaan Ankeveen;105;105;0;HH Amstel, Gooi en Vecht;1.7556;0.8778;HH Amstel, Gooi en Vecht;393;247;Wijdemeren;Noord-Holland Zuid;;GM1696;1244.0;;;GM1696;1244.0;;;GM1696;1244.0;;False;False;False;52.263227054944096;5.100423660322868;WarmteAtlas:AquathermieRioolGemalen;;;
958;20;Noord-Holland;3;8;7;Snodenhoekpark;275;275;1983;HH Amstel, Gooi en Vecht;4.598;2.299;HH Amstel, Gooi en Vecht;1031;648;Amsterdam;Noord-Holland Zuid;;GM0363;1107.0;;;GM0363;1107.0;;;GM0363;1107.0;;False;False;False;52.29102158755361;4.975045859349301;WarmteAtlas:AquathermieRioolGemalen;;;
959;28;Noord-Holland;4;11;9;Wethouder Abrahamspad;386;386;1983;HH Amstel, Gooi en Vecht;6.45392;3.22696;HH Amstel, Gooi en Vecht;1447;909;Amsterdam;Noord-Holland Zuid;;GM0363;1107.0;;;GM0363;1107.0;;;GM0363;1107.0;;False;False;False;52.29166923558453;4.990442053845692;WarmteAtlas:AquathermieRioolGemalen;;;
960;5;Noord-Holland;1;2;2;Tafelbergweg;71;71;2006;HH Amstel, Gooi en Vecht;1.18712;0.59356;HH Amstel, Gooi en Vecht;266;167;Amsterdam;Noord-Holland Zuid;;GM0363;1105.0;;;GM0363;1105.0;;;GM0363;1105.0;;False;False;False;52.29241383490408;4.947022086347054;WarmteAtlas:AquathermieRioolGemalen;;;
961;21;Noord-Holland;3;8;7;Tienraaikade;286;286;1983;HH Amstel, Gooi en Vecht;4.78192;2.39096;HH Amstel, Gooi en Vecht;1072;674;Amsterdam;Noord-Holland Zuid;;GM0363;1107.0;;;GM0363;1107.0;;;GM0363;1107.0;;False;False;False;52.293255899954794;4.970158651578528;WarmteAtlas:AquathermieRioolGemalen;;;
962;77;Noord-Holland;10;31;26;Schalkwijkpad;1058;1058;1981;HH Amstel, Gooi en Vecht;17.6898;8.84488;HH Amstel, Gooi en Vecht;3966;2492;Amsterdam;Noord-Holland Zuid;;GM0363;1107.0;;;GM0363;1107.0;;;GM0363;1107.0;;False;False;False;52.294405916295965;4.981143205614423;WarmteAtlas:AquathermieRioolGemalen;;;
963;101;Noord-Holland;14;40;34;Millingenhof;1392;1392;1976;HH Amstel, Gooi en Vecht;23.2742;11.6371;HH Amstel, Gooi en Vecht;5217;3278;Amsterdam;Noord-Holland Zuid;;GM0363;1106.0;;;GM0363;1106.0;;;GM0363;1106.0;;False;False;False;52.29669220514342;4.967692980831514;WarmteAtlas:AquathermieRioolGemalen;;;
964;70;Noord-Holland;9;28;23;Puiflijkpad;958;958;1981;HH Amstel, Gooi en Vecht;16.0178;8.00888;HH Amstel, Gooi en Vecht;3590;2256;Amsterdam;Noord-Holland Zuid;;GM0363;1106.0;;;GM0363;1106.0;;;GM0363;1106.0;;False;False;False;52.298479099971495;4.981380141734116;WarmteAtlas:AquathermieRioolGemalen;;;
965;24;Noord-Holland;3;10;8;Anne Kooistrahof;329;329;1986;HH Amstel, Gooi en Vecht;5.50088;2.75044;HH Amstel, Gooi en Vecht;1233;775;Amsterdam;Noord-Holland Zuid;;GM0363;1106.0;;;GM0363;1106.0;;;GM0363;1106.0;;False;False;False;52.299703346780085;4.990955296355023;WarmteAtlas:AquathermieRioolGemalen;;;
966;28;Noord-Holland;4;11;9;Nieuwlandhof;379;379;1977;HH Amstel, Gooi en Vecht;6.33688;3.16844;HH Amstel, Gooi en Vecht;1421;893;Amsterdam;Noord-Holland Zuid;;GM0363;1106.0;;;GM0363;1106.0;;;GM0363;1106.0;;False;False;False;52.301287928781555;4.9612281894057135;WarmteAtlas:AquathermieRioolGemalen;;;
967;18;Noord-Holland;2;7;6;Mijehof;250;250;1980;HH Amstel, Gooi en Vecht;4.18;2.09;HH Amstel, Gooi en Vecht;937;589;Amsterdam;Noord-Holland Zuid;;GM0363;1106.0;;;GM0363;1106.0;;;GM0363;1106.0;;False;False;False;52.302008162196195;4.96886993983663;WarmteAtlas:AquathermieRioolGemalen;;;
968;404;Noord-Holland;54;161;134;Laarderhoogtweg Amsterdam;5560;5560;2003;HH Amstel, Gooi en Vecht;92.9632;46.4816;HH Amstel, Gooi en Vecht;20838;13094;Amsterdam;Noord-Holland Zuid;;GM0363;1101.0;;;GM0363;1101.0;;;GM0363;1101.0;;False;False;False;52.30219336165661;4.944439751047285;WarmteAtlas:AquathermieRioolGemalen;;;
969;9;Noord-Holland;1;4;3;Burg.Mulstraat (Driemond);122;122;1940;HH Amstel, Gooi en Vecht;2.03984;1.01992;HH Amstel, Gooi en Vecht;457;287;Amsterdam;Noord-Holland Zuid;;GM0363;1109.0;;;GM0363;1109.0;;;GM0363;1109.0;;False;False;False;52.30316497962316;5.020058040753832;WarmteAtlas:AquathermieRioolGemalen;;;
970;43;Noord-Holland;6;17;14;Lentestraat (Driemond);594;594;1940;HH Amstel, Gooi en Vecht;9.93168;4.96584;HH Amstel, Gooi en Vecht;2226;1399;Amsterdam;Noord-Holland Zuid;;GM0363;1109.0;;;GM0363;1109.0;;;GM0363;1109.0;;False;False;False;52.307044088950505;5.019187296484118;WarmteAtlas:AquathermieRioolGemalen;;;
971;28;Noord-Holland;4;11;9;Leusdenhof;385;385;1977;HH Amstel, Gooi en Vecht;6.4372;3.2186;HH Amstel, Gooi en Vecht;1443;907;Amsterdam;Noord-Holland Zuid;;GM0363;1108.0;;;GM0363;1108.0;;;GM0363;1108.0;;False;False;False;52.30778790376627;4.9803787146693175;WarmteAtlas:AquathermieRioolGemalen;;;
972;392;Noord-Holland;52;157;130;Flierbosdreef riool;5400;5400;1969;HH Amstel, Gooi en Vecht;90.288;45.144;HH Amstel, Gooi en Vecht;20238;12717;Amsterdam;Noord-Holland Zuid;;GM0363;1102.0;;;GM0363;1102.0;;;GM0363;1102.0;;False;False;False;52.312665340621365;4.960043047228718;WarmteAtlas:AquathermieRioolGemalen;;;
973;154;Noord-Holland;21;62;52;De Loper (Arena);2130;2130;2004;HH Amstel, Gooi en Vecht;35.6136;17.8068;HH Amstel, Gooi en Vecht;7983;5016;Amsterdam;Noord-Holland Zuid;;GM0363;1114.0;;;GM0363;1114.0;;;GM0363;1114.0;;False;False;False;52.31485121246396;4.9382344307981265;WarmteAtlas:AquathermieRioolGemalen;;;
974;34;Noord-Holland;4;13;11;Berthold Brechtstraat;462;462;1983;HH Amstel, Gooi en Vecht;7.72464;3.86232;HH Amstel, Gooi en Vecht;1731;1088;Amsterdam;Noord-Holland Zuid;;GM0363;1102.0;;;GM0363;1102.0;;;GM0363;1102.0;;False;False;False;52.318270706197445;4.946288544869874;WarmteAtlas:AquathermieRioolGemalen;;;
975;53;Noord-Holland;7;21;18;Dostojevskisingel;733;733;1982;HH Amstel, Gooi en Vecht;12.2558;6.12788;HH Amstel, Gooi en Vecht;2747;1726;Amsterdam;Noord-Holland Zuid;;GM0363;1102.0;;;GM0363;1102.0;;;GM0363;1102.0;;False;False;False;52.323192050369535;4.946505631131206;WarmteAtlas:AquathermieRioolGemalen;;;
1928;6;Gelderland;1;2;2;Gemaal Achter Drempt;76;76;0;Rijn en Ijssel;1.27072;0.63536;Waterschap Rijn en IJssel;285;179;Bronckhorst;Achterhoek;;GM1876;;;;GM1876;;;;GM1876;;;False;False;False;52.022017023098655;6.178786155124878;WarmteAtlas:AquathermieRioolGemalen;;;
1930;9;Gelderland;1;4;3;Gemaal Drempt;125;125;0;Rijn en Ijssel;2.09;1.045;Waterschap Rijn en IJssel;468;294;Bronckhorst;Achterhoek;;GM1876;;;;GM1876;;;;GM1876;;;False;False;False;52.00769960353077;6.173373641149483;WarmteAtlas:AquathermieRioolGemalen;;;
1932;7;Gelderland;1;3;2;Gemaal Hoog-Keppel;96;96;0;Rijn en Ijssel;1.60512;0.80256;Waterschap Rijn en IJssel;360;226;Bronckhorst;Achterhoek;;GM1876;;;;GM1876;;;;GM1876;;;False;False;False;52.00284892419053;6.205551183292753;WarmteAtlas:AquathermieRioolGemalen;;;
1933;15;Gelderland;2;6;5;Gemaal Hummelo;202;202;0;Rijn en Ijssel;3.37744;1.68872;Waterschap Rijn en IJssel;757;476;Bronckhorst;Achterhoek;;GM1876;;;;GM1876;;;;GM1876;;;False;False;False;52.001552239879786;6.234836594409459;WarmteAtlas:AquathermieRioolGemalen;;;
1935;26;Gelderland;4;11;9;Gemaal Keppel;366;366;0;Rijn en Ijssel;6.11952;3.05976;Waterschap Rijn en IJssel;1372;862;Bronckhorst;Achterhoek;;GM1876;;;;GM1876;;;;GM1876;;;False;False;False;51.998468374433195;6.210526341961261;WarmteAtlas:AquathermieRioolGemalen;;;
1936;5;Gelderland;1;2;2;Gemaal Laag-Keppel;71;71;0;Rijn en Ijssel;1.18712;0.59356;Waterschap Rijn en IJssel;266;167;Bronckhorst;Achterhoek;;GM1876;;;;GM1876;;;;GM1876;;;False;False;False;51.9979897415026;6.217784370695897;WarmteAtlas:AquathermieRioolGemalen;;;
1954;14;Gelderland;2;6;5;Gemaal Loil;193;193;0;Rijn en Ijssel;3.22696;1.61348;Waterschap Rijn en IJssel;724;455;Montferland;Achterhoek;;GM1955;;;;GM1955;;;;GM1955;;;False;False;False;51.95194340639106;6.141185875886002;WarmteAtlas:AquathermieRioolGemalen;;;
1955;8;Gelderland;1;3;2;Gemaal Nieuw-Dijk;103;103;0;Rijn en Ijssel;1.72216;0.86108;Waterschap Rijn en IJssel;386;243;Montferland;Achterhoek;;GM1955;;;;GM1955;;;;GM1955;;;False;False;False;51.93407286254685;6.152308515347741;WarmteAtlas:AquathermieRioolGemalen;;;
1956;140;Gelderland;19;56;46;Gemaal Didam;1924;1924;0;Rijn en Ijssel;32.1693;16.0846;Waterschap Rijn en IJssel;7211;4531;Montferland;Achterhoek;;GM1955;;;;GM1955;;;;GM1955;;;False;False;False;51.9436251406041;6.11725989865872;WarmteAtlas:AquathermieRioolGemalen;;;
1959;20;Gelderland;3;8;6;Gemaal Kilder;271;271;0;Rijn en Ijssel;4.53112;2.26556;Waterschap Rijn en IJssel;1015;638;Montferland;Achterhoek;;GM1955;;;;GM1955;;;;GM1955;;;False;False;False;51.93575668629643;6.2325987806002905;WarmteAtlas:AquathermieRioolGemalen;;;
1961;29;Gelderland;4;12;10;Gemaal Loerbeek;395;395;0;Rijn en Ijssel;6.6044;3.3022;Waterschap Rijn en IJssel;1480;930;Montferland;Achterhoek;;GM1955;;;;GM1955;;;;GM1955;;;False;False;False;51.920332085717696;6.199243282563789;WarmteAtlas:AquathermieRioolGemalen;;;
2389;160;Zuid-Holland;13;64;32;Oud-Beijerland Pr. Irenestraat;2638;2638;0;Hollandse_Delta;44.1074;11.0268;Waterschap Hollandse Delta;6780;3106;Oud-Beijerland;Hoeksewaard;;GM1963;3261.0;;;GM1963;3261.0;;;GM1963;3261.0;;False;False;False;51.822604823009605;4.419566880723459;WarmteAtlas:AquathermieRioolGemalen;;;
2390;0;Zuid-Holland;0;0;0;Oud-Beijerland De Bosschen;0;0;0;Hollandse_Delta;0.0;0.0;Waterschap Hollandse Delta;0;0;Oud-Beijerland;Hoeksewaard;;GM1963;3261.0;;;GM1963;3261.0;;;GM1963;3261.0;;False;False;False;51.82672568038544;4.428953888778084;WarmteAtlas:AquathermieRioolGemalen;;;
2391;93;Zuid-Holland;7;37;18;Oud-Beijerland  Oosterse Gorzen;1538;1538;0;Hollandse_Delta;25.7154;6.42884;Waterschap Hollandse Delta;3953;1811;Oud-Beijerland;Hoeksewaard;;GM1963;3261.0;;;GM1963;3261.0;;;GM1963;3261.0;;False;False;False;51.82699379920294;4.426571883888083;WarmteAtlas:AquathermieRioolGemalen;;;
2392;0;Zuid-Holland;0;0;0;Rockanje;0;0;0;Hollandse_Delta;0.0;0.0;Waterschap Hollandse Delta;0;0;Westvoorne;Rotterdam-Den Haag;;GM1992;3235.0;;;GM1992;;;;GM1992;;;False;False;False;51.875448130856064;4.0662192173449885;WarmteAtlas:AquathermieRioolGemalen;;;
2393;8;Zuid-Holland;1;3;2;Tinte;104;104;0;Hollandse_Delta;1.73888;0.86944;Waterschap Hollandse Delta;390;245;Westvoorne;Rotterdam-Den Haag;;GM1992;3234.0;;;GM1992;;;;GM1992;;;False;False;False;51.88768677168717;4.137825890865885;WarmteAtlas:AquathermieRioolGemalen;;;
2394;3;Zuid-Holland;0;1;1;Oostvoorne Katteweg;40;40;0;Hollandse_Delta;0.6688;0.3344;Waterschap Hollandse Delta;150;94;Westvoorne;Rotterdam-Den Haag;;GM1992;3233.0;;;GM1992;3233.0;;;GM1992;3233.0;;False;False;False;51.923139073518925;4.137369975360326;WarmteAtlas:AquathermieRioolGemalen;;;
2395;107;Zuid-Holland;9;43;22;Oostvoorne;1775;1775;0;Hollandse_Delta;29.678;7.4195;Waterschap Hollandse Delta;4562;2090;Westvoorne;Rotterdam-Den Haag;;GM1992;3233.0;;;GM1992;3233.0;;;GM1992;3233.0;;False;False;False;51.92003247591367;4.110091351165926;WarmteAtlas:AquathermieRioolGemalen;;;
2396;45;Zuid-Holland;6;18;15;Zuid Beijerland;618;618;0;Hollandse_Delta;10.333;5.16648;Waterschap Hollandse Delta;2316;1455;Korendijk;Hoeksewaard;;GM1963;3284.0;;;GM1963;;;;GM1963;;;False;False;False;51.74810020286811;4.365517487201237;WarmteAtlas:AquathermieRioolGemalen;;;
2397;18;Zuid-Holland;2;7;6;Goudswaard;255;255;0;Hollandse_Delta;4.2636;2.1318;Waterschap Hollandse Delta;956;601;Korendijk;Hoeksewaard;;GM1963;3267.0;;;GM1963;;;;GM1963;;;False;False;False;51.79355132745332;4.274076310764051;WarmteAtlas:AquathermieRioolGemalen;;;
2398;44;Zuid-Holland;6;18;15;Nieuw Beijerland;611;611;0;Hollandse_Delta;10.2159;5.10796;Waterschap Hollandse Delta;2290;1439;Korendijk;Hoeksewaard;;GM1963;3264.0;;;GM1963;;;;GM1963;;;False;False;False;51.80810855567165;4.347533266429242;WarmteAtlas:AquathermieRioolGemalen;;;
2399;4;Zuid-Holland;1;2;2;Nieuwendijk;59;59;0;Hollandse_Delta;0.98648;0.49324;Waterschap Hollandse Delta;221;139;Korendijk;Hoeksewaard;;GM1963;3284.0;;;GM1963;;;;GM1963;;;False;False;False;51.75614909591662;4.320538766081167;WarmteAtlas:AquathermieRioolGemalen;;;
2400;16;Zuid-Holland;2;6;5;Piershil;222;222;0;Hollandse_Delta;3.71184;1.85592;Waterschap Hollandse Delta;832;523;Korendijk;Hoeksewaard;;GM1963;3265.0;;;GM1963;;;;GM1963;;;False;False;False;51.79453577825065;4.318180618402201;WarmteAtlas:AquathermieRioolGemalen;;;
2401;12;Zuid-Holland;2;5;4;Oudenhoorn;161;161;0;Hollandse_Delta;2.69192;1.34596;Waterschap Hollandse Delta;603;379;Hellevoetsluis;Rotterdam-Den Haag;;GM1992;3227.0;;;GM1992;3227.0;;;GM1992;3227.0;;False;False;False;51.82632810751996;4.1866211716910735;WarmteAtlas:AquathermieRioolGemalen;;;
2402;0;Zuid-Holland;0;0;0;Hellevoetsluis Influentgemaal;0;0;0;Hollandse_Delta;0.0;0.0;Waterschap Hollandse Delta;0;0;Hellevoetsluis;Rotterdam-Den Haag;;GM1992;3225.0;;;GM1992;3225.0;;;GM1992;3225.0;;False;False;False;51.842871958463626;4.175836854717816;WarmteAtlas:AquathermieRioolGemalen;;;
2403;21;Zuid-Holland;3;8;7;Geervliet;290;290;0;Hollandse_Delta;4.8488;2.4244;Waterschap Hollandse Delta;1087;683;Nissewaard;Rotterdam-Den Haag;;GM1930;3211.0;;;GM1930;3211.0;;;GM1930;3211.0;;False;False;False;51.861597930610095;4.26272565542392;WarmteAtlas:AquathermieRioolGemalen;;;
2404;52;Zuid-Holland;7;21;17;Zuidland;717;717;0;Hollandse_Delta;11.9882;5.99412;Waterschap Hollandse Delta;2688;1689;Nissewaard;Rotterdam-Den Haag;;GM1930;3214.0;;;GM1930;3214.0;;;GM1930;3214.0;;False;False;False;51.8213634079291;4.255671559955998;WarmteAtlas:AquathermieRioolGemalen;;;
2405;840;Zuid-Holland;112;336;280;Spijkenisse Brabant;11580;11580;0;Hollandse_Delta;193.618;96.8088;Waterschap Hollandse Delta;43399;27271;Nissewaard;Rotterdam-Den Haag;;GM1930;3203.0;;;GM1930;3203.0;;;GM1930;3203.0;;False;False;False;51.84223609693762;4.345081968201011;WarmteAtlas:AquathermieRioolGemalen;;;
2406;0;Zuid-Holland;0;0;0;Boostergemaal Zuidland;0;0;0;Hollandse_Delta;0.0;0.0;Waterschap Hollandse Delta;0;0;Nissewaard;Rotterdam-Den Haag;;GM1930;3214.0;;;GM1930;3214.0;;;GM1930;3214.0;;False;False;False;51.807877857149215;4.26637331440886;WarmteAtlas:AquathermieRioolGemalen;;;
2407;55;Zuid-Holland;7;22;18;Heenvliet;761;761;0;Hollandse_Delta;12.7239;6.36196;Waterschap Hollandse Delta;2852;1792;Nissewaard;Rotterdam-Den Haag;;GM1930;3218.0;;;GM1930;3218.0;;;GM1930;3218.0;;False;False;False;51.86576017880927;4.2466357227303595;WarmteAtlas:AquathermieRioolGemalen;;;
2408;12;Zuid-Holland;2;5;4;Abbenbroek;170;170;0;Hollandse_Delta;2.8424;1.4212;Waterschap Hollandse Delta;637;400;Nissewaard;Rotterdam-Den Haag;;GM1930;3216.0;;;GM1930;3216.0;;;GM1930;3216.0;;False;False;False;51.84833047986059;4.245116116111447;WarmteAtlas:AquathermieRioolGemalen;;;
2409;5;Zuid-Holland;1;2;2;Simonshaven;67;67;0;Hollandse_Delta;1.12024;0.56012;Waterschap Hollandse Delta;251;158;Nissewaard;Rotterdam-Den Haag;;GM1930;3212.0;;;GM1930;3212.0;;;GM1930;3212.0;;False;False;False;51.82434179707327;4.290710334796354;WarmteAtlas:AquathermieRioolGemalen;;;
2410;49;Zuid-Holland;7;20;16;Klaaswaal;679;679;0;Hollandse_Delta;11.3529;5.67644;Waterschap Hollandse Delta;2545;1599;Cromstrijen;Hoeksewaard;;GM1963;;;;GM1963;;;;GM1963;;;False;False;False;51.76519786357894;4.444046254927273;WarmteAtlas:AquathermieRioolGemalen;;;
2411;72;Zuid-Holland;10;29;24;Numansdorp Zijplaan;992;992;0;Hollandse_Delta;16.5862;8.29312;Waterschap Hollandse Delta;3718;2336;Cromstrijen;Hoeksewaard;;GM1963;3281.0;;;GM1963;;;;GM1963;;;False;False;False;51.73828086067903;4.436528175651883;WarmteAtlas:AquathermieRioolGemalen;;;
2412;68;Zuid-Holland;6;27;14;Numansdorp Molendijk;1127;1127;0;Hollandse_Delta;18.8434;4.71086;Waterschap Hollandse Delta;2897;1327;Cromstrijen;Hoeksewaard;;GM1963;3281.0;;;GM1963;;;;GM1963;;;False;False;False;51.726587879261736;4.435003366984506;WarmteAtlas:AquathermieRioolGemalen;;;
2413;162;Zuid-Holland;22;65;54;Brielle;2240;2240;0;Hollandse_Delta;37.4528;18.7264;Waterschap Hollandse Delta;8395;5275;Brielle;Rotterdam-Den Haag;;GM1992;3232.0;;;GM1992;3232.0;;;GM1992;3232.0;;False;False;False;51.897236825614655;4.159109781656792;WarmteAtlas:AquathermieRioolGemalen;;;
2414;20;Zuid-Holland;3;8;7;Zwartewaal;277;277;0;Hollandse_Delta;4.63144;2.31572;Waterschap Hollandse Delta;1038;652;Brielle;Rotterdam-Den Haag;;GM1992;3238.0;;;GM1992;;;;GM1992;;;False;False;False;51.881995822201326;4.216484188506513;WarmteAtlas:AquathermieRioolGemalen;;;
2415;29;Zuid-Holland;4;12;10;Vierpolders;395;395;0;Hollandse_Delta;6.6044;3.3022;Waterschap Hollandse Delta;1480;930;Brielle;Rotterdam-Den Haag;;GM1992;3237.0;;;GM1992;;;;GM1992;;;False;False;False;51.87640602669551;4.185442127477133;WarmteAtlas:AquathermieRioolGemalen;;;
2416;29;Zuid-Holland;4;12;10;Westmaas;395;395;0;Hollandse_Delta;6.6044;3.3022;Waterschap Hollandse Delta;1480;930;Binnenmaas;Hoeksewaard;;GM1963;3271.0;;;GM1963;;;;GM1963;;;False;False;False;51.79244591332639;4.473419985470481;WarmteAtlas:AquathermieRioolGemalen;;;
2417;54;Zuid-Holland;7;22;18;Blaaksedijk;744;744;0;Hollandse_Delta;12.4397;6.21984;Waterschap Hollandse Delta;2788;1752;Binnenmaas;Hoeksewaard;;GM1963;3274.0;;;GM1963;;;;GM1963;;;False;False;False;51.811830045635155;4.518697147768313;WarmteAtlas:AquathermieRioolGemalen;;;
2418;72;Zuid-Holland;10;29;24;Mijnsheerenland;987;987;0;Hollandse_Delta;16.5026;8.25132;Waterschap Hollandse Delta;3699;2324;Binnenmaas;Hoeksewaard;;GM1963;3271.0;;;GM1963;;;;GM1963;;;False;False;False;51.799476567114716;4.485408688140313;WarmteAtlas:AquathermieRioolGemalen;;;
2419;60;Zuid-Holland;8;24;20;Maasdam Hoeksedijk;832;832;0;Hollandse_Delta;13.911;6.95552;Waterschap Hollandse Delta;3118;1959;Binnenmaas;Hoeksewaard;;GM1963;;;;GM1963;;;;GM1963;;;False;False;False;51.78897747930471;4.557205532763304;WarmteAtlas:AquathermieRioolGemalen;;;
2420;60;Zuid-Holland;8;24;20;Puttershoek Nassaulaan;821;821;0;Hollandse_Delta;13.7271;6.86356;Waterschap Hollandse Delta;3076;1933;Binnenmaas;Hoeksewaard;;GM1963;;;;GM1963;;;;GM1963;;;False;False;False;51.80335027089156;4.5719279082249065;WarmteAtlas:AquathermieRioolGemalen;;;
2421;198;Zuid-Holland;26;79;66;Maasdam Boezemkade;2727;2727;0;Hollandse_Delta;45.5954;22.7977;Waterschap Hollandse Delta;10220;6422;Binnenmaas;Hoeksewaard;;GM1963;;;;GM1963;;;;GM1963;;;False;False;False;51.78955738629904;4.555596698867308;WarmteAtlas:AquathermieRioolGemalen;;;
2422;8;Zuid-Holland;1;3;2;Schenkeldijk;105;105;0;Hollandse_Delta;1.7556;0.8778;Waterschap Hollandse Delta;393;247;Binnenmaas;Hoeksewaard;;GM1963;;;;GM1963;;;;GM1963;;;False;False;False;51.74189605840635;4.602221158686882;WarmteAtlas:AquathermieRioolGemalen;;;
2423;30;Zuid-Holland;4;12;10;Heinenoord Marijkestraat;421;421;0;Hollandse_Delta;7.03912;3.51956;Waterschap Hollandse Delta;1577;991;Binnenmaas;Hoeksewaard;;GM1963;3274.0;;;GM1963;;;;GM1963;;;False;False;False;51.828642213905525;4.47842799339502;WarmteAtlas:AquathermieRioolGemalen;;;
2424;125;Zuid-Holland;17;50;42;Mijlpolder;1721;1721;0;Hollandse_Delta;28.7751;14.3876;Waterschap Hollandse Delta;6450;4053;Binnenmaas;Hoeksewaard;;GM1963;;;;GM1963;;;;GM1963;;;False;False;False;51.79201682864126;4.61649691043395;WarmteAtlas:AquathermieRioolGemalen;;;
2425;104;Zuid-Holland;14;42;34;Heinenoord Nieuweweg;1429;1429;0;Hollandse_Delta;23.8929;11.9464;Waterschap Hollandse Delta;5355;3365;Binnenmaas;Hoeksewaard;;GM1963;3274.0;;;GM1963;;;;GM1963;;;False;False;False;51.820575464004456;4.4778515726291825;WarmteAtlas:AquathermieRioolGemalen;;;
2426;261;Zuid-Holland;21;104;52;Putterhoek Simonsdijkje;4312;4312;0;Hollandse_Delta;72.0966;18.0242;Waterschap Hollandse Delta;11083;5077;Binnenmaas;Hoeksewaard;;GM1963;;;;GM1963;;;;GM1963;;;False;False;False;51.804825974289784;4.581428035965127;WarmteAtlas:AquathermieRioolGemalen;;;
2440;16;Zuid-Holland;2;6;5;Achthuizen;216;216;0;Hollandse_Delta;3.61152;1.80576;Waterschap Hollandse Delta;810;509;Goeree-Overflakkee;Goeree-Overflakkee;;GM1924;3256.0;;;GM1924;;;;GM1924;;;False;False;False;51.68937854864957;4.2766369814898315;WarmteAtlas:AquathermieRioolGemalen;;;
2441;18;Zuid-Holland;2;7;6;Stad aan 't Haringvliet;252;252;0;Hollandse_Delta;4.21344;2.10672;Waterschap Hollandse Delta;944;593;Goeree-Overflakkee;Goeree-Overflakkee;;GM1924;3243.0;;;GM1924;;;;GM1924;;;False;False;False;51.73945252807867;4.240589135799653;WarmteAtlas:AquathermieRioolGemalen;;;
2445;16;Zuid-Holland;2;6;5;Mookhoek Zweedsestraat;216;216;0;Hollandse_Delta;3.61152;1.80576;Waterschap Hollandse Delta;810;509;Strijen;Hoeksewaard;;GM1963;;;;GM1963;;;;GM1963;;;False;False;False;51.75188978419131;4.593641598847322;WarmteAtlas:AquathermieRioolGemalen;;;
2446;6;Zuid-Holland;1;3;2;Strijensas;88;88;0;Hollandse_Delta;1.47136;0.73568;Waterschap Hollandse Delta;330;207;Strijen;Hoeksewaard;;GM1963;;;;GM1963;;;;GM1963;;;False;False;False;51.7183462193505;4.582789623908966;WarmteAtlas:AquathermieRioolGemalen;;;
2447;11;Zuid-Holland;2;4;4;Mookhoek Strijensedijk;151;151;0;Hollandse_Delta;2.52472;1.26236;Waterschap Hollandse Delta;566;356;Strijen;Hoeksewaard;;GM1963;;;;GM1963;;;;GM1963;;;False;False;False;51.75127163550581;4.594227812632937;WarmteAtlas:AquathermieRioolGemalen;;;
2448;0;Zuid-Holland;0;0;0;Strijen;0;0;0;Hollandse_Delta;0.0;0.0;Waterschap Hollandse Delta;0;0;Strijen;Hoeksewaard;;GM1963;;;;GM1963;;;;GM1963;;;False;False;False;51.7452707351658;4.561061861597197;WarmteAtlas:AquathermieRioolGemalen;;;
2597;31;Zuid-Holland;10;12;26;AWTG Rijnsaterwoude;432;432;0;HH van Rijnland;9.0288;9.0288;HH van Rijnland;3295;2543;Kaag en Braassem;Holland Rijnland;;GM1884;2465.0;;;GM1884;2465.0;;;GM1884;2465.0;;False;False;False;52.18957619563583;4.665177929641891;WarmteAtlas:AquathermieRioolGemalen;;;
