PK_UID;type_leid0;jaar;diameter;materiaal;soort_lei0;effluent_z;effluent_w;Shape_Leng;wp_gj_z;wp_gj_w;ws;tp_z_jaar;tp_w_jaar;gemeente;res_regio;tp_w_nb;tp_z_nb;tp_w_bb;tp_z_bb;provincie;waterschap;buurtcode_2023;gemeentecode_2023;pc4_code_2023;pc6_code_2023;buurtcode_2024;gemeentecode_2024;pc4_code_2024;pc6_code_2024;buurtcode_2025;gemeentecode_2025;pc4_code_2025;pc6_code_2025;buurtcode_gewijzigd;gemeentecode_gewijzigd;pc4_gewijzigd;centroid_lat;centroid_lon;meta_source_layer;meta_source_wfs_url;meta_retrieved_at;meta_source_last_modified
11;1;0;0;;Effluentleiding;7672;8589;268.940791;160.345;160.345;Waterschap Brabantse Delta;58525.9;45169.2;Waalwijk;Hart van Brabant;520;984;208;393;Noord-Brabant;Waterschap Brabantse Delta;;GM0867;;;;GM0867;;;;GM0867;;;False;False;False;51.71394691245385;5.068929316398369;WarmteAtlas:AquathermieEffluent;;;
12;1;0;0;;Effluentleiding;7672;8589;71.312526;160.345;160.345;Waterschap Brabantse Delta;58525.9;45169.2;Waalwijk;Hart van Brabant;520;984;208;393;Noord-Brabant;Waterschap Brabantse Delta;;GM0867;;;;GM0867;;;;GM0867;;;False;False;False;51.71231971541466;5.071749966758476;WarmteAtlas:AquathermieEffluent;;;
13;0;0;0;;Effluentleiding;1544;1684;148.967281;32.2696;32.2696;Waterschap Brabantse Delta;11778.4;9090.35;Waalwijk;Hart van Brabant;102;195;41;78;Noord-Brabant;Waterschap Brabantse Delta;;GM0867;;;;GM0867;;;;GM0867;;;False;False;False;51.70573053998097;4.942458603655284;WarmteAtlas:AquathermieEffluent;;;
14;0;0;0;;Effluentleiding;1544;1684;76.688505;32.2696;32.2696;Waterschap Brabantse Delta;11778.4;9090.35;Waalwijk;Hart van Brabant;102;195;41;78;Noord-Brabant;Waterschap Brabantse Delta;;GM0867;;;;GM0867;;;;GM0867;;;False;False;False;51.70597297475656;4.942104635371569;WarmteAtlas:AquathermieEffluent;;;
15;1;0;0;;Effluentleiding;7672;8589;104.269525;160.345;160.345;Waterschap Brabantse Delta;58525.9;45169.2;Waalwijk;Hart van Brabant;520;984;208;393;Noord-Brabant;Waterschap Brabantse Delta;;GM0867;;;;GM0867;;;;GM0867;;;False;False;False;51.712965990432394;5.071040156920384;WarmteAtlas:AquathermieEffluent;;;
115;overig;1990;406;Staal;Effluentleiding;2220;2220;17.999702;46.398;46.398;Waterschap Rivierenland;16935.3;13070.3;Neerijnen;Rivierenland (Fruitdelta);134;268;54;107;Gelderland;Waterschap Rivierenland;;GM1960;;;;GM1960;;;;GM1960;;;False;False;False;51.814970126976895;5.232020042446788;WarmteAtlas:AquathermieEffluent;;;
116;overig;1990;400;PVC;Effluentleiding;2220;2220;811.994512;46.398;46.398;Waterschap Rivierenland;16935.3;13070.3;Neerijnen;Rivierenland (Fruitdelta);134;268;54;107;Gelderland;Waterschap Rivierenland;;GM1960;;;;GM1960;;;;GM1960;;;False;False;False;51.818214893568076;5.229522835728621;WarmteAtlas:AquathermieEffluent;;;
117;overig;1990;406;Staal;Effluentleiding;2220;2220;52.795097;46.398;46.398;Waterschap Rivierenland;16935.3;13070.3;Neerijnen;Rivierenland (Fruitdelta);134;268;54;107;Gelderland;Waterschap Rivierenland;;GM1960;;;;GM1960;;;;GM1960;;;False;False;False;51.82061230194993;5.225601952830512;WarmteAtlas:AquathermieEffluent;;;
118;overig;1990;400;PVC;Effluentleiding;2220;2220;294.372642;46.398;46.398;Waterschap Rivierenland;16935.3;13070.3;Neerijnen;Rivierenland (Fruitdelta);134;268;54;107;Gelderland;Waterschap Rivierenland;;GM1960;;;;GM1960;;;;GM1960;;;False;False;False;51.82184969225029;5.224246511585109;WarmteAtlas:AquathermieEffluent;;;
119;overig;1990;400;PVC;Effluentleiding;2220;2220;37.982476;46.398;46.398;Waterschap Rivierenland;16935.3;13070.3;Neerijnen;Rivierenland (Fruitdelta);134;268;54;107;Gelderland;Waterschap Rivierenland;;GM1960;;;;GM1960;;;;GM1960;;;False;False;False;51.82292579982362;5.223239763132171;WarmteAtlas:AquathermieEffluent;;;
120;overig;1990;400;HDPE;Effluentleiding;2220;2220;23.167851;46.398;46.398;Waterschap Rivierenland;16935.3;13070.3;Neerijnen;Rivierenland (Fruitdelta);134;268;54;107;Gelderland;Waterschap Rivierenland;;GM1960;;;;GM1960;;;;GM1960;;;False;False;False;51.82287842458988;5.2228907977754915;WarmteAtlas:AquathermieEffluent;;;
150;drukleiding (persleiding);1996;1048;Gietijzer;Effluentleiding;5900;5900;320.833452;123.31;123.31;Waterschap Rivierenland;45008.1;34736.4;Vianen;U10/U16;357;714;143;285;Utrecht;Waterschap Rivierenland;;GM1961;;;;GM1961;;;;GM1961;;;False;False;False;52.00046898441256;5.097554208319136;WarmteAtlas:AquathermieEffluent;;;
62;drukleiding (persleiding);1996;99999;Beton;Effluentleiding;1100;1100;44.977495;22.99;22.99;Waterschap Rivierenland;8391.35;6476.28;Lingewaal;Rivierenland (Fruitdelta);66;133;27;53;Gelderland;Waterschap Rivierenland;;GM1960;;;;GM1960;;;;GM1960;;;False;False;False;51.88381680629684;5.110747650906851;WarmteAtlas:AquathermieEffluent;;;
63;overig;1976;99999;Asbestcement;Effluentleiding;1310;1310;15.68597;27.379;27.379;Waterschap Rivierenland;9993.33;7712.66;Geldermalsen;Rivierenland (Fruitdelta);79;158;32;63;Gelderland;Waterschap Rivierenland;;GM1960;;;;GM1960;;;;GM1960;;;False;False;False;51.89666686085901;5.16925537281452;WarmteAtlas:AquathermieEffluent;;;
64;overig;0;99999;"Beton; gewapend";Effluentleiding;5490;5490;16.445498;114.741;114.741;Waterschap Rivierenland;41880.5;32322.5;Geldermalsen;Rivierenland (Fruitdelta);332;664;133;266;Gelderland;Waterschap Rivierenland;;GM1960;;;;GM1960;;;;GM1960;;;False;False;False;51.88756466373164;5.276046055976002;WarmteAtlas:AquathermieEffluent;;;
65;overig;1976;99999;Asbestcement;Effluentleiding;1310;1310;6.967796;27.379;27.379;Waterschap Rivierenland;9993.33;7712.66;Geldermalsen;Rivierenland (Fruitdelta);79;158;32;63;Gelderland;Waterschap Rivierenland;;GM1960;;;;GM1960;;;;GM1960;;;False;False;False;51.89675132242465;5.169346245384905;WarmteAtlas:AquathermieEffluent;;;
66;overig;1976;99999;Asbestcement;Effluentleiding;1310;1310;43.018977;27.379;27.379;Waterschap Rivierenland;9993.33;7712.66;Geldermalsen;Rivierenland (Fruitdelta);79;158;32;63;Gelderland;Waterschap Rivierenland;;GM1960;;;;GM1960;;;;GM1960;;;False;False;False;51.897060247841935;5.16943181211747;WarmteAtlas:AquathermieEffluent;;;
67;drukleiding (persleiding);0;99999;Asbestcement;Effluentleiding;5490;5490;77.103014;114.741;114.741;Waterschap Rivierenland;41880.5;32322.5;Geldermalsen;Rivierenland (Fruitdelta);332;664;133;266;Gelderland;Waterschap Rivierenland;;GM1960;;;;GM1960;;;;GM1960;;;False;False;False;51.88705633956495;5.275601180999207;WarmteAtlas:AquathermieEffluent;;;
68;overig;0;600;GVK;Effluentleiding;5490;5490;97.598039;114.741;114.741;Waterschap Rivierenland;41880.5;32322.5;Geldermalsen;Rivierenland (Fruitdelta);332;664;133;266;Gelderland;Waterschap Rivierenland;;GM1960;;;;GM1960;;;;GM1960;;;False;False;False;51.886988655479314;5.2753114521874815;WarmteAtlas:AquathermieEffluent;;;
69;overig;0;700;GVK;Effluentleiding;5490;5490;39.337195;114.741;114.741;Waterschap Rivierenland;41880.5;32322.5;Geldermalsen;Rivierenland (Fruitdelta);332;664;133;266;Gelderland;Waterschap Rivierenland;;GM1960;;;;GM1960;;;;GM1960;;;False;False;False;51.88743403373221;5.2757065054180625;WarmteAtlas:AquathermieEffluent;;;
70;overig;1976;99999;Asbestcement;Effluentleiding;1310;1310;11.270821;27.379;27.379;Waterschap Rivierenland;9993.33;7712.66;Geldermalsen;Rivierenland (Fruitdelta);79;158;32;63;Gelderland;Waterschap Rivierenland;;GM1960;;;;GM1960;;;;GM1960;;;False;False;False;51.89682594843148;5.169400047641772;WarmteAtlas:AquathermieEffluent;;;
71;;2012;200;PE 100;Effluentleiding;1070;1070;17.104869;22.363;22.363;Waterschap Rivierenland;8162.5;6299.66;Overbetuwe;Arnhem/Nijmegen;65;130;26;52;Gelderland;Waterschap Rivierenland;;GM1734;;;;GM1734;;;;GM1734;;;False;False;False;51.936172950716376;5.711151961232118;WarmteAtlas:AquathermieEffluent;;;
73;;2012;200;PE 100;Effluentleiding;1070;1070;60.774795;22.363;22.363;Waterschap Rivierenland;8162.5;6299.66;Overbetuwe;Arnhem/Nijmegen;65;130;26;52;Gelderland;Waterschap Rivierenland;;GM1734;;;;GM1734;;;;GM1734;;;False;False;False;51.93811003720374;5.7111840751684815;WarmteAtlas:AquathermieEffluent;;;
74;overig;1985;99999;Asbestcement;Effluentleiding;1070;1070;290.987185;22.363;22.363;Waterschap Rivierenland;8162.5;6299.66;Overbetuwe;Arnhem/Nijmegen;65;130;26;52;Gelderland;Waterschap Rivierenland;;GM1734;;;;GM1734;;;;GM1734;;;False;False;False;51.937379750573484;5.710986900760678;WarmteAtlas:AquathermieEffluent;;;
75;overig;1985;99999;Asbestcement;Effluentleiding;1070;1070;4.000251;22.363;22.363;Waterschap Rivierenland;8162.5;6299.66;Overbetuwe;Arnhem/Nijmegen;65;130;26;52;Gelderland;Waterschap Rivierenland;;GM1734;;;;GM1734;;;;GM1734;;;False;False;False;51.936140698558866;5.7110858213590765;WarmteAtlas:AquathermieEffluent;;;
76;;2012;200;PE 100;Effluentleiding;1070;1070;208.849153;22.363;22.363;Waterschap Rivierenland;8162.5;6299.66;Overbetuwe;Arnhem/Nijmegen;65;130;26;52;Gelderland;Waterschap Rivierenland;;GM1734;;;;GM1734;;;;GM1734;;;False;False;False;51.93717267398269;5.710947691478483;WarmteAtlas:AquathermieEffluent;;;
89;overig;1982;99999;"Beton; plaatstalen kern";Effluentleiding;3910;3910;9.900754;81.719;81.719;Waterschap Rivierenland;29827.4;23020.2;Neder-Betuwe;Rivierenland (Fruitdelta);236;473;95;189;Gelderland;Waterschap Rivierenland;;GM1740;;;;GM1740;;;;GM1740;;;False;False;False;51.92575548541121;5.634292063151832;WarmteAtlas:AquathermieEffluent;;;
90;overig;1982;99999;"Beton; gewapend";Effluentleiding;3910;3910;482.963205;81.719;81.719;Waterschap Rivierenland;29827.4;23020.2;Neder-Betuwe;Rivierenland (Fruitdelta);236;473;95;189;Gelderland;Waterschap Rivierenland;;GM1740;;;;GM1740;;;;GM1740;;;False;False;False;51.924101317429205;5.635303334930819;WarmteAtlas:AquathermieEffluent;;;
91;drukleiding (persleiding);2004;800;GVK;Effluentleiding;3910;3910;38.575777;81.719;81.719;Waterschap Rivierenland;29827.4;23020.2;Neder-Betuwe;Rivierenland (Fruitdelta);236;473;95;189;Gelderland;Waterschap Rivierenland;;GM1740;;;;GM1740;;;;GM1740;;;False;False;False;51.92182821758971;5.635582367076038;WarmteAtlas:AquathermieEffluent;;;
92;overig;1982;99999;"Beton; gewapend";Effluentleiding;3910;3910;157.119791;81.719;81.719;Waterschap Rivierenland;29827.4;23020.2;Neder-Betuwe;Rivierenland (Fruitdelta);236;473;95;189;Gelderland;Waterschap Rivierenland;;GM1740;;;;GM1740;;;;GM1740;;;False;False;False;51.92069377724578;5.635224342962987;WarmteAtlas:AquathermieEffluent;;;
93;overig;1982;99999;"Beton; plaatstalen kern";Effluentleiding;3910;3910;56.076189;81.719;81.719;Waterschap Rivierenland;29827.4;23020.2;Neder-Betuwe;Rivierenland (Fruitdelta);236;473;95;189;Gelderland;Waterschap Rivierenland;;GM1740;;;;GM1740;;;;GM1740;;;False;False;False;51.921405142464316;5.635512176089586;WarmteAtlas:AquathermieEffluent;;;
151;drukleiding (persleiding);1960;99999;"Beton; plaatstalen kern";Effluentleiding;4580;4580;116.201139;95.722;95.722;Waterschap Rivierenland;34938.5;26964.9;Leerdam;U10/U16;277;554;111;222;Utrecht;Waterschap Rivierenland;;GM1961;;;;GM1961;;;;GM1961;;;False;False;False;51.888980715415315;5.088898614551969;WarmteAtlas:AquathermieEffluent;;;
152;drukleiding (persleiding);2010;315;PVC;Effluentleiding;8730;8730;309.321723;182.457;182.457;Waterschap Rivierenland;66596.8;51398.1;Werkendam;West-Brabant;528;1056;211;422;Noord-Brabant;Waterschap Rivierenland;;GM1959;;;;GM1959;;;;GM1959;;;False;False;False;51.815553493290764;4.929843768033304;WarmteAtlas:AquathermieEffluent;;;
153;overig;1982;99999;"Beton; gewapend";Effluentleiding;8730;8730;802.363544;182.457;182.457;Waterschap Rivierenland;66596.8;51398.1;Werkendam;West-Brabant;528;1056;211;422;Noord-Brabant;Waterschap Rivierenland;;GM1959;;;;GM1959;;;;GM1959;;;False;False;False;51.81870632675316;4.930506501062161;WarmteAtlas:AquathermieEffluent;;;
154;overig;1983;99999;"Beton; gewapend";Effluentleiding;1370;1370;288.600722;28.633;28.633;Waterschap Rivierenland;10451.0;8065.92;Werkendam;West-Brabant;83;166;33;66;Noord-Brabant;Waterschap Rivierenland;;GM1959;;;;GM1959;;;;GM1959;;;False;False;False;51.73298975790003;4.9275342268930915;WarmteAtlas:AquathermieEffluent;;;
155;overig;1982;99999;"Beton; gewapend";Effluentleiding;8730;8730;2.642717;182.457;182.457;Waterschap Rivierenland;66596.8;51398.1;Werkendam;West-Brabant;528;1056;211;422;Noord-Brabant;Waterschap Rivierenland;;GM1959;;;;GM1959;;;;GM1959;;;False;False;False;51.82211516574531;4.92988909873371;WarmteAtlas:AquathermieEffluent;;;
156;overig;1992;500;PVC;Effluentleiding;8730;8730;690.30508;182.457;182.457;Waterschap Rivierenland;66596.8;51398.1;Werkendam;West-Brabant;528;1056;211;422;Noord-Brabant;Waterschap Rivierenland;;GM1959;;;;GM1959;;;;GM1959;;;False;False;False;51.8193196872353;4.929838201793418;WarmteAtlas:AquathermieEffluent;;;
157;overig;1972;99999;Asbestcement;Effluentleiding;1710;1710;264.978111;35.739;35.739;Waterschap Rivierenland;13044.7;10067.7;Aalburg;West-Brabant;104;207;41;83;Noord-Brabant;Waterschap Rivierenland;;GM1959;;;;GM1959;;;;GM1959;;;False;False;False;51.75386577807971;5.120572626768205;WarmteAtlas:AquathermieEffluent;;;
158;overig;1977;315;PVC;Effluentleiding;670;670;29.083634;14.003;14.003;Waterschap Rivierenland;5111.1;3944.65;Aalburg;West-Brabant;40;81;16;32;Noord-Brabant;Waterschap Rivierenland;;GM1959;;;;GM1959;;;;GM1959;;;False;False;False;51.72457678181578;5.055108758998823;WarmteAtlas:AquathermieEffluent;;;
159;overig;0;738;Gietijzer;Effluentleiding;11090;11090;96.462949;231.781;231.781;Waterschap Rivierenland;84600.1;65292.7;Giessenlanden;Alblasserwaard;671;1341;268;536;Zuid-Holland;Waterschap Rivierenland;;GM1978;;;;GM1978;;;;GM1978;;;False;False;False;51.84083546709429;4.930562162958355;WarmteAtlas:AquathermieEffluent;;;
160;overig;2002;738;Gietijzer;Effluentleiding;11090;11090;288.267905;231.781;231.781;Waterschap Rivierenland;84600.1;65292.7;Giessenlanden;Alblasserwaard;671;1341;268;536;Zuid-Holland;Waterschap Rivierenland;;GM1978;;;;GM1978;;;;GM1978;;;False;False;False;51.84287530807329;4.935426556846281;WarmteAtlas:AquathermieEffluent;;;
161;overig;0;738;Gietijzer;Effluentleiding;11090;11090;351.401312;231.781;231.781;Waterschap Rivierenland;84600.1;65292.7;Giessenlanden;Alblasserwaard;671;1341;268;536;Zuid-Holland;Waterschap Rivierenland;;GM1978;;;;GM1978;;;;GM1978;;;False;False;False;51.84221791363694;4.934633106407915;WarmteAtlas:AquathermieEffluent;;;
162;overig;1989;687;GVK;Effluentleiding;11090;11090;141.217648;231.781;231.781;Waterschap Rivierenland;84600.1;65292.7;Giessenlanden;Alblasserwaard;671;1341;268;536;Zuid-Holland;Waterschap Rivierenland;;GM1978;;;;GM1978;;;;GM1978;;;False;False;False;51.84157779642664;4.933764879636419;WarmteAtlas:AquathermieEffluent;;;
163;overig;0;710;PE;Effluentleiding;11090;11090;119.949272;231.781;231.781;Waterschap Rivierenland;84600.1;65292.7;Giessenlanden;Alblasserwaard;671;1341;268;536;Zuid-Holland;Waterschap Rivierenland;;GM1978;;;;GM1978;;;;GM1978;;;False;False;False;51.841107379897785;4.932056818788418;WarmteAtlas:AquathermieEffluent;;;
165;overig;1997;685;Staal;Effluentleiding;11090;11090;253.548323;231.781;231.781;Waterschap Rivierenland;84600.1;65292.7;Giessenlanden;Alblasserwaard;671;1341;268;536;Zuid-Holland;Waterschap Rivierenland;;GM1978;;;;GM1978;;;;GM1978;;;False;False;False;51.840507186456286;4.931541022188608;WarmteAtlas:AquathermieEffluent;;;
184;drukleiding (persleiding);1989;610;Staal;Effluentleiding;6750;6750;92.618312;141.075;141.075;Waterschap Rivierenland;51492.4;39740.8;Molenwaard;Alblasserwaard;408;816;163;327;Zuid-Holland;Waterschap Rivierenland;;GM1978;2964.0;;;GM1978;2964.0;;;GM1978;2964.0;;False;False;False;51.94000170692474;4.8560573421946645;WarmteAtlas:AquathermieEffluent;;;
185;drukleiding (persleiding);1991;381;Staal;Effluentleiding;3348;3348;67.905525;69.9732;69.9732;Waterschap Rivierenland;25540.2;19711.4;Molenwaard;Alblasserwaard;202;405;81;162;Zuid-Holland;Waterschap Rivierenland;;GM1978;2957.0;;;GM1978;2957.0;;;GM1978;2957.0;;False;False;False;51.88813819233795;4.65732366416251;WarmteAtlas:AquathermieEffluent;;;
186;drukleiding (persleiding);1989;630;PVC;Effluentleiding;6750;6750;357.417636;141.075;141.075;Waterschap Rivierenland;51492.4;39740.8;Molenwaard;Alblasserwaard;408;816;163;327;Zuid-Holland;Waterschap Rivierenland;;GM1978;2964.0;;;GM1978;2964.0;;;GM1978;2964.0;;False;False;False;51.93705311674803;4.857100553716436;WarmteAtlas:AquathermieEffluent;;;
187;drukleiding (persleiding);1985;400;PVC;Effluentleiding;3348;3348;119.990523;69.9732;69.9732;Waterschap Rivierenland;25540.2;19711.4;Molenwaard;Alblasserwaard;202;405;81;162;Zuid-Holland;Waterschap Rivierenland;;GM1978;2957.0;;;GM1978;2957.0;;;GM1978;2957.0;;False;False;False;51.88721050935945;4.657964066635656;WarmteAtlas:AquathermieEffluent;;;
188;drukleiding (persleiding);1985;381;Staal;Effluentleiding;3348;3348;30.687911;69.9732;69.9732;Waterschap Rivierenland;25540.2;19711.4;Molenwaard;Alblasserwaard;202;405;81;162;Zuid-Holland;Waterschap Rivierenland;;GM1978;2957.0;;;GM1978;2957.0;;;GM1978;2957.0;;False;False;False;51.88770669850709;4.657336471536628;WarmteAtlas:AquathermieEffluent;;;
189;drukleiding (persleiding);1989;610;Staal;Effluentleiding;6750;6750;174.353522;141.075;141.075;Waterschap Rivierenland;51492.4;39740.8;Molenwaard;Alblasserwaard;408;816;163;327;Zuid-Holland;Waterschap Rivierenland;;GM1978;2964.0;;;GM1978;2964.0;;;GM1978;2964.0;;False;False;False;51.93895428808672;4.855932900274014;WarmteAtlas:AquathermieEffluent;;;
198;114;1983;0;;Effluentleiding;15120;15120;158.743564;316.008;316.008;Hoogheemraadschap De Stichtse Rijnlanden;115343.0;89019.5;Woerden;U10/U16;914;1829;366;732;Utrecht;Hoogheemraadschap De Stichtse Rijnlanden;;GM0632;;;;GM0632;;;;GM0632;;;False;False;False;52.0854230620888;4.8496880716049935;WarmteAtlas:AquathermieEffluent;;;
199;121;1988;0;;Effluentleiding;13320;13320;599.45479;278.388;278.388;Hoogheemraadschap De Stichtse Rijnlanden;101612.0;78421.9;Utrechtse Heuvelrug;U10/U16;806;1611;322;644;Utrecht;Hoogheemraadschap De Stichtse Rijnlanden;;GM1581;;;;GM1581;;;;GM1581;;;False;False;False;52.045068562508675;5.257757870463087;WarmteAtlas:AquathermieEffluent;;;
221;110;1972;700;;Onbekend;25200;25200;566.454073;526.68;526.68;Hoogheemraadschap De Stichtse Rijnlanden;192238.0;148366.0;IJsselstein;U10/U16;1524;3048;610;1219;Utrecht;Hoogheemraadschap De Stichtse Rijnlanden;;GM0353;;;;GM0353;;;;GM0353;;;False;False;False;52.002908185682976;5.0679618203994234;WarmteAtlas:AquathermieEffluent;;;
222;110;1972;120;;Effluentleiding;25200;25200;577.518395;526.68;526.68;Hoogheemraadschap De Stichtse Rijnlanden;192238.0;148366.0;IJsselstein;U10/U16;1524;3048;610;1219;Utrecht;Hoogheemraadschap De Stichtse Rijnlanden;;GM0353;;;;GM0353;;;;GM0353;;;False;False;False;52.000191926884334;5.071941213530038;WarmteAtlas:AquathermieEffluent;;;
223;drukleiding (persleiding);2006;1400;Beton;Effluentleiding;262800;262800;368.273858;5492.52;5492.52;Hoogheemraadschap van Delfland;2004770.0;1547240.0;Midden-Delfland;Rotterdam-Den Haag;15893;31786;6357;12714;Zuid-Holland;Hoogheemraadschap van Delfland;;GM1842;2635.0;;;GM1842;2635.0;;;GM1842;2635.0;;False;False;False;52.0177796748035;4.317735157880052;WarmteAtlas:AquathermieEffluent;;;
224;drukleiding (persleiding);2006;1400;Staal;Effluentleiding;262800;262800;2.794307;5492.52;5492.52;Hoogheemraadschap van Delfland;2004770.0;1547240.0;Midden-Delfland;Rotterdam-Den Haag;15893;31786;6357;12714;Zuid-Holland;Hoogheemraadschap van Delfland;;GM1842;2635.0;;;GM1842;2635.0;;;GM1842;2635.0;;False;False;False;52.019101381379066;4.318507042499404;WarmteAtlas:AquathermieEffluent;;;
225;drukleiding (persleiding);2006;1400;Gewapend beton;Effluentleiding;262800;262800;81.82817;5492.52;5492.52;Hoogheemraadschap van Delfland;2004770.0;1547240.0;Midden-Delfland;Rotterdam-Den Haag;15893;31786;6357;12714;Zuid-Holland;Hoogheemraadschap van Delfland;;GM0603;2286.0;;;GM0603;2286.0;;;GM0603;2286.0;;False;False;False;52.01946885572716;4.31838517841843;WarmteAtlas:AquathermieEffluent;;;
245;drukleiding (persleiding);1970;1400;Gewapend beton;Effluentleiding;262800;262800;36.491177;5492.52;5492.52;Hoogheemraadschap van Delfland;2004770.0;1547240.0;'s-Gravenhage;Rotterdam-Den Haag;15893;31786;6357;12714;Zuid-Holland;Hoogheemraadschap van Delfland;;GM0603;2285.0;;;GM0603;2285.0;;;GM0603;2285.0;;False;False;False;52.04651268288294;4.304035832322188;WarmteAtlas:AquathermieEffluent;;;
246;drukleiding (persleiding);1970;1400;Gewapend beton;Effluentleiding;262800;262800;217.430128;5492.52;5492.52;Hoogheemraadschap van Delfland;2004770.0;1547240.0;Rijswijk;Rotterdam-Den Haag;15893;31786;6357;12714;Zuid-Holland;Hoogheemraadschap van Delfland;;GM0603;2285.0;;;GM0603;2285.0;;;GM0603;2285.0;;False;False;False;52.0454944956885;4.304871324067839;WarmteAtlas:AquathermieEffluent;;;
247;drukleiding (persleiding);1970;1400;Gewapend beton;Effluentleiding;262800;262800;22.971444;5492.52;5492.52;Hoogheemraadschap van Delfland;2004770.0;1547240.0;Rijswijk;Rotterdam-Den Haag;15893;31786;6357;12714;Zuid-Holland;Hoogheemraadschap van Delfland;;GM0603;2285.0;;;GM0603;2285.0;;;GM0603;2285.0;;False;False;False;52.044533686896024;4.305670546332069;WarmteAtlas:AquathermieEffluent;;;
248;drukleiding (persleiding);1970;1400;Gewapend beton;Effluentleiding;262800;262800;70.880182;5492.52;5492.52;Hoogheemraadschap van Delfland;2004770.0;1547240.0;Rijswijk;Rotterdam-Den Haag;15893;31786;6357;12714;Zuid-Holland;Hoogheemraadschap van Delfland;;GM0603;2285.0;;;GM0603;2285.0;;;GM0603;2285.0;;False;False;False;52.0442010012901;4.306089692902624;WarmteAtlas:AquathermieEffluent;;;
249;drukleiding (persleiding);1970;1400;Gewapend beton;Effluentleiding;262800;262800;22.585042;5492.52;5492.52;Hoogheemraadschap van Delfland;2004770.0;1547240.0;Rijswijk;Rotterdam-Den Haag;15893;31786;6357;12714;Zuid-Holland;Hoogheemraadschap van Delfland;;GM0603;2284.0;;;GM0603;2284.0;;;GM0603;2284.0;;False;False;False;52.043869995845604;4.306507919208068;WarmteAtlas:AquathermieEffluent;;;
250;drukleiding (persleiding);1970;1400;Gewapend beton;Effluentleiding;262800;262800;229.28576;5492.52;5492.52;Hoogheemraadschap van Delfland;2004770.0;1547240.0;Rijswijk;Rotterdam-Den Haag;15893;31786;6357;12714;Zuid-Holland;Hoogheemraadschap van Delfland;;GM0603;2284.0;;;GM0603;2284.0;;;GM0603;2284.0;;False;False;False;52.04286723887008;4.307357509999844;WarmteAtlas:AquathermieEffluent;;;
251;drukleiding (persleiding);1970;1400;Gewapend beton;Effluentleiding;262800;262800;27.163071;5492.52;5492.52;Hoogheemraadschap van Delfland;2004770.0;1547240.0;Rijswijk;Rotterdam-Den Haag;15893;31786;6357;12714;Zuid-Holland;Hoogheemraadschap van Delfland;;GM0603;2285.0;;;GM0603;2285.0;;;GM0603;2285.0;;False;False;False;52.041840940429594;4.308207343796989;WarmteAtlas:AquathermieEffluent;;;
252;drukleiding (persleiding);1970;1400;Gewapend beton;Effluentleiding;262800;262800;362.014123;5492.52;5492.52;Hoogheemraadschap van Delfland;2004770.0;1547240.0;Rijswijk;Rotterdam-Den Haag;15893;31786;6357;12714;Zuid-Holland;Hoogheemraadschap van Delfland;;GM0603;2285.0;;;GM0603;2285.0;;;GM0603;2285.0;;False;False;False;52.04029236767868;4.309524832432048;WarmteAtlas:AquathermieEffluent;;;
253;drukleiding (persleiding);1970;1400;Gewapend beton;Effluentleiding;262800;262800;99.594284;5492.52;5492.52;Hoogheemraadschap van Delfland;2004770.0;1547240.0;Rijswijk;Rotterdam-Den Haag;15893;31786;6357;12714;Zuid-Holland;Hoogheemraadschap van Delfland;;GM0603;2285.0;;;GM0603;2285.0;;;GM0603;2285.0;;False;False;False;52.03845286353379;4.311079501995095;WarmteAtlas:AquathermieEffluent;;;
254;drukleiding (persleiding);1970;1400;Gewapend beton;Effluentleiding;262800;262800;9.086445;5492.52;5492.52;Hoogheemraadschap van Delfland;2004770.0;1547240.0;Rijswijk;Rotterdam-Den Haag;15893;31786;6357;12714;Zuid-Holland;Hoogheemraadschap van Delfland;;GM0603;2284.0;;;GM0603;2284.0;;;GM0603;2284.0;;False;False;False;52.038026955278774;4.311466556428213;WarmteAtlas:AquathermieEffluent;;;
255;drukleiding (persleiding);1970;1400;Gewapend beton;Effluentleiding;262800;262800;611.198383;5492.52;5492.52;Hoogheemraadschap van Delfland;2004770.0;1547240.0;Rijswijk;Rotterdam-Den Haag;15893;31786;6357;12714;Zuid-Holland;Hoogheemraadschap van Delfland;;GM0603;2284.0;;;GM0603;2284.0;;;GM0603;2284.0;;False;False;False;52.035644284409294;4.313810862123969;WarmteAtlas:AquathermieEffluent;;;
256;drukleiding (persleiding);1970;1400;Gewapend beton;Effluentleiding;262800;262800;24.031307;5492.52;5492.52;Hoogheemraadschap van Delfland;2004770.0;1547240.0;Rijswijk;Rotterdam-Den Haag;15893;31786;6357;12714;Zuid-Holland;Hoogheemraadschap van Delfland;;GM0603;2287.0;;;GM0603;2287.0;;;GM0603;2287.0;;False;False;False;52.03320129256749;4.3162026109897145;WarmteAtlas:AquathermieEffluent;;;
257;drukleiding (persleiding);1970;1400;Gewapend beton;Effluentleiding;262800;262800;80.103308;5492.52;5492.52;Hoogheemraadschap van Delfland;2004770.0;1547240.0;Rijswijk;Rotterdam-Den Haag;15893;31786;6357;12714;Zuid-Holland;Hoogheemraadschap van Delfland;;GM0603;2286.0;;;GM0603;2286.0;;;GM0603;2286.0;;False;False;False;52.032763678952435;4.316470553529476;WarmteAtlas:AquathermieEffluent;;;
258;drukleiding (persleiding);1970;1400;Gewapend beton;Effluentleiding;262800;262800;45.075011;5492.52;5492.52;Hoogheemraadschap van Delfland;2004770.0;1547240.0;Rijswijk;Rotterdam-Den Haag;15893;31786;6357;12714;Zuid-Holland;Hoogheemraadschap van Delfland;;GM0603;2286.0;;;GM0603;2286.0;;;GM0603;2286.0;;False;False;False;52.03223841168847;4.3167929969714995;WarmteAtlas:AquathermieEffluent;;;
259;drukleiding (persleiding);1970;1400;Gewapend beton;Effluentleiding;262800;262800;104.105819;5492.52;5492.52;Hoogheemraadschap van Delfland;2004770.0;1547240.0;Rijswijk;Rotterdam-Den Haag;15893;31786;6357;12714;Zuid-Holland;Hoogheemraadschap van Delfland;;GM0603;2286.0;;;GM0603;2286.0;;;GM0603;2286.0;;False;False;False;52.031672782540525;4.317369344154801;WarmteAtlas:AquathermieEffluent;;;
260;drukleiding (persleiding);1970;1400;Gewapend beton;Effluentleiding;262800;262800;23.104595;5492.52;5492.52;Hoogheemraadschap van Delfland;2004770.0;1547240.0;Rijswijk;Rotterdam-Den Haag;15893;31786;6357;12714;Zuid-Holland;Hoogheemraadschap van Delfland;;GM0603;2286.0;;;GM0603;2286.0;;;GM0603;2286.0;;False;False;False;52.031196885394934;4.31788261776643;WarmteAtlas:AquathermieEffluent;;;
261;drukleiding (persleiding);1970;1400;Gewapend beton;Effluentleiding;262800;262800;207.899746;5492.52;5492.52;Hoogheemraadschap van Delfland;2004770.0;1547240.0;Rijswijk;Rotterdam-Den Haag;15893;31786;6357;12714;Zuid-Holland;Hoogheemraadschap van Delfland;;GM0603;2286.0;;;GM0603;2286.0;;;GM0603;2286.0;;False;False;False;52.03028060151129;4.318672967931956;WarmteAtlas:AquathermieEffluent;;;
262;drukleiding (persleiding);1970;1400;Gewapend beton;Effluentleiding;262800;262800;24.260594;5492.52;5492.52;Hoogheemraadschap van Delfland;2004770.0;1547240.0;Rijswijk;Rotterdam-Den Haag;15893;31786;6357;12714;Zuid-Holland;Hoogheemraadschap van Delfland;;GM0603;2286.0;;;GM0603;2286.0;;;GM0603;2286.0;;False;False;False;52.02935460640149;4.319452169330234;WarmteAtlas:AquathermieEffluent;;;
263;drukleiding (persleiding);1970;1400;Gewapend beton;Effluentleiding;262800;262800;48.65242;5492.52;5492.52;Hoogheemraadschap van Delfland;2004770.0;1547240.0;Rijswijk;Rotterdam-Den Haag;15893;31786;6357;12714;Zuid-Holland;Hoogheemraadschap van Delfland;;GM0603;2286.0;;;GM0603;2286.0;;;GM0603;2286.0;;False;False;False;52.029065469038414;4.3197020780372695;WarmteAtlas:AquathermieEffluent;;;
264;drukleiding (persleiding);1998;1400;GVK;Effluentleiding;262800;262800;15.346895;5492.52;5492.52;Hoogheemraadschap van Delfland;2004770.0;1547240.0;Rijswijk;Rotterdam-Den Haag;15893;31786;6357;12714;Zuid-Holland;Hoogheemraadschap van Delfland;;GM0603;2286.0;;;GM0603;2286.0;;;GM0603;2286.0;;False;False;False;52.028814462200124;4.319929181730755;WarmteAtlas:AquathermieEffluent;;;
265;drukleiding (persleiding);1998;1400;GVK;Effluentleiding;262800;262800;2.651584;5492.52;5492.52;Hoogheemraadschap van Delfland;2004770.0;1547240.0;Rijswijk;Rotterdam-Den Haag;15893;31786;6357;12714;Zuid-Holland;Hoogheemraadschap van Delfland;;GM0603;2286.0;;;GM0603;2286.0;;;GM0603;2286.0;;False;False;False;52.02874643068874;4.320000094414506;WarmteAtlas:AquathermieEffluent;;;
266;drukleiding (persleiding);1970;1400;Gewapend beton;Effluentleiding;262800;262800;88.143014;5492.52;5492.52;Hoogheemraadschap van Delfland;2004770.0;1547240.0;Rijswijk;Rotterdam-Den Haag;15893;31786;6357;12714;Zuid-Holland;Hoogheemraadschap van Delfland;;GM0603;2286.0;;;GM0603;2286.0;;;GM0603;2286.0;;False;False;False;52.02840962960174;4.320373482208215;WarmteAtlas:AquathermieEffluent;;;
267;drukleiding (persleiding);1988;1400;Gewapend beton;Effluentleiding;262800;262800;27.532961;5492.52;5492.52;Hoogheemraadschap van Delfland;2004770.0;1547240.0;Rijswijk;Rotterdam-Den Haag;15893;31786;6357;12714;Zuid-Holland;Hoogheemraadschap van Delfland;;GM0603;2286.0;;;GM0603;2286.0;;;GM0603;2286.0;;False;False;False;52.027981511466116;4.320850335709491;WarmteAtlas:AquathermieEffluent;;;
268;drukleiding (persleiding);1988;1400;Gewapend beton;Effluentleiding;262800;262800;446.168097;5492.52;5492.52;Hoogheemraadschap van Delfland;2004770.0;1547240.0;Rijswijk;Rotterdam-Den Haag;15893;31786;6357;12714;Zuid-Holland;Hoogheemraadschap van Delfland;;GM0603;2286.0;;;GM0603;2286.0;;;GM0603;2286.0;;False;False;False;52.02643037353208;4.32306394871495;WarmteAtlas:AquathermieEffluent;;;
269;drukleiding (persleiding);1971;1400;Gewapend beton;Effluentleiding;262800;262800;92.489388;5492.52;5492.52;Hoogheemraadschap van Delfland;2004770.0;1547240.0;Rijswijk;Rotterdam-Den Haag;15893;31786;6357;12714;Zuid-Holland;Hoogheemraadschap van Delfland;;GM0603;2286.0;;;GM0603;2286.0;;;GM0603;2286.0;;False;False;False;52.02431030701098;4.324784866382453;WarmteAtlas:AquathermieEffluent;;;
270;drukleiding (persleiding);2006;1400;Gewapend beton;Effluentleiding;262800;262800;8.645931;5492.52;5492.52;Hoogheemraadschap van Delfland;2004770.0;1547240.0;Rijswijk;Rotterdam-Den Haag;15893;31786;6357;12714;Zuid-Holland;Hoogheemraadschap van Delfland;;GM0603;2286.0;;;GM0603;2286.0;;;GM0603;2286.0;;False;False;False;52.023923346115936;4.325171244511354;WarmteAtlas:AquathermieEffluent;;;
271;drukleiding (persleiding);2006;1400;Staal;Effluentleiding;262800;262800;12.187655;5492.52;5492.52;Hoogheemraadschap van Delfland;2004770.0;1547240.0;Rijswijk;Rotterdam-Den Haag;15893;31786;6357;12714;Zuid-Holland;Hoogheemraadschap van Delfland;;GM0603;2286.0;;;GM0603;2286.0;;;GM0603;2286.0;;False;False;False;52.023848830330806;4.32515697689042;WarmteAtlas:AquathermieEffluent;;;
272;drukleiding (persleiding);2004;1400;Gewapend beton;Effluentleiding;262800;262800;7.793897;5492.52;5492.52;Hoogheemraadschap van Delfland;2004770.0;1547240.0;Rijswijk;Rotterdam-Den Haag;15893;31786;6357;12714;Zuid-Holland;Hoogheemraadschap van Delfland;;GM0603;2286.0;;;GM0603;2286.0;;;GM0603;2286.0;;False;False;False;52.02379780761904;4.3250394115945054;WarmteAtlas:AquathermieEffluent;;;
273;drukleiding (persleiding);2004;1400;Gewapend beton;Effluentleiding;262800;262800;282.63985;5492.52;5492.52;Hoogheemraadschap van Delfland;2004770.0;1547240.0;Rijswijk;Rotterdam-Den Haag;15893;31786;6357;12714;Zuid-Holland;Hoogheemraadschap van Delfland;;GM0603;2286.0;;;GM0603;2286.0;;;GM0603;2286.0;;False;False;False;52.023184284074766;4.32317218967081;WarmteAtlas:AquathermieEffluent;;;
274;drukleiding (persleiding);2004;1400;Gewapend beton;Effluentleiding;262800;262800;15.215446;5492.52;5492.52;Hoogheemraadschap van Delfland;2004770.0;1547240.0;Rijswijk;Rotterdam-Den Haag;15893;31786;6357;12714;Zuid-Holland;Hoogheemraadschap van Delfland;;GM0603;2286.0;;;GM0603;2286.0;;;GM0603;2286.0;;False;False;False;52.02255646103635;4.321255973290982;WarmteAtlas:AquathermieEffluent;;;
275;drukleiding (persleiding);2004;1400;Gewapend beton;Effluentleiding;262800;262800;13.488632;5492.52;5492.52;Hoogheemraadschap van Delfland;2004770.0;1547240.0;Rijswijk;Rotterdam-Den Haag;15893;31786;6357;12714;Zuid-Holland;Hoogheemraadschap van Delfland;;GM0603;2286.0;;;GM0603;2286.0;;;GM0603;2286.0;;False;False;False;52.02248958190759;4.321081242388032;WarmteAtlas:AquathermieEffluent;;;
276;drukleiding (persleiding);2004;1400;Gewapend beton;Effluentleiding;262800;262800;15.044868;5492.52;5492.52;Hoogheemraadschap van Delfland;2004770.0;1547240.0;Rijswijk;Rotterdam-Den Haag;15893;31786;6357;12714;Zuid-Holland;Hoogheemraadschap van Delfland;;GM0603;2286.0;;;GM0603;2286.0;;;GM0603;2286.0;;False;False;False;52.02238206479291;4.32097433707284;WarmteAtlas:AquathermieEffluent;;;
277;drukleiding (persleiding);2004;1400;Gewapend beton;Effluentleiding;262800;262800;60.133699;5492.52;5492.52;Hoogheemraadschap van Delfland;2004770.0;1547240.0;Rijswijk;Rotterdam-Den Haag;15893;31786;6357;12714;Zuid-Holland;Hoogheemraadschap van Delfland;;GM0603;2286.0;;;GM0603;2286.0;;;GM0603;2286.0;;False;False;False;52.02208295631633;4.320719728836569;WarmteAtlas:AquathermieEffluent;;;
278;drukleiding (persleiding);2004;1400;Gewapend beton;Effluentleiding;262800;262800;2.530425;5492.52;5492.52;Hoogheemraadschap van Delfland;2004770.0;1547240.0;Rijswijk;Rotterdam-Den Haag;15893;31786;6357;12714;Zuid-Holland;Hoogheemraadschap van Delfland;;GM0603;2286.0;;;GM0603;2286.0;;;GM0603;2286.0;;False;False;False;52.021833860890176;4.320506812438819;WarmteAtlas:AquathermieEffluent;;;
279;drukleiding (persleiding);2004;1400;Gewapend beton;Effluentleiding;262800;262800;156.190167;5492.52;5492.52;Hoogheemraadschap van Delfland;2004770.0;1547240.0;Rijswijk;Rotterdam-Den Haag;15893;31786;6357;12714;Zuid-Holland;Hoogheemraadschap van Delfland;;GM0603;2286.0;;;GM0603;2286.0;;;GM0603;2286.0;;False;False;False;52.02120393550245;4.319964464467893;WarmteAtlas:AquathermieEffluent;;;
280;drukleiding (persleiding);2004;1400;Gewapend beton;Effluentleiding;262800;262800;5.399998;5492.52;5492.52;Hoogheemraadschap van Delfland;2004770.0;1547240.0;Rijswijk;Rotterdam-Den Haag;15893;31786;6357;12714;Zuid-Holland;Hoogheemraadschap van Delfland;;GM0603;2286.0;;;GM0603;2286.0;;;GM0603;2286.0;;False;False;False;52.02056176946907;4.319414924856908;WarmteAtlas:AquathermieEffluent;;;
281;drukleiding (persleiding);2004;1400;Gewapend beton;Effluentleiding;262800;262800;15.248746;5492.52;5492.52;Hoogheemraadschap van Delfland;2004770.0;1547240.0;Rijswijk;Rotterdam-Den Haag;15893;31786;6357;12714;Zuid-Holland;Hoogheemraadschap van Delfland;;GM0603;2286.0;;;GM0603;2286.0;;;GM0603;2286.0;;False;False;False;52.020482570410046;4.3193379071183475;WarmteAtlas:AquathermieEffluent;;;
282;drukleiding (persleiding);2004;1400;Gewapend beton;Effluentleiding;262800;262800;12.01437;5492.52;5492.52;Hoogheemraadschap van Delfland;2004770.0;1547240.0;Rijswijk;Rotterdam-Den Haag;15893;31786;6357;12714;Zuid-Holland;Hoogheemraadschap van Delfland;;GM0603;2286.0;;;GM0603;2286.0;;;GM0603;2286.0;;False;False;False;52.020387171730114;4.319213797755648;WarmteAtlas:AquathermieEffluent;;;
283;drukleiding (persleiding);2004;1400;Gewapend beton;Effluentleiding;262800;262800;76.036485;5492.52;5492.52;Hoogheemraadschap van Delfland;2004770.0;1547240.0;Rijswijk;Rotterdam-Den Haag;15893;31786;6357;12714;Zuid-Holland;Hoogheemraadschap van Delfland;;GM0603;2286.0;;;GM0603;2286.0;;;GM0603;2286.0;;False;False;False;52.02008256843696;4.318804425124725;WarmteAtlas:AquathermieEffluent;;;
284;drukleiding (persleiding);2004;1400;Staal;Effluentleiding;262800;262800;2.499743;5492.52;5492.52;Hoogheemraadschap van Delfland;2004770.0;1547240.0;Rijswijk;Rotterdam-Den Haag;15893;31786;6357;12714;Zuid-Holland;Hoogheemraadschap van Delfland;;GM0603;2286.0;;;GM0603;2286.0;;;GM0603;2286.0;;False;False;False;52.019809574584265;4.31844187564877;WarmteAtlas:AquathermieEffluent;;;
362;Vrijvervalleiding;1999;400;PVC;Effluentleiding;4500;4500;293.804319;94.05;94.05;Hoogheemraadschap van Rijnland;34328.3;26493.9;Bodegraven-Reeuwijk;Midden-Holland;272;544;109;218;Zuid-Holland;Hoogheemraadschap van Rijnland;;GM1901;2411.0;;;GM1901;2411.0;;;GM1901;2411.0;;False;False;False;52.082965285589914;4.735818030761498;WarmteAtlas:AquathermieEffluent;;;
363;Vrijvervalleiding;1989;1000;Onbekend;Effluentleiding;13000;13000;257.514305;271.7;271.7;Hoogheemraadschap van Rijnland;99170.5;76537.9;Bodegraven-Reeuwijk;Midden-Holland;786;1572;314;629;Zuid-Holland;Hoogheemraadschap van Rijnland;;GM1901;2811.0;;;GM1901;2811.0;;;GM1901;2811.0;;False;False;False;52.05813083591251;4.665405343694271;WarmteAtlas:AquathermieEffluent;;;
364;Vrijvervalleiding;1989;1000;Onbekend;Effluentleiding;13000;13000;41.807085;271.7;271.7;Hoogheemraadschap van Rijnland;99170.5;76537.9;Bodegraven-Reeuwijk;Midden-Holland;786;1572;314;629;Zuid-Holland;Hoogheemraadschap van Rijnland;;GM1901;2811.0;;;GM1901;2811.0;;;GM1901;2811.0;;False;False;False;52.05879134804876;4.663693173570163;WarmteAtlas:AquathermieEffluent;;;
371;Vrijvervalleiding;1989;1000;Onbekend;Effluentleiding;13000;13000;16.240947;271.7;271.7;Hoogheemraadschap van Rijnland;99170.5;76537.9;Waddinxveen;Midden-Holland;786;1572;314;629;Zuid-Holland;Hoogheemraadschap van Rijnland;;GM0627;2741.0;;;GM0627;2741.0;;;GM0627;2741.0;;False;False;False;52.05869191741777;4.66330195363417;WarmteAtlas:AquathermieEffluent;;;
388;Vrijvervalleiding;1992;400;Onbekend;Effluentleiding;1558;1558;21.693576;32.5622;32.5622;Hoogheemraadschap van Rijnland;11885.2;9172.77;Kaag en Braassem;Holland Rijnland;94;188;38;75;Zuid-Holland;Hoogheemraadschap van Rijnland;;GM1884;2451.0;;;GM1884;2451.0;;;GM1884;2451.0;;False;False;False;52.21883481603007;4.65445104472047;WarmteAtlas:AquathermieEffluent;;;
389;Vrijvervalleiding;1992;400;Onbekend;Effluentleiding;1558;1558;87.573548;32.5622;32.5622;Hoogheemraadschap van Rijnland;11885.2;9172.77;Kaag en Braassem;Holland Rijnland;94;188;38;75;Zuid-Holland;Hoogheemraadschap van Rijnland;;GM1884;2451.0;;;GM1884;2451.0;;;GM1884;2451.0;;False;False;False;52.219311613768866;4.654261222044725;WarmteAtlas:AquathermieEffluent;;;
390;Vrijvervalleiding;1992;400;Onbekend;Effluentleiding;1558;1558;35.908567;32.5622;32.5622;Hoogheemraadschap van Rijnland;11885.2;9172.77;Kaag en Braassem;Holland Rijnland;94;188;38;75;Zuid-Holland;Hoogheemraadschap van Rijnland;;GM1884;2451.0;;;GM1884;2451.0;;;GM1884;2451.0;;False;False;False;52.220060013626465;4.653955638960048;WarmteAtlas:AquathermieEffluent;;;
391;Vrijvervalleiding;1997;200;Onbekend;Effluentleiding;272;272;30.354427;5.6848;5.6848;Hoogheemraadschap van Rijnland;2074.95;1601.41;Kaag en Braassem;Holland Rijnland;16;33;7;13;Zuid-Holland;Hoogheemraadschap van Rijnland;;GM1884;2465.0;;;GM1884;2465.0;;;GM1884;2465.0;;False;False;False;52.18968564995054;4.6660202585340675;WarmteAtlas:AquathermieEffluent;;;
392;Vrijvervalleiding;1990;999;Onbekend;Effluentleiding;2700;2700;121.41231;56.43;56.43;Hoogheemraadschap van Rijnland;20596.9;15896.3;Kaag en Braassem;Holland Rijnland;163;326;65;131;Zuid-Holland;Hoogheemraadschap van Rijnland;;GM1884;2376.0;;;GM1884;2376.0;;;GM1884;2376.0;;False;False;False;52.213965545294464;4.6111477400824645;WarmteAtlas:AquathermieEffluent;;;
393;Vrijvervalleiding;1997;200;Onbekend;Effluentleiding;272;272;51.810526;5.6848;5.6848;Hoogheemraadschap van Rijnland;2074.95;1601.41;Kaag en Braassem;Holland Rijnland;16;33;7;13;Zuid-Holland;Hoogheemraadschap van Rijnland;;GM1884;2465.0;;;GM1884;2465.0;;;GM1884;2465.0;;False;False;False;52.18933745315763;4.666184925687799;WarmteAtlas:AquathermieEffluent;;;
394;Vrijvervalleiding;1992;400;Onbekend;Effluentleiding;1558;1558;24.117842;32.5622;32.5622;Hoogheemraadschap van Rijnland;11885.2;9172.77;Kaag en Braassem;Holland Rijnland;94;188;38;75;Zuid-Holland;Hoogheemraadschap van Rijnland;;GM1884;2451.0;;;GM1884;2451.0;;;GM1884;2451.0;;False;False;False;52.21979809485791;4.65406055152068;WarmteAtlas:AquathermieEffluent;;;
648;Persleiding;1996;700;Gietijzer;Effluentleiding;7407;7407;3.284174;154.806;154.806;Waterschap Hollandse Delta;56504.2;43608.9;Oud-Beijerland;Hoeksewaard;448;896;179;358;Zuid-Holland;Waterschap Hollandse Delta;;GM1963;3261.0;;;GM1963;3261.0;;;GM1963;3261.0;;False;False;False;51.82995451885685;4.424494186108419;WarmteAtlas:AquathermieEffluent;;;
649;Persleiding;1974;762;Glad Staal;Effluentleiding;7407;7407;14.290314;154.806;154.806;Waterschap Hollandse Delta;56504.2;43608.9;Oud-Beijerland;Hoeksewaard;448;896;179;358;Zuid-Holland;Waterschap Hollandse Delta;;GM1963;3261.0;;;GM1963;3261.0;;;GM1963;3261.0;;False;False;False;51.82992130437935;4.424609756294889;WarmteAtlas:AquathermieEffluent;;;
650;Persleiding;1974;762;Glad Staal;Effluentleiding;7407;7407;141.190146;154.806;154.806;Waterschap Hollandse Delta;56504.2;43608.9;Oud-Beijerland;Hoeksewaard;448;896;179;358;Zuid-Holland;Waterschap Hollandse Delta;;GM1963;3261.0;;;GM1963;3261.0;;;GM1963;3261.0;;False;False;False;51.829614756582025;4.425623011859099;WarmteAtlas:AquathermieEffluent;;;
651;Persleiding;1974;762;Glad Staal;Effluentleiding;7407;7407;40.297126;154.806;154.806;Waterschap Hollandse Delta;56504.2;43608.9;Oud-Beijerland;Hoeksewaard;448;896;179;358;Zuid-Holland;Waterschap Hollandse Delta;;GM1963;3261.0;;;GM1963;3261.0;;;GM1963;3261.0;;False;False;False;51.829262641587164;4.426810328386144;WarmteAtlas:AquathermieEffluent;;;
652;Persleiding;1974;762;Glad Staal;Effluentleiding;7407;7407;12.478667;154.806;154.806;Waterschap Hollandse Delta;56504.2;43608.9;Oud-Beijerland;Hoeksewaard;448;896;179;358;Zuid-Holland;Waterschap Hollandse Delta;;GM1963;3261.0;;;GM1963;3261.0;;;GM1963;3261.0;;False;False;False;51.82916379472369;4.427157958340364;WarmteAtlas:AquathermieEffluent;;;
653;Persleiding;1974;762;Glad Staal;Effluentleiding;7407;7407;11.288589;154.806;154.806;Waterschap Hollandse Delta;56504.2;43608.9;Oud-Beijerland;Hoeksewaard;448;896;179;358;Zuid-Holland;Waterschap Hollandse Delta;;GM1963;3261.0;;;GM1963;3261.0;;;GM1963;3261.0;;False;False;False;51.82911866750819;4.427314150798468;WarmteAtlas:AquathermieEffluent;;;
654;Persleiding;1974;762;Glad Staal;Effluentleiding;7407;7407;18.164753;154.806;154.806;Waterschap Hollandse Delta;56504.2;43608.9;Oud-Beijerland;Hoeksewaard;448;896;179;358;Zuid-Holland;Waterschap Hollandse Delta;;GM1963;3261.0;;;GM1963;3261.0;;;GM1963;3261.0;;False;False;False;51.829059707461056;4.427505341593679;WarmteAtlas:AquathermieEffluent;;;
655;Persleiding;1974;762;Glad Staal;Effluentleiding;7407;7407;18.729673;154.806;154.806;Waterschap Hollandse Delta;56504.2;43608.9;Oud-Beijerland;Hoeksewaard;448;896;179;358;Zuid-Holland;Waterschap Hollandse Delta;;GM1963;3261.0;;;GM1963;3261.0;;;GM1963;3261.0;;False;False;False;51.82898397541024;4.427743156737537;WarmteAtlas:AquathermieEffluent;;;
656;Persleiding;1974;762;Glad Staal;Effluentleiding;7407;7407;2.841185;154.806;154.806;Waterschap Hollandse Delta;56504.2;43608.9;Oud-Beijerland;Hoeksewaard;448;896;179;358;Zuid-Holland;Waterschap Hollandse Delta;;GM1963;3261.0;;;GM1963;3261.0;;;GM1963;3261.0;;False;False;False;51.82894180425767;4.427884005213263;WarmteAtlas:AquathermieEffluent;;;
657;Persleiding;1974;762;Glad Staal;Effluentleiding;7407;7407;24.589883;154.806;154.806;Waterschap Hollandse Delta;56504.2;43608.9;Oud-Beijerland;Hoeksewaard;448;896;179;358;Zuid-Holland;Waterschap Hollandse Delta;;GM1963;3261.0;;;GM1963;3261.0;;;GM1963;3261.0;;False;False;False;51.82888736181088;4.428062462848742;WarmteAtlas:AquathermieEffluent;;;
658;Persleiding;1974;762;Glad Staal;Effluentleiding;7407;7407;23.169628;154.806;154.806;Waterschap Hollandse Delta;56504.2;43608.9;Oud-Beijerland;Hoeksewaard;448;896;179;358;Zuid-Holland;Waterschap Hollandse Delta;;GM1963;3261.0;;;GM1963;3261.0;;;GM1963;3261.0;;False;False;False;51.82879231132016;4.428372989792838;WarmteAtlas:AquathermieEffluent;;;
659;Persleiding;1996;752;Asbestcement;Effluentleiding;7407;7407;51.348961;154.806;154.806;Waterschap Hollandse Delta;56504.2;43608.9;Oud-Beijerland;Hoeksewaard;448;896;179;358;Zuid-Holland;Waterschap Hollandse Delta;;GM1963;3261.0;;;GM1963;3261.0;;;GM1963;3261.0;;False;False;False;51.828642342684226;4.428856210895853;WarmteAtlas:AquathermieEffluent;;;
660;Persleiding;1996;0;Beton met stalen kern;Effluentleiding;7407;7407;15.685785;154.806;154.806;Waterschap Hollandse Delta;56504.2;43608.9;Oud-Beijerland;Hoeksewaard;448;896;179;358;Zuid-Holland;Waterschap Hollandse Delta;;GM1963;3261.0;;;GM1963;3261.0;;;GM1963;3261.0;;False;False;False;51.82822051418155;4.429759763905132;WarmteAtlas:AquathermieEffluent;;;
661;Persleiding;1996;0;Beton met stalen kern;Effluentleiding;7407;7407;45.288899;154.806;154.806;Waterschap Hollandse Delta;56504.2;43608.9;Oud-Beijerland;Hoeksewaard;448;896;179;358;Zuid-Holland;Waterschap Hollandse Delta;;GM1963;3261.0;;;GM1963;3261.0;;;GM1963;3261.0;;False;False;False;51.82840551272048;4.429433795085901;WarmteAtlas:AquathermieEffluent;;;
662;Persleiding;1976;610;Glad Staal;Effluentleiding;2930;2930;570.548664;61.237;61.237;Waterschap Hollandse Delta;22351.5;17250.5;Westvoorne;Rotterdam-Den Haag;177;354;71;142;Zuid-Holland;Waterschap Hollandse Delta;;GM1992;3233.0;;;GM1992;3233.0;;;GM1992;3233.0;;False;False;False;51.917928575712445;4.114322871989649;WarmteAtlas:AquathermieEffluent;;;
663;Persleiding;1976;610;Glad Staal;Effluentleiding;2930;2930;1067.188689;61.237;61.237;Waterschap Hollandse Delta;22351.5;17250.5;Westvoorne;Rotterdam-Den Haag;177;354;71;142;Zuid-Holland;Waterschap Hollandse Delta;;GM1992;3233.0;;;GM1992;3233.0;;;GM1992;3233.0;;False;False;False;51.92157624857951;4.105551092578832;WarmteAtlas:AquathermieEffluent;;;
664;Persleiding;1981;324;Glad Staal;Effluentleiding;833;833;1142.720641;17.4097;17.4097;Waterschap Hollandse Delta;6354.54;4904.31;Korendijk;Hoeksewaard;50;101;20;40;Zuid-Holland;Waterschap Hollandse Delta;;GM1963;3264.0;;;GM1963;;;;GM1963;;;False;False;False;51.81203396493185;4.343691930257521;WarmteAtlas:AquathermieEffluent;;;
665;Persleiding;1981;315;PVC;Effluentleiding;833;833;4.040495;17.4097;17.4097;Waterschap Hollandse Delta;6354.54;4904.31;Korendijk;Hoeksewaard;50;101;20;40;Zuid-Holland;Waterschap Hollandse Delta;;GM1963;3264.0;;;GM1963;;;;GM1963;;;False;False;False;51.80801179788803;4.347429697499537;WarmteAtlas:AquathermieEffluent;;;
666;Persleiding;1981;315;PVC;Effluentleiding;833;833;7.527953;17.4097;17.4097;Waterschap Hollandse Delta;6354.54;4904.31;Korendijk;Hoeksewaard;50;101;20;40;Zuid-Holland;Waterschap Hollandse Delta;;GM1963;3264.0;;;GM1963;;;;GM1963;;;False;False;False;51.80796251296968;4.3474552599677665;WarmteAtlas:AquathermieEffluent;;;
667;Persleiding;1981;315;PVC;Effluentleiding;833;833;1311.81858;17.4097;17.4097;Waterschap Hollandse Delta;6354.54;4904.31;Korendijk;Hoeksewaard;50;101;20;40;Zuid-Holland;Waterschap Hollandse Delta;;GM1963;3265.0;;;GM1963;;;;GM1963;;;False;False;False;51.803448013658794;4.3444318766056815;WarmteAtlas:AquathermieEffluent;;;
668;Persleiding;1981;315;PVC;Effluentleiding;833;833;12.454103;17.4097;17.4097;Waterschap Hollandse Delta;6354.54;4904.31;Korendijk;Hoeksewaard;50;101;20;40;Zuid-Holland;Waterschap Hollandse Delta;;GM1963;3264.0;;;GM1963;;;;GM1963;;;False;False;False;51.80787575465121;4.347492645831517;WarmteAtlas:AquathermieEffluent;;;
669;Persleiding;1981;0;Beton met stalen kern;Effluentleiding;3871;3871;7.699999;80.9039;80.9039;Waterschap Hollandse Delta;29529.9;22790.6;Hellevoetsluis;Rotterdam-Den Haag;234;468;94;187;Zuid-Holland;Waterschap Hollandse Delta;;GM1992;3224.0;;;GM1992;3224.0;;;GM1992;3224.0;;False;False;False;51.84454347487385;4.173923932292928;WarmteAtlas:AquathermieEffluent;;;
670;Persleiding;1981;0;Beton met stalen kern;Effluentleiding;3871;3871;3.699732;80.9039;80.9039;Waterschap Hollandse Delta;29529.9;22790.6;Hellevoetsluis;Rotterdam-Den Haag;234;468;94;187;Zuid-Holland;Waterschap Hollandse Delta;;GM1992;3224.0;;;GM1992;3224.0;;;GM1992;3224.0;;False;False;False;51.84450071202179;4.173969479085803;WarmteAtlas:AquathermieEffluent;;;
671;Persleiding;1981;0;Beton met stalen kern;Effluentleiding;3871;3871;37.005287;80.9039;80.9039;Waterschap Hollandse Delta;29529.9;22790.6;Hellevoetsluis;Rotterdam-Den Haag;234;468;94;187;Zuid-Holland;Waterschap Hollandse Delta;;GM1992;3224.0;;;GM1992;3224.0;;;GM1992;3224.0;;False;False;False;51.84434801654393;4.174132107391384;WarmteAtlas:AquathermieEffluent;;;
672;Persleiding;1981;0;Beton met stalen kern;Effluentleiding;3871;3871;3.450346;80.9039;80.9039;Waterschap Hollandse Delta;29529.9;22790.6;Hellevoetsluis;Rotterdam-Den Haag;234;468;94;187;Zuid-Holland;Waterschap Hollandse Delta;;GM1992;3224.0;;;GM1992;3224.0;;;GM1992;3224.0;;False;False;False;51.8441962552782;4.174293735605207;WarmteAtlas:AquathermieEffluent;;;
673;Persleiding;1981;0;Beton met stalen kern;Effluentleiding;3871;3871;1.999846;80.9039;80.9039;Waterschap Hollandse Delta;29529.9;22790.6;Hellevoetsluis;Rotterdam-Den Haag;234;468;94;187;Zuid-Holland;Waterschap Hollandse Delta;;GM1992;3224.0;;;GM1992;3224.0;;;GM1992;3224.0;;False;False;False;51.84417581048997;4.174315511428076;WarmteAtlas:AquathermieEffluent;;;
674;Persleiding;1981;0;Beton met stalen kern;Effluentleiding;3871;3871;5.050166;80.9039;80.9039;Waterschap Hollandse Delta;29529.9;22790.6;Hellevoetsluis;Rotterdam-Den Haag;234;468;94;187;Zuid-Holland;Waterschap Hollandse Delta;;GM1992;3224.0;;;GM1992;3224.0;;;GM1992;3224.0;;False;False;False;51.84414936447483;4.174343679260108;WarmteAtlas:AquathermieEffluent;;;
675;Persleiding;1981;0;Beton met stalen kern;Effluentleiding;3871;3871;5.299889;80.9039;80.9039;Waterschap Hollandse Delta;29529.9;22790.6;Hellevoetsluis;Rotterdam-Den Haag;234;468;94;187;Zuid-Holland;Waterschap Hollandse Delta;;GM1992;3225.0;;;GM1992;3225.0;;;GM1992;3225.0;;False;False;False;51.8440730266944;4.174424978580439;WarmteAtlas:AquathermieEffluent;;;
676;Persleiding;1981;0;Beton met stalen kern;Effluentleiding;3871;3871;4.999761;80.9039;80.9039;Waterschap Hollandse Delta;29529.9;22790.6;Hellevoetsluis;Rotterdam-Den Haag;234;468;94;187;Zuid-Holland;Waterschap Hollandse Delta;;GM1992;3224.0;;;GM1992;3224.0;;;GM1992;3224.0;;False;False;False;51.84411166371277;4.174383829439231;WarmteAtlas:AquathermieEffluent;;;
677;Persleiding;1988;406;Glad Staal;Effluentleiding;1497;1497;9.353272;31.2873;31.2873;Waterschap Hollandse Delta;11419.9;8813.63;Nissewaard;Rotterdam-Den Haag;90;181;36;72;Zuid-Holland;Waterschap Hollandse Delta;;GM1930;3218.0;;;GM1930;3218.0;;;GM1930;3218.0;;False;False;False;51.86607286686101;4.2239711328697975;WarmteAtlas:AquathermieEffluent;;;
678;Persleiding;1988;406;Glad Staal;Effluentleiding;1497;1497;3.299995;31.2873;31.2873;Waterschap Hollandse Delta;11419.9;8813.63;Nissewaard;Rotterdam-Den Haag;90;181;36;72;Zuid-Holland;Waterschap Hollandse Delta;;GM1930;3218.0;;;GM1930;3218.0;;;GM1930;3218.0;;False;False;False;51.86602606767026;4.224023306497066;WarmteAtlas:AquathermieEffluent;;;
679;Persleiding;1988;406;Glad Staal;Effluentleiding;1497;1497;1.699851;31.2873;31.2873;Waterschap Hollandse Delta;11419.9;8813.63;Nissewaard;Rotterdam-Den Haag;90;181;36;72;Zuid-Holland;Waterschap Hollandse Delta;;GM1930;3218.0;;;GM1930;3218.0;;;GM1930;3218.0;;False;False;False;51.86600757542134;4.224043922766183;WarmteAtlas:AquathermieEffluent;;;
680;Persleiding;1988;406;Glad Staal;Effluentleiding;1497;1497;3.899958;31.2873;31.2873;Waterschap Hollandse Delta;11419.9;8813.63;Nissewaard;Rotterdam-Den Haag;90;181;36;72;Zuid-Holland;Waterschap Hollandse Delta;;GM1930;3218.0;;;GM1930;3218.0;;;GM1930;3218.0;;False;False;False;51.86598686398537;4.224067012476679;WarmteAtlas:AquathermieEffluent;;;
681;Persleiding;1988;406;Glad Staal;Effluentleiding;1497;1497;2.000193;31.2873;31.2873;Waterschap Hollandse Delta;11419.9;8813.63;Nissewaard;Rotterdam-Den Haag;90;181;36;72;Zuid-Holland;Waterschap Hollandse Delta;;GM1930;3218.0;;;GM1930;3218.0;;;GM1930;3218.0;;False;False;False;51.865965042539464;4.224091342534481;WarmteAtlas:AquathermieEffluent;;;
682;Persleiding;1988;406;Glad Staal;Effluentleiding;1497;1497;2.09979;31.2873;31.2873;Waterschap Hollandse Delta;11419.9;8813.63;Nissewaard;Rotterdam-Den Haag;90;181;36;72;Zuid-Holland;Waterschap Hollandse Delta;;GM1930;3218.0;;;GM1930;3218.0;;;GM1930;3218.0;;False;False;False;51.86594987860532;4.224108248578234;WarmteAtlas:AquathermieEffluent;;;
683;Persleiding;1988;406;Glad Staal;Effluentleiding;1497;1497;2.300148;31.2873;31.2873;Waterschap Hollandse Delta;11419.9;8813.63;Nissewaard;Rotterdam-Den Haag;90;181;36;72;Zuid-Holland;Waterschap Hollandse Delta;;GM1930;3218.0;;;GM1930;3218.0;;;GM1930;3218.0;;False;False;False;51.86593360369241;4.224126387742581;WarmteAtlas:AquathermieEffluent;;;
684;Persleiding;1988;406;Glad Staal;Effluentleiding;1497;1497;1.700045;31.2873;31.2873;Waterschap Hollandse Delta;11419.9;8813.63;Nissewaard;Rotterdam-Den Haag;90;181;36;72;Zuid-Holland;Waterschap Hollandse Delta;;GM1930;3218.0;;;GM1930;3218.0;;;GM1930;3218.0;;False;False;False;51.86591880872336;4.224142882027981;WarmteAtlas:AquathermieEffluent;;;
685;Persleiding;1988;406;Glad Staal;Effluentleiding;1497;1497;23.861299;31.2873;31.2873;Waterschap Hollandse Delta;11419.9;8813.63;Nissewaard;Rotterdam-Den Haag;90;181;36;72;Zuid-Holland;Waterschap Hollandse Delta;;GM1930;3218.0;;;GM1930;3218.0;;;GM1930;3218.0;;False;False;False;51.865819656750546;4.224271534679723;WarmteAtlas:AquathermieEffluent;;;
686;Persleiding;0;0;Beton;Effluentleiding;11648;11648;161.207936;243.443;243.443;Waterschap Hollandse Delta;88856.7;68577.9;Nissewaard;Rotterdam-Den Haag;704;1409;282;564;Zuid-Holland;Waterschap Hollandse Delta;;GM1930;3207.0;;;GM1930;3207.0;;;GM1930;3207.0;;False;False;False;51.842993477562906;4.365517476985055;WarmteAtlas:AquathermieEffluent;;;
687;Persleiding;1988;406;Glad Staal;Effluentleiding;1497;1497;1.89982;31.2873;31.2873;Waterschap Hollandse Delta;11419.9;8813.63;Nissewaard;Rotterdam-Den Haag;90;181;36;72;Zuid-Holland;Waterschap Hollandse Delta;;GM1930;3218.0;;;GM1930;3218.0;;;GM1930;3218.0;;False;False;False;51.86590549500381;4.224157727048008;WarmteAtlas:AquathermieEffluent;;;
688;Persleiding;1988;552;Asbestcement;Effluentleiding;3474;3474;21.167153;72.6066;72.6066;Waterschap Hollandse Delta;26501.4;20453.3;Cromstrijen;Hoeksewaard;210;420;84;168;Zuid-Holland;Waterschap Hollandse Delta;;GM1963;3281.0;;;GM1963;;;;GM1963;;;False;False;False;51.719532638130076;4.416095141649644;WarmteAtlas:AquathermieEffluent;;;
689;Persleiding;1988;500;Glad Staal;Effluentleiding;3474;3474;20.15225;72.6066;72.6066;Waterschap Hollandse Delta;26501.4;20453.3;Cromstrijen;Hoeksewaard;210;420;84;168;Zuid-Holland;Waterschap Hollandse Delta;;GM1963;3281.0;;;GM1963;;;;GM1963;;;False;False;False;51.71970097651975;4.41622126395588;WarmteAtlas:AquathermieEffluent;;;
690;Persleiding;1988;500;Glad Staal;Effluentleiding;3474;3474;6.068144;72.6066;72.6066;Waterschap Hollandse Delta;26501.4;20453.3;Cromstrijen;Hoeksewaard;210;420;84;168;Zuid-Holland;Waterschap Hollandse Delta;;GM1963;3281.0;;;GM1963;;;;GM1963;;;False;False;False;51.71980675697888;4.416304838297873;WarmteAtlas:AquathermieEffluent;;;
691;Persleiding;1988;500;Glad Staal;Effluentleiding;3474;3474;3.598878;72.6066;72.6066;Waterschap Hollandse Delta;26501.4;20453.3;Cromstrijen;Hoeksewaard;210;420;84;168;Zuid-Holland;Waterschap Hollandse Delta;;GM1963;3281.0;;;GM1963;;;;GM1963;;;False;False;False;51.71984580787663;4.416335419371848;WarmteAtlas:AquathermieEffluent;;;
692;Persleiding;1988;552;Asbestcement;Effluentleiding;3474;3474;13.055937;72.6066;72.6066;Waterschap Hollandse Delta;26501.4;20453.3;Cromstrijen;Hoeksewaard;210;420;84;168;Zuid-Holland;Waterschap Hollandse Delta;;GM1963;3281.0;;;GM1963;;;;GM1963;;;False;False;False;51.71991699783115;4.416372042860243;WarmteAtlas:AquathermieEffluent;;;
693;Persleiding;1988;552;Asbestcement;Effluentleiding;3474;3474;4.905027;72.6066;72.6066;Waterschap Hollandse Delta;26501.4;20453.3;Cromstrijen;Hoeksewaard;210;420;84;168;Zuid-Holland;Waterschap Hollandse Delta;;GM1963;3281.0;;;GM1963;;;;GM1963;;;False;False;False;51.71999516663126;4.416403595185489;WarmteAtlas:AquathermieEffluent;;;
694;Persleiding;1988;552;Asbestcement;Effluentleiding;3474;3474;13.998828;72.6066;72.6066;Waterschap Hollandse Delta;26501.4;20453.3;Cromstrijen;Hoeksewaard;210;420;84;168;Zuid-Holland;Waterschap Hollandse Delta;;GM1963;3281.0;;;GM1963;;;;GM1963;;;False;False;False;51.72007261327002;4.416456210617141;WarmteAtlas:AquathermieEffluent;;;
695;Persleiding;1988;552;Asbestcement;Effluentleiding;3474;3474;4.999953;72.6066;72.6066;Waterschap Hollandse Delta;26501.4;20453.3;Cromstrijen;Hoeksewaard;210;420;84;168;Zuid-Holland;Waterschap Hollandse Delta;;GM1963;3281.0;;;GM1963;;;;GM1963;;;False;False;False;51.7201481516657;4.416520291888648;WarmteAtlas:AquathermieEffluent;;;
696;Persleiding;0;552;Asbestcement;Effluentleiding;3474;3474;79.259387;72.6066;72.6066;Waterschap Hollandse Delta;26501.4;20453.3;Cromstrijen;Hoeksewaard;210;420;84;168;Zuid-Holland;Waterschap Hollandse Delta;;GM1963;3281.0;;;GM1963;;;;GM1963;;;False;False;False;51.720483624204164;4.416803076573261;WarmteAtlas:AquathermieEffluent;;;
697;Persleiding;0;600;Glad Staal;Effluentleiding;3474;3474;102.27224;72.6066;72.6066;Waterschap Hollandse Delta;26501.4;20453.3;Cromstrijen;Hoeksewaard;210;420;84;168;Zuid-Holland;Waterschap Hollandse Delta;;GM1963;3281.0;;;GM1963;;;;GM1963;;;False;False;False;51.72115080619272;4.417180767823967;WarmteAtlas:AquathermieEffluent;;;
698;Persleiding;0;552;Asbestcement;Effluentleiding;3474;3474;34.00897;72.6066;72.6066;Waterschap Hollandse Delta;26501.4;20453.3;Cromstrijen;Hoeksewaard;210;420;84;168;Zuid-Holland;Waterschap Hollandse Delta;;GM1963;3281.0;;;GM1963;;;;GM1963;;;False;False;False;51.721569456603774;4.417672012238347;WarmteAtlas:AquathermieEffluent;;;
699;Persleiding;0;552;Asbestcement;Effluentleiding;3474;3474;25.382994;72.6066;72.6066;Waterschap Hollandse Delta;26501.4;20453.3;Cromstrijen;Hoeksewaard;210;420;84;168;Zuid-Holland;Waterschap Hollandse Delta;;GM1963;3281.0;;;GM1963;;;;GM1963;;;False;False;False;51.72181196120344;4.4178513728662;WarmteAtlas:AquathermieEffluent;;;
700;Persleiding;1988;552;Asbestcement;Effluentleiding;3474;3474;23.192636;72.6066;72.6066;Waterschap Hollandse Delta;26501.4;20453.3;Cromstrijen;Hoeksewaard;210;420;84;168;Zuid-Holland;Waterschap Hollandse Delta;;GM1963;3281.0;;;GM1963;;;;GM1963;;;False;False;False;51.72200581812353;4.4180060755008945;WarmteAtlas:AquathermieEffluent;;;
701;Persleiding;1988;552;Asbestcement;Effluentleiding;3474;3474;2.20775;72.6066;72.6066;Waterschap Hollandse Delta;26501.4;20453.3;Cromstrijen;Hoeksewaard;210;420;84;168;Zuid-Holland;Waterschap Hollandse Delta;;GM1963;3281.0;;;GM1963;;;;GM1963;;;False;False;False;51.72206916721959;4.418129659481664;WarmteAtlas:AquathermieEffluent;;;
702;Persleiding;1988;552;Asbestcement;Effluentleiding;3474;3474;2.040338;72.6066;72.6066;Waterschap Hollandse Delta;26501.4;20453.3;Cromstrijen;Hoeksewaard;210;420;84;168;Zuid-Holland;Waterschap Hollandse Delta;;GM1963;3281.0;;;GM1963;;;;GM1963;;;False;False;False;51.72206964338145;4.4181603889606915;WarmteAtlas:AquathermieEffluent;;;
703;Persleiding;1988;552;Asbestcement;Effluentleiding;3474;3474;3.969875;72.6066;72.6066;Waterschap Hollandse Delta;26501.4;20453.3;Cromstrijen;Hoeksewaard;210;420;84;168;Zuid-Holland;Waterschap Hollandse Delta;;GM1963;3281.0;;;GM1963;;;;GM1963;;;False;False;False;51.72207031932897;4.418203865070669;WarmteAtlas:AquathermieEffluent;;;
704;Persleiding;1988;552;Asbestcement;Effluentleiding;3474;3474;1.833048;72.6066;72.6066;Waterschap Hollandse Delta;26501.4;20453.3;Cromstrijen;Hoeksewaard;210;420;84;168;Zuid-Holland;Waterschap Hollandse Delta;;GM1963;3281.0;;;GM1963;;;;GM1963;;;False;False;False;51.722075740261495;4.418240916470202;WarmteAtlas:AquathermieEffluent;;;
705;Persleiding;0;0;Beton;Effluentleiding;3474;3474;114.566634;72.6066;72.6066;Waterschap Hollandse Delta;26501.4;20453.3;Cromstrijen;Hoeksewaard;210;420;84;168;Zuid-Holland;Waterschap Hollandse Delta;;GM1963;3281.0;;;GM1963;;;;GM1963;;;False;False;False;51.72254476627796;4.418613332670731;WarmteAtlas:AquathermieEffluent;;;
706;Persleiding;2010;560;PE;Effluentleiding;3474;3474;94.063936;72.6066;72.6066;Waterschap Hollandse Delta;26501.4;20453.3;Cromstrijen;Hoeksewaard;210;420;84;168;Zuid-Holland;Waterschap Hollandse Delta;;GM1963;3281.0;;;GM1963;;;;GM1963;;;False;False;False;51.72338999419232;4.419087056024935;WarmteAtlas:AquathermieEffluent;;;
707;Persleiding;2010;560;PE;Effluentleiding;3474;3474;328.33234;72.6066;72.6066;Waterschap Hollandse Delta;26501.4;20453.3;Cromstrijen;Hoeksewaard;210;420;84;168;Zuid-Holland;Waterschap Hollandse Delta;;GM1963;3281.0;;;GM1963;;;;GM1963;;;False;False;False;51.72505239409031;4.421145862124285;WarmteAtlas:AquathermieEffluent;;;
708;Persleiding;2010;560;PE;Effluentleiding;3474;3474;26.852043;72.6066;72.6066;Waterschap Hollandse Delta;26501.4;20453.3;Cromstrijen;Hoeksewaard;210;420;84;168;Zuid-Holland;Waterschap Hollandse Delta;;GM1963;3281.0;;;GM1963;;;;GM1963;;;False;False;False;51.72382650182771;4.41955680398703;WarmteAtlas:AquathermieEffluent;;;
765;Persleiding;0;630;PE;Effluentleiding;560;560;25.015394;11.704;11.704;Waterschap Hollandse Delta;4271.96;3297.02;Strijen;Hoeksewaard;34;68;14;27;Zuid-Holland;Waterschap Hollandse Delta;;GM1963;;;;GM1963;;;;GM1963;;;False;False;False;51.745726471886655;4.562999429816927;WarmteAtlas:AquathermieEffluent;;;
774;Persleiding;1983;0;Beton;Effluentleiding;4560;4560;83.545188;95.304;95.304;Waterschap Hollandse Delta;34786.0;26847.1;Rotterdam;Rotterdam-Den Haag;276;552;110;221;Zuid-Holland;Waterschap Hollandse Delta;;GM0599;3181.0;;;GM0599;3181.0;;;GM0599;3181.0;;False;False;False;51.91878587246625;4.226582853924045;WarmteAtlas:AquathermieEffluent;;;
