PK_UID;LandCode;INST_TYPE;NIC;INRICHTING;STAD;STRAATNAAM;POSTCODE;NR;TOEVOEGING;X;Y;SBI_CODE;SBI;SECTOR;SUBSECTOR;EMISSIE;kton1990;kton2000;kton2010;kton2015;kton2020;kton2021;kton2022;kton2023;kton2024;conv_grp;TJ_Warmte;TJ_W_Ind;legenda;Size;color;Jaar;buurtcode_2023;gemeentecode_2023;pc4_code_2023;pc6_code_2023;buurtcode_2024;gemeentecode_2024;pc4_code_2024;pc6_code_2024;buurtcode_2025;gemeentecode_2025;pc4_code_2025;pc6_code_2025;buurtcode_gewijzigd;gemeentecode_gewijzigd;pc4_gewijzigd;lat;lon;meta_source_layer;meta_source_wfs_url;meta_retrieved_at;meta_source_last_modified
32;NL;;10082;Akzo Nobel Car Refinishes B.V.;Sassenheim;Rijksstraatweg;2171AJ;31;;93500;469360;20.30;Vervaardiging van verf, vernis e.d., drukinkt en mastiek;Chemische Industrie;Chemische Industrie overig;CO2;0.0;3.8515;0.0;0.0;0.0;0.0;0.0;0.0;0.0;Chemische Industrie;0.0;0.0;Chemie;0;Magenta;2024;;GM1525;2171.0;;;GM1525;2171.0;;;GM1525;2171.0;;False;False;False;52.20890777584109;4.487430332014329;WarmteAtlas:CO2EmissieBedrijven;;;
34;NL;;10086;NV Nutricia Zoetermeer;Zoetermeer;1e Stationsstraat;2712HM;186;;93800;451400;10.51;Vervaardiging van zuivelproducten (geen consumptie-ijs);Overige industrie;Voedings- en genotmiddelenindustrie;CO2;18.94836;8.722;13.846995;12.272477;9.984362;10.639069;10.391;11.059;11.988;Voedings- en genotmiddelenindustrie;187.065356;187.065356;Voeding;2;Green;2024;;GM0637;2712.0;;;GM0637;2712.0;;;GM0637;2712.0;;False;False;False;52.04753320157239;4.495048573650786;WarmteAtlas:CO2EmissieBedrijven;;;
101;NL;;10546;Lactalis Leerdammer BV (Schoonrewoerd);Schoonrewoerd;Steenovenweg;4145KK;4;;136450;437100;10.51;Vervaardiging van zuivelproducten (geen consumptie-ijs);Overige industrie;Voedings- en genotmiddelenindustrie;CO2;0.0;0.0;11.640738;10.844404;9.997628;9.512115;9.756212;8.495129;8.833563;Voedings- en genotmiddelenindustrie;137.84231;137.84231;Voeding;2;Green;2024;;GM1961;;;;GM1961;;;;GM1961;;;False;False;False;51.922071714041635;5.117546203693166;WarmteAtlas:CO2EmissieBedrijven;;;
109;NL;;10714;637 Intendance Centr.Werkpl.;Woerden;Wilhelminaweg;3441XC;46;;120750;455200;84.22;Defensie;Handel, Diensten en Overheid (HDO);Energiegebruik en processen Handel, Diensten en Overheid (HDO);CO2;1.152;0.0;0.0;0.0;0.0;0.0;0.0;0.0;0.0;Overig;0.0;0.0;Overige;0;Gray;2024;;GM0632;;;;GM0632;;;;GM0632;;;False;False;False;52.0840072154914;4.887516251412525;WarmteAtlas:CO2EmissieBedrijven;;;
110;NL;;10722;O-I Netherlands BV (Schiedam);Schiedam;Buitenhavenweg;3113BE;114;- 116;87500;436550;23.13;Vervaardiging van holglas;Overige industrie;Bouwmaterialenindustrie;CO2;93.915465;75.961415;62.081;64.527128;0.0;0.0;0.0;0.0;0.0;Bouwmaterialenindustrie;0.0;0.0;BouwMaterialen;0;SandyBrown;2024;;GM0606;3113.0;;;GM0606;3113.0;;;GM0606;3113.0;;False;False;False;51.91334333717088;4.406144396190292;WarmteAtlas:CO2EmissieBedrijven;;;
111;NL;;10723;O-I Netherlands BV (Leerdam);Leerdam;Lingedijk;4142LD;8;;134256;433341;23.13;Vervaardiging van holglas;Overige industrie;Bouwmaterialenindustrie;CO2;79.793833;116.140181;98.934123;113.375385;85.439611;100.592354;100.475526;99.185806;92.286526;Bouwmaterialenindustrie;1390.192203;1390.192203;BouwMaterialen;3;SandyBrown;2024;;GM1961;;;;GM1961;;;;GM1961;;;False;False;False;51.88820773633704;5.085879430333178;WarmteAtlas:CO2EmissieBedrijven;;;
115;NL;;10789;BMI Monier Woerden;Woerden;Pannenbakkerijen;3443CA;1;;119600;455350;23.32;Vervaardiging van keramische producten voor de bouw (geen tegels en plavuizen);Overige industrie;Bouwmaterialenindustrie;CO2;0.0;0.0;11.770491;9.716754;13.446433;14.985661;14.565;9.825;7.031;Bouwmaterialenindustrie;105.914068;105.914068;BouwMaterialen;2;SandyBrown;2024;;GM0632;;;;GM0632;;;;GM0632;;;False;False;False;52.08528305463418;4.870723515701624;WarmteAtlas:CO2EmissieBedrijven;;;
121;NL;;10829;Cosun Beet company (Puttershoek);Puttershoek;Rustenburgstraat;3297LG;2;;98085;424965;10.81;Vervaardiging van suiker;Overige industrie;Voedings- en genotmiddelenindustrie;CO2;96.46008;81.733225;0.801;0.0;0.353749;0.400996;0.0;0.0;0.0;Voedings- en genotmiddelenindustrie;0.0;0.0;Voeding;0;Green;2024;;GM1963;2995.0;;;GM1963;2995.0;;;GM1963;2995.0;;False;False;False;51.81040585512084;4.561883202717449;WarmteAtlas:CO2EmissieBedrijven;;;
122;NL;;10880;Bolnes Motorenfabriek BV;Krimpen aan de Lek;Zaag;2931LD;29;;100250;435030;28.10;Vervaardiging van motoren, turbines, pompen, compressoren, appendages en drijfwerkelementen;Overige industrie;Metaalelektro;CO2;0.271152;0.0;0.0;0.0;0.0;0.0;0.0;0.0;0.0;Metaalelektro;0.0;0.0;Overige;0;Gray;2024;;GM1931;2931.0;;;GM1931;2931.0;;;GM1931;2931.0;;False;False;False;51.901082873161755;4.591678105092754;WarmteAtlas:CO2EmissieBedrijven;;;
124;NL;;10884;Timmerfabriek Bouter en Zn BV;Bergambacht;Dijklaan;2861EE;32;-36;113640;437430;31.09;Vervaardiging van overige meubels;Overige industrie;Industrie overig;CO2;0.805;0.0;0.0;0.0;0.0;0.0;0.0;0.0;0.0;Overig;0.0;0.0;Overige;0;Gray;2024;;GM1931;2861.0;;;GM1931;2861.0;;;GM1931;2861.0;;False;False;False;51.923809682648475;4.785936206680757;WarmteAtlas:CO2EmissieBedrijven;;;
135;NL;;10983;IHC Smit BV;Nieuw-Lekkerland;Smitweg;2961AW;6;;102750;433250;30.11;Bouw van schepen en drijvend materieel (geen sport- en recreatievaartuigen);Overige industrie;Metaalelektro;CO2;0.0;0.0;4.87368;0.0;1.797459;1.741345;1.466624;1.260557;1.117966;Metaalelektro;17.584382;17.584382;Overige;1;Gray;2024;;GM1978;2961.0;;;GM1978;2961.0;;;GM1978;2961.0;;False;False;False;51.88532515026303;4.628270292082073;WarmteAtlas:CO2EmissieBedrijven;;;
142;NL;;11038;APH B.V.;Hoogblokland;Bazeldijk;4221XX;50;;127904;433493;23.99;Vervaardiging van niet-metaalhoudende minerale producten (geen schuur-, slijp- en polijstmiddelen);Overige industrie;Bouwmaterialenindustrie;CO2;0.0;0.0;0.0;0.0;0.0;0.0;0.0;0.0;0.0;Bouwmaterialenindustrie;0.0;0.0;BouwMaterialen;0;SandyBrown;2024;;GM1978;;;;GM1978;;;;GM1978;;;False;False;False;51.88930114309689;4.99360146180964;WarmteAtlas:CO2EmissieBedrijven;;;
147;NL;;11057;Chemische Industrie en Handelmaatschappij Weduwe Hondorff, Block en Braet BV;Schoonhoven;Havenstraat;2871EC;152;;118020;440060;20.13;Vervaardiging van overige anorganische basischemicaliën;Chemische Industrie;Chemische Industrie basisproducten;CO2;0.476496;0.0;0.0;0.0;0.0;0.0;0.0;0.0;0.0;Chemische Industrie;0.0;0.0;Chemie;0;Magenta;2024;;GM1931;2871.0;;;GM1931;2871.0;;;GM1931;2871.0;;False;False;False;51.947756279365095;4.849324215119021;WarmteAtlas:CO2EmissieBedrijven;;;
153;NL;LCP;11105;Heineken Nederland BV (Zoeterwoude);Zoeterwoude;Burgemeester Smeetsweg;2382PH;1;;97050;461400;11.05;Vervaardiging van bier;Overige industrie;Voedings- en genotmiddelenindustrie;CO2;72.712203;77.162013;54.617211;85.747496;73.956429;74.091099;72.143228;63.177475;61.858545;Voedings- en genotmiddelenindustrie;965.264495;965.264495;Voeding;3;Green;2024;;GM0638;2382.0;;;GM0638;2382.0;;;GM0638;2382.0;;False;False;False;52.13775476988237;4.5407213904149435;WarmteAtlas:CO2EmissieBedrijven;;;
166;NL;LCP;114001;Maxima-centrale;Lelystad;IJsselmeerdijk;8221RC;101;;164694;509969;35.11.1;Productie van elektriciteit door thermische, kern- en warmtekrachtcentrales;Energiesector;Opwekking electriciteit;CO2;1101.03418;0.0;1050.879719;1233.372986;1789.174395;949.882378;1221.772264;970.214404;1167.327316;Opwekking electriciteit;8171.291212;0.0;Energy;5;Yellow;2024;;GM0995;;;;GM0995;;;;GM0995;;;False;False;False;52.57722290437191;5.530213954115616;WarmteAtlas:CO2EmissieBedrijven;;;
173;NL;;114709;McCain Foods Holland BV (Lelystad);Lelystad;Steenstraat;8211AG;9;;164429;505923;10.31;Vervaardiging van aardappelproducten;Overige industrie;Voedings- en genotmiddelenindustrie;CO2;0.0;0.0;0.0;0.0;24.25062;26.73462;26.295658;26.92262;26.75762;Voedings- en genotmiddelenindustrie;417.53618;417.53618;Voeding;3;Green;2024;;GM0995;;;;GM0995;;;;GM0995;;;False;False;False;52.540865432792124;5.526189817846175;WarmteAtlas:CO2EmissieBedrijven;;;
184;NL;;114729;RWZI Aarle-Rixtel;Aarle Rixtel;Bakelseweg;5735SC;2;;174147;390811;37.00;Afvalwaterinzameling en -behandeling;Riolering en waterzuiveringsinstallaties;Energiegebruik en processen Riolering en waterzuiveringsinstallaties;CO2;5.839948;5.313586;8.299262;5.226374;8.361196;5.852147;8.483342;7.660052;6.960031;Overig;110.282184;110.282184;RWZI;2;Bleu;2024;;GM1659;;;;GM1659;;;;GM1659;;;False;False;False;51.505987779073855;5.662985907763804;WarmteAtlas:CO2EmissieBedrijven;;;
196;NL;;114743;RWZI Dinther;Heeswijk-Dinther;Hazelbergsestraat;5473XL;5;;164847;405339;37.00;Afvalwaterinzameling en -behandeling;Riolering en waterzuiveringsinstallaties;Energiegebruik en processen Riolering en waterzuiveringsinstallaties;CO2;6.408826;5.561075;7.628823;6.163031;8.274966;7.455116;5.523169;6.618302;6.130615;Overig;97.140028;97.140028;RWZI;2;Bleu;2024;;GM1721;;;;GM1721;;;;GM1721;;;False;False;False;51.63681338639693;5.529442554151915;WarmteAtlas:CO2EmissieBedrijven;;;
201;NL;;114754;Tarkett B.V.;Waalwijk;Taxandriaweg;5142PA;15;;133500;411600;13.93;Vervaardiging van vloerkleden en tapijt;Overige industrie;Textiel- en tapijtindustrie;CO2;0.0;0.0;0.0;0.0;0.0;0.0;0.0;0.0;0.0;Overig;0.0;0.0;Overige;0;Gray;2024;;GM0867;;;;GM0867;;;;GM0867;;;False;False;False;51.692764748180004;5.076247479573483;WarmteAtlas:CO2EmissieBedrijven;;;
209;NL;;114768;MediaMotion Manufacturing BV;Uden;Industrielaan;5406XC;24;;172800;407600;18.20;Reproductie van opgenomen media;Overige industrie;Grafische industrie;CO2;0.0;0.0;0.0;0.0;0.0;0.0;0.0;0.0;0.0;Overig;0.0;0.0;Overige;0;Gray;2024;;GM1991;;;;GM1991;;;;GM1991;;;False;False;False;51.65694008092363;5.644439077878468;WarmteAtlas:CO2EmissieBedrijven;;;
227;NL;;115047;Helvoet Rubber & Plastic Technologies BV;Hellevoetsluis;Sportlaan;3223EV;13;;69028;428298;22.19;Vervaardiging van overige producten van rubber;Overige industrie;Rubber- en kunstofverw. Industrie;CO2;0.0;0.0;1.08;0.0;0.0;0.0;0.0;0.0;0.0;Overig;0.0;0.0;Overige;0;Gray;2024;;GM1992;3223.0;;;GM1992;3223.0;;;GM1992;3223.0;;False;False;False;51.836638752239864;4.139780642728105;WarmteAtlas:CO2EmissieBedrijven;;;
237;NL;;115067;Unidek Produktie / Van Dijk Produktie B.V.;Gemert;Scheiweg;5421XL;26;;177407;397544;22.23;Vervaardiging van kunststofproducten voor de bouw;Overige industrie;Rubber- en kunstofverw. Industrie;CO2;0.0;0.0;0.0;0.0;0.0;0.0;0.0;0.0;0.0;Overig;0.0;0.0;Overige;0;Gray;2024;;GM1652;;;;GM1652;;;;GM1652;;;False;False;False;51.5663869515899;5.710371179307896;WarmteAtlas:CO2EmissieBedrijven;;;
249;NL;;115143;FrieslandCampina Cheese (Leerdam);Leerdam;Handelstraat;4143HT;11;;135546;434465;10.51;Vervaardiging van zuivelproducten (geen consumptie-ijs);Overige industrie;Voedings- en genotmiddelenindustrie;CO2;0.0;0.0;0.0;0.08036;0.0668;0.0;0.0;0.0;0.0;Voedings- en genotmiddelenindustrie;0.0;0.0;Voeding;0;Green;2024;;GM1961;;;;GM1961;;;;GM1961;;;False;False;False;51.89835701115723;5.104554027828748;WarmteAtlas:CO2EmissieBedrijven;;;
257;NL;;11656;Asko BV;Zoetermeer;Galvanistraat;2723RV;46;;95820;452150;23.00;Vervaardiging van overige niet-metaalhoudende minerale producten;Overige industrie;Bouwmaterialenindustrie;CO2;2.844393;0.0;0.0;0.0;0.0;0.0;0.0;0.0;0.0;Bouwmaterialenindustrie;0.0;0.0;BouwMaterialen;0;SandyBrown;2024;;GM0637;2723.0;;;GM0637;2723.0;;;GM0637;2723.0;;False;False;False;52.054492996126775;4.524362361503522;WarmteAtlas:CO2EmissieBedrijven;;;
258;NL;;11658;Farm Frites BV;Oudenhoorn;Molendijk;3227CD;108;;70714;426770;10.31;Vervaardiging van aardappelproducten;Overige industrie;Voedings- en genotmiddelenindustrie;CO2;0.0;0.0;28.987856;28.25424;30.667107;36.235135;33.443416;33.097077;34.489152;Voedings- en genotmiddelenindustrie;538.181975;538.181975;Voeding;3;Green;2024;;GM1992;3227.0;;;GM1992;3227.0;;;GM1992;3227.0;;False;False;False;51.823164462847295;4.164611178388323;WarmteAtlas:CO2EmissieBedrijven;;;
277;NL;;12167;UZIMET BV;Rijswijk;Delftweg;2289BA;62;;83663;450035;24.43;Vervaardiging van lood, zink en tin;Overige industrie;Basismetaal;CO2;0.0;0.225;0.690527;0.781276;0.734436;0.699724;0.733049;0.65302;0.62056;Basismetaal;6.989557;6.989557;Basismetaal;1;Black;2024;;GM0603;2289.0;;;GM0603;2289.0;;;GM0603;2289.0;;False;False;False;52.03405414017338;4.347580985453512;WarmteAtlas:CO2EmissieBedrijven;;;
279;NL;;12169;Campina BV (Wassenaar);Wassenaar;Menkenlaan;2243CK;2;;86250;460200;10.50;Vervaardiging van zuivelprodukten;Overige industrie;Voedings- en genotmiddelenindustrie;CO2;0.0;0.0;0.0;0.0;0.0;0.0;0.0;0.0;0.0;Voedings- en genotmiddelenindustrie;0.0;0.0;Voeding;0;Green;2024;;GM0629;2243.0;;;GM0629;2243.0;;;GM0629;2243.0;;False;False;False;52.12573298022021;4.383228406364067;WarmteAtlas:CO2EmissieBedrijven;;;
280;NL;;12170;FrieslandCampina Maasdam;Maasdam;LAGEWEG;3299ZG;4;- 8;97050;422750;10.51;Vervaardiging van zuivelproducten (geen consumptie-ijs);Overige industrie;Voedings- en genotmiddelenindustrie;CO2;0.0;1.883;5.511407;5.131437;4.690117;4.584362;4.435186;5.023008;5.603374;Voedings- en genotmiddelenindustrie;87.4372;87.4372;Voeding;2;Green;2024;;GM1963;;;;GM1963;;;;GM1963;;;False;False;False;51.79039180719339;4.54724714482866;WarmteAtlas:CO2EmissieBedrijven;;;
281;NL;;12171;DeltaMilk (De Graafstroom);Bleskensgraaf;Dorpsstraat;2971AD;18;;112970;431300;10.51;Vervaardiging van zuivelproducten (geen consumptie-ijs);Overige industrie;Voedings- en genotmiddelenindustrie;CO2;0.0;3.225;3.585336;4.209602;3.92;0.0;0.0;0.0;0.0;Voedings- en genotmiddelenindustrie;0.0;0.0;Voeding;0;Green;2024;;GM1978;2971.0;;;GM1978;2971.0;;;GM1978;2971.0;;False;False;False;51.868663858267695;4.776944675732019;WarmteAtlas:CO2EmissieBedrijven;;;
303;NL;;19048;Refresco Benelux BV;Bodegraven;Europaweg;2411NE;6;;111030;453850;11.07;"Vervaardiging van frisdranken; productie van mineraalwater en overig gebotteld water";Overige industrie;Voedings- en genotmiddelenindustrie;CO2;0.0;0.0;0.0;3.59;4.7962;3.822;0.0;0.0;4.1998;Voedings- en genotmiddelenindustrie;65.535292;65.535292;Voeding;2;Green;2024;;GM1901;2411.0;;;GM1901;2411.0;;;GM1901;2411.0;;False;False;False;52.07118747364877;4.745888775843054;WarmteAtlas:CO2EmissieBedrijven;;;
309;NL;;200019;Stichting Amsterdam UMC, locatie AMC;Amsterdam;Meibergdreef;1105AZ;9;;125713;478645;86.10.1;Universitair medische centra;Handel, Diensten en Overheid (HDO);Energiegebruik en processen Handel, Diensten en Overheid (HDO);CO2;0.0;0.0;37.93;0.0;0.0;0.0;36.906;35.947028;34.272674;Overig;543.052933;543.052933;Overige;3;Gray;2024;;GM0363;1105.0;;;GM0363;1105.0;;;GM0363;1105.0;;False;False;False;52.29500779244427;4.957897800138988;WarmteAtlas:CO2EmissieBedrijven;;;
312;NL;;200119;F. Wellink Lekkerkerk BV;Lekkerkerk;Jan Tomstraat;2941CD;10;;107224;434706;10.13;Vleesverwerking (niet tot maaltijden);Overige industrie;Voedings- en genotmiddelenindustrie;CO2;0.0;0.0;0.11249;0.0;0.0;0.0;0.0;0.0;0.0;Voedings- en genotmiddelenindustrie;0.0;0.0;Voeding;0;Green;2024;;GM1931;2941.0;;;GM1931;2941.0;;;GM1931;2941.0;;False;False;False;51.89881310323434;4.693048544677439;WarmteAtlas:CO2EmissieBedrijven;;;
314;NL;;200131;HAK;Giessen;H.C. Hakstraat;4283KA;1;;130356;422745;10.39;Verwerking van groente en fruit (niet tot sap en maaltijden);Overige industrie;Voedings- en genotmiddelenindustrie;CO2;0.0;7.425;6.949105;5.667917;7.004876;7.098;5.852;3.5;4.623;Voedings- en genotmiddelenindustrie;72.139068;72.139068;Voeding;2;Green;2024;;GM1959;;;;GM1959;;;;GM1959;;;False;False;False;51.792809874273054;5.029985609390069;WarmteAtlas:CO2EmissieBedrijven;;;
323;NL;;200292;T. Boer & zn.;Nieuwerkerk aan den IJssel;'s-Gravenweg;2911CJ;114;;102117;441156;10.11;Slachterijen (geen pluimvee-);Overige industrie;Voedings- en genotmiddelenindustrie;CO2;0.0;0.0;1.07;0.64;0.675;0.722;0.749;0.762;0.758;Voedings- en genotmiddelenindustrie;11.828123;11.828123;Voeding;1;Green;2024;;GM1892;2911.0;;;GM1892;2911.0;;;GM1892;2911.0;;False;False;False;51.95632130736232;4.617861334054019;WarmteAtlas:CO2EmissieBedrijven;;;
340;NL;;200522;Ennatuurlijk (Tilburg);Tilburg;Rodenberg;5047SZ;51;;129552;400368;35.14;Handel in elektriciteit en in gas via leidingen;Energiesector;Opwekking electriciteit;CO2;0.0;0.0;5.212;2.659635;6.18035;4.578594;2.959534;0.0;0.0;Opwekking electriciteit;0.0;0.0;Energy;0;Yellow;2024;;GM0855;;;;GM0855;;;;GM0855;;;False;False;False;51.5916417677845;5.019967607212627;WarmteAtlas:CO2EmissieBedrijven;;;
341;NL;;200526;Exportslachterij Clazing BV;Zevenhuizen;Bierhoogtweg;2761JH;17;;101169;445769;10.12;Pluimveeslachterijen;Overige industrie;Voedings- en genotmiddelenindustrie;CO2;0.0;0.0;0.95;0.0;2.003;2.198;1.087;0.8377;1.822317;Voedings- en genotmiddelenindustrie;28.436134;28.436134;Voeding;1;Green;2024;;GM1892;2761.0;;;GM1892;2761.0;;;GM1892;2761.0;;False;False;False;51.997689614775865;4.603347092815621;WarmteAtlas:CO2EmissieBedrijven;;;
357;NL;;200702;Renewi Nieuwegein;Nieuwegein;Grote Wade;3439NZ;45;;136145;451047;38.11;Inzameling van onschadelijk afval;Afvalverwijdering;AVI's;CO2;0.0;0.0;0.0;0.223058;0.174773;0.2886;0.293117;0.0;0.0;Overig;0.0;0.0;Afval;0;Maroon;2024;;GM0356;;;;GM0356;;;;GM0356;;;False;False;False;52.04741827327569;5.112345855157344;WarmteAtlas:CO2EmissieBedrijven;;;
366;NL;;201172;Smit & Zoon;Weesp;Nijverheidslaan;1382LK;48;;132205;480475;20.59;Vervaardiging van overige chemische producten n.e.g.;Chemische Industrie;Chemische Industrie overig;CO2;0.0;0.0;0.0;1.344936;1.263579;1.324838;1.180929;1.132629;1.031818;Chemische Industrie;14.011562;14.011562;Chemie;1;Magenta;2024;;GM0363;1382.0;;;GM0363;1382.0;;;GM0363;1382.0;;False;False;False;52.311762165171494;5.052935969596958;WarmteAtlas:CO2EmissieBedrijven;;;
392;NL;LCP;202419;Eneco (Nieuwegein);Nieuwegein;Doorslag;3435DG;3;;134208;448648;35.12;Beheer en exploitatie van transportnetten voor elektriciteit, aardgas en warm water;Energiesector;Opwekking electriciteit;CO2;0.0;0.0;2.889677;1.690676;1.453948;1.556005;1.377421;2.120265;2.080124;Opwekking electriciteit;14.560868;0.0;Energy;2;Yellow;2024;;GM0356;;;;GM0356;;;;GM0356;;;False;False;False;52.02578681707;5.084255573435716;WarmteAtlas:CO2EmissieBedrijven;;;
393;NL;;202578;Mars Food Europe CV;Oud-Beijerland;Benjamin Franklinstraat;3261LW;19;;89690;427150;10.84;"Vervaardiging van specerijen, sauzen en kruiderijen; zoutraffinage";Overige industrie;Voedings- en genotmiddelenindustrie;CO2;0.0;0.0;0.0;6.38862;6.068;6.019;0.0;0.0;0.0;Voedings- en genotmiddelenindustrie;0.0;0.0;Voeding;0;Green;2024;;GM1963;3261.0;;;GM1963;3261.0;;;GM1963;3261.0;;False;False;False;51.82912399533306;4.43975024531782;WarmteAtlas:CO2EmissieBedrijven;;;
404;NL;;202850;Sassenheimse Vleesbedrijven B.V.;Sassenheim;Edisonstraat;2171TV;16;;93863;469695;46.32;Groothandel in vlees en vleesproducten en in wild en gevogelte (niet levend);Handel, Diensten en Overheid (HDO);Energiegebruik en processen Handel, Diensten en Overheid (HDO);CO2;1.0;1.0;1.0;1.0;1.0;1.0;1.0;1.0;0.0;Overig;0.0;0.0;Overige;0;Gray;2024;;GM1525;2171.0;;;GM1525;2171.0;;;GM1525;2171.0;;False;False;False;52.211958750733444;4.492680133819523;WarmteAtlas:CO2EmissieBedrijven;;;
411;NL;;202928;C & T Technics;Uden;Frontstraat;5405AK;12;a;173000;407050;25.61;Oppervlaktebehandeling en bekleding van metaal;Overige industrie;Metaalelektro;CO2;0.0;0.0;0.0;0.62476;0.0;0.0;0.0;0.0;0.0;Metaalelektro;0.0;0.0;Overige;0;Gray;2024;;GM1991;;;;GM1991;;;;GM1991;;;False;False;False;51.6519900421603;5.6473009427742555;WarmteAtlas:CO2EmissieBedrijven;;;
419;NL;;203024;Boehringer Ingelheim Animal Health Operations;Weesp;C.J. van Houtenlaan;1381CP;36;;130837;479482;46.46.1;Groothandel in farmaceutische producten;Handel, Diensten en Overheid (HDO);Energiegebruik en processen Handel, Diensten en Overheid (HDO);CO2;0.0;0.0;0.0;0.139;0.0;0.0;0.0;0.0;0.0;Overig;0.0;0.0;Overige;0;Gray;2024;;GM0363;1381.0;;;GM0363;1381.0;;;GM0363;1381.0;;False;False;False;52.30277916048906;5.032946977086084;WarmteAtlas:CO2EmissieBedrijven;;;
471;NL;;204416;Kanola Vethandel;Lexmond;Driemolensweg;4128LS;17;;128996;439814;38.12;Inzameling van schadelijk afval;Afvalverwijdering;AVI's;CO2;0.0;0.0;0.0;0.1054;0.0;0.0;0.0;0.0;0.0;Overig;0.0;0.0;Afval;0;Maroon;2024;;GM1961;;;;GM1961;;;;GM1961;;;False;False;False;51.9461669411196;5.008986045413785;WarmteAtlas:CO2EmissieBedrijven;;;
476;NL;;204523;Aardgascompressorstation Wijngaarden;Wijngaarden;Westeinde;3366BL;37;;110350;428582;35.12;Beheer en exploitatie van transportnetten voor elektriciteit, aardgas en warm water;Energiesector;Olie- gaswinning land;CO2;0.0;0.0;0.0;0.000319;0.0;0.0;0.0;0.0;0.0;Overig;0.0;0.0;Overige;0;Gray;2024;;GM1978;;;;GM1978;;;;GM1978;;;False;False;False;51.84403106825335;4.739257256920474;WarmteAtlas:CO2EmissieBedrijven;;;
498;NL;;205493;Euro Support Advanced Materials B.V.;Uden;Liessentstraat;5405AH;9;F;172961;407060;20.59;Vervaardiging van overige chemische producten n.e.g.;Chemische Industrie;Chemische Industrie overig;CO2;0.0;0.0;0.0;0.0;1.575788;1.671809;1.737992;2.482516;1.799648;Chemische Industrie;24.438302;24.438302;Chemie;1;Magenta;2024;;GM1991;;;;GM1991;;;;GM1991;;;False;False;False;51.652081178492516;5.646737915315971;WarmteAtlas:CO2EmissieBedrijven;;;
504;NL;;205568;Asfaltcentrale Gebr. Van der Lee V.O.F.;Lelystad;Mortelstraat;8211AD;4;;164063;505294;42.11.1;Wegenbouw;Bouw;Overig bouw;CO2;0.0;0.0;0.0;0.0;5.012688;0.0;0.0;0.0;0.0;Overig;0.0;0.0;Overige;0;Gray;2024;;GM0995;;;;GM0995;;;;GM0995;;;False;False;False;52.53521867212987;5.520777803133446;WarmteAtlas:CO2EmissieBedrijven;;;
529;NL;;206211;ABL-Technic Uden B.V.;Uden;Vliegeniersstraat;5405BH;24;;173940;407820;25.61;Oppervlaktebehandeling en bekleding van metaal;Overige industrie;Metaalelektro;CO2;0.0;0.0;0.0;0.0;0.0;0.0;1.033729;1.16057;1.13031;Metaalelektro;17.77854;17.77854;Overige;1;Gray;2024;;GM1991;;;;GM1991;;;;GM1991;;;False;False;False;51.65888014825973;5.660925619303154;WarmteAtlas:CO2EmissieBedrijven;;;
549;NL;;21302;Abbott Healthcare Products BV;Weesp;C.J. Van Houtenlaan;1381CP;36;;130940;479560;21.20;Vervaardiging van farmaceutische producten (geen grondstoffen);Chemische Industrie;Chemische Industrie overig;CO2;21.191725;0.0;17.449951;13.545716;28.120163;11.78261;10.724058;11.162488;11.38613;Chemische Industrie;154.617835;154.617835;Chemie;2;Magenta;2024;;GM0363;1381.0;;;GM0363;1381.0;;;GM0363;1381.0;;False;False;False;52.303484701925626;5.034451484059594;WarmteAtlas:CO2EmissieBedrijven;;;
550;NL;;21304;Givaudan Nederland BV (Naarden);Naarden;Huizerstraatweg;1411GP;28;;141030;478690;20.53;Vervaardiging van etherische oliën;Chemische Industrie;Chemische Industrie overig;CO2;6.02208;0.0;9.648122;4.33;4.907;4.805;4.63;4.582;3.886904;Chemische Industrie;52.782172;52.782172;Chemie;2;Magenta;2024;;GM1942;1411.0;;;GM1942;1411.0;;;GM1942;1411.0;;False;False;False;52.29601404479341;5.182419488791601;WarmteAtlas:CO2EmissieBedrijven;;;
551;NL;;21401;Muiden Chemie BV;Muiden;Kruitpad;1398CP;16;;132400;482850;20.51;Vervaardiging van kruit en springstoffen en van lucifers;Chemische Industrie;Chemische Industrie overig;CO2;3.57717;0.0;0.0;0.0;0.0;0.0;0.0;0.0;0.0;Chemische Industrie;0.0;0.0;Chemie;0;Magenta;2024;;GM1942;1398.0;;;GM1942;1398.0;;;GM1942;1398.0;;False;False;False;52.33311559403618;5.055636167040346;WarmteAtlas:CO2EmissieBedrijven;;;
563;NL;;220002;Arkel;Arkel;Dr. Dreeslaan;4241CG;1;;127800;430700;37.00;Afvalwaterinzameling en -behandeling;Riolering en waterzuiveringsinstallaties;Energiegebruik en processen Riolering en waterzuiveringsinstallaties;CO2;0.042056;0.0;0.0;0.0;0.0;0.0;0.0;0.0;0.0;Overig;0.0;0.0;RWZI;0;Bleu;2024;;GM1978;;;;GM1978;;;;GM1978;;;False;False;False;51.86419223229743;4.992311079553374;WarmteAtlas:CO2EmissieBedrijven;;;
567;NL;;220006;RWZI Giessenburg;Giessenburg;Kerkweg;3381KJ;1;;121000;428900;37.00;Afvalwaterinzameling en -behandeling;Riolering en waterzuiveringsinstallaties;Energiegebruik en processen Riolering en waterzuiveringsinstallaties;CO2;0.132184;0.0;0.0;0.0;0.0;0.0;0.0;0.0;0.0;Overig;0.0;0.0;RWZI;0;Bleu;2024;;GM1978;;;;GM1978;;;;GM1978;;;False;False;False;51.84764037706697;4.89376868356047;WarmteAtlas:CO2EmissieBedrijven;;;
569;NL;;220008;RWZI Hoogblokland;Hoogblokland;Beemdweg;4221LV;3;B;126600;432000;37.00;Afvalwaterinzameling en -behandeling;Riolering en waterzuiveringsinstallaties;Energiegebruik en processen Riolering en waterzuiveringsinstallaties;CO2;0.048259;0.0;0.0;0.0;0.0;0.0;0.0;0.0;0.0;Overig;0.0;0.0;RWZI;0;Bleu;2024;;GM1978;;;;GM1978;;;;GM1978;;;False;False;False;51.87581693279715;4.974782793769195;WarmteAtlas:CO2EmissieBedrijven;;;
570;NL;;220009;Hoornaar;Hoornaar;Groeneweg;4223MD;15;A;124800;431700;37.00;Afvalwaterinzameling en -behandeling;Riolering en waterzuiveringsinstallaties;Energiegebruik en processen Riolering en waterzuiveringsinstallaties;CO2;0.085715;0.0;0.0;0.0;0.0;0.0;0.0;0.0;0.0;Overig;0.0;0.0;RWZI;0;Bleu;2024;;GM1978;;;;GM1978;;;;GM1978;;;False;False;False;51.873025843949925;4.948670497691576;WarmteAtlas:CO2EmissieBedrijven;;;
572;NL;;220010;Kedichem;Kedichem;Zwaansweg;4247EX;7;;131500;430500;37.00;Afvalwaterinzameling en -behandeling;Riolering en waterzuiveringsinstallaties;Energiegebruik en processen Riolering en waterzuiveringsinstallaties;CO2;0.03787;0.0;0.0;0.0;0.0;0.0;0.0;0.0;0.0;Overig;0.0;0.0;RWZI;0;Bleu;2024;;GM1961;;;;GM1961;;;;GM1961;;;False;False;False;51.86256287938382;5.046040558424775;WarmteAtlas:CO2EmissieBedrijven;;;
575;NL;;220013;RWZI Oud-Alblas;Oud-Alblas;Beemdweg;2969CD;;;108200;429500;37.00;Afvalwaterinzameling en -behandeling;Riolering en waterzuiveringsinstallaties;Energiegebruik en processen Riolering en waterzuiveringsinstallaties;CO2;0.137237;0.0;0.0;0.0;0.0;0.0;0.0;0.0;0.0;Overig;0.0;0.0;RWZI;0;Bleu;2024;;GM1978;2969.0;;;GM1978;2969.0;;;GM1978;2969.0;;False;False;False;51.852105575670976;4.707934831540973;WarmteAtlas:CO2EmissieBedrijven;;;
577;NL;;220015;RWZI Abcoude;Abcoude;Oude Dijk;1391KP;11;;127200;474800;37.00;Afvalwaterinzameling en -behandeling;Riolering en waterzuiveringsinstallaties;Energiegebruik en processen Riolering en waterzuiveringsinstallaties;CO2;0.296119;0.0;0.0;0.0;0.0;0.0;0.0;0.0;0.0;Overig;0.0;0.0;RWZI;0;Bleu;2024;;GM0736;1391.0;;;GM0736;1391.0;;;GM0736;1391.0;;False;False;False;52.26052779466295;4.980011032810578;WarmteAtlas:CO2EmissieBedrijven;;;
584;NL;;220022;RWZI Kaagdorp;Kaag;Nassaulaan;2159LR;1;;98700;469700;37.00;Afvalwaterinzameling en -behandeling;Riolering en waterzuiveringsinstallaties;Energiegebruik en processen Riolering en waterzuiveringsinstallaties;CO2;0.013691;0.0;0.0;0.0;0.0;0.0;0.0;0.0;0.0;Overig;0.0;0.0;RWZI;0;Bleu;2024;;GM1884;2159.0;;;GM1884;2159.0;;;GM1884;2159.0;;False;False;False;52.21251855327417;4.563444372832551;WarmteAtlas:CO2EmissieBedrijven;;;
593;NL;;220031;RWZI Spijkenisse-Hekelingseweg;Spijkenisse;Hekelingseweg;3201LR;2;;81400;429400;37.00;Afvalwaterinzameling en -behandeling;Riolering en waterzuiveringsinstallaties;Energiegebruik en processen Riolering en waterzuiveringsinstallaties;CO2;0.4841;0.0;0.0;0.0;0.0;0.0;0.0;0.0;0.0;Overig;0.0;0.0;RWZI;0;Bleu;2024;;GM1930;3201.0;;;GM1930;3201.0;;;GM1930;3201.0;;False;False;False;51.84831266683166;4.31902664064101;WarmteAtlas:CO2EmissieBedrijven;;;
595;NL;;220033;RWZI Vianen;Vianen;Lekdijk;4131KA;2;;135182;445641;37.00;Afvalwaterinzameling en -behandeling;Riolering en waterzuiveringsinstallaties;Energiegebruik en processen Riolering en waterzuiveringsinstallaties;CO2;0.111857;0.452012;0.855951;0.579449;0.81334;0.775791;0.769846;0.946284;0.709757;Overig;11.246144;11.246144;RWZI;1;Bleu;2024;;GM1961;;;;GM1961;;;;GM1961;;;False;False;False;51.998795427410705;5.098620946521327;WarmteAtlas:CO2EmissieBedrijven;;;
600;NL;;220038;RWZI Spijkenisse;Spijkenisse;Schenkelweg;3203LE;100;;83200;428700;37.00;Afvalwaterinzameling en -behandeling;Riolering en waterzuiveringsinstallaties;Energiegebruik en processen Riolering en waterzuiveringsinstallaties;CO2;0.958412;0.0;0.0;0.0;0.0;0.0;0.0;0.0;0.0;Overig;0.0;0.0;RWZI;0;Bleu;2024;;GM1930;3203.0;;;GM1930;3203.0;;;GM1930;3203.0;;False;False;False;51.842256414542085;4.345291878247504;WarmteAtlas:CO2EmissieBedrijven;;;
605;NL;;220043;RWZI Almkerk;Almkerk;Doornseweg;4286EG;3;;125300;420700;37.00;Afvalwaterinzameling en -behandeling;Riolering en waterzuiveringsinstallaties;Energiegebruik en processen Riolering en waterzuiveringsinstallaties;CO2;0.188621;0.0;0.0;0.0;0.0;0.0;0.0;0.0;0.0;Overig;0.0;0.0;RWZI;0;Bleu;2024;;GM1959;;;;GM1959;;;;GM1959;;;False;False;False;51.77418302572065;4.956875623327208;WarmteAtlas:CO2EmissieBedrijven;;;
612;NL;;220050;RWZI Bleiswijk;Bleiswijk;Merenweg;2665KM;15;;96700;446100;37.00;Afvalwaterinzameling en -behandeling;Riolering en waterzuiveringsinstallaties;Energiegebruik en processen Riolering en waterzuiveringsinstallaties;CO2;0.693692;0.0;0.0;0.0;0.0;0.0;0.0;0.0;0.0;Overig;0.0;0.0;RWZI;0;Bleu;2024;;GM1621;2665.0;;;GM1621;2665.0;;;GM1621;2665.0;;False;False;False;52.00021304709377;4.538222344266441;WarmteAtlas:CO2EmissieBedrijven;;;
614;NL;;220052;RWZI Doorn;Doorn;Vossensteinsesteeg;3941BL;6;;150100;449700;37.00;Afvalwaterinzameling en -behandeling;Riolering en waterzuiveringsinstallaties;Energiegebruik en processen Riolering en waterzuiveringsinstallaties;CO2;1.640496;0.0;0.0;0.0;0.0;0.0;0.0;0.0;0.0;Overig;0.0;0.0;RWZI;0;Bleu;2024;;GM1581;;;;GM1581;;;;GM1581;;;False;False;False;52.035610136374366;5.315792654185572;WarmteAtlas:CO2EmissieBedrijven;;;
633;NL;;220070;RWZI Nieuwendijk;Nieuwendijk;Ippelseweg;4255;;;123100;421200;37.00;Afvalwaterinzameling en -behandeling;Riolering en waterzuiveringsinstallaties;Energiegebruik en processen Riolering en waterzuiveringsinstallaties;CO2;0.141335;0.0;0.0;0.0;0.0;0.0;0.0;0.0;0.0;Overig;0.0;0.0;RWZI;0;Bleu;2024;;GM1959;;;;GM1959;;;;GM1959;;;False;False;False;51.7785558457325;4.924954522729617;WarmteAtlas:CO2EmissieBedrijven;;;
634;NL;;220071;RWZI Nieuwerkerk-Emmahof;Nieuwerkerk aan den IJssel;Koningin Emmahof;2911AE;;;101800;441800;37.00;Afvalwaterinzameling en -behandeling;Riolering en waterzuiveringsinstallaties;Energiegebruik en processen Riolering en waterzuiveringsinstallaties;CO2;0.256506;0.0;0.0;0.0;0.0;0.0;0.0;0.0;0.0;Overig;0.0;0.0;RWZI;0;Bleu;2024;;GM1892;2911.0;;;GM1892;2911.0;;;GM1892;2911.0;;False;False;False;51.962079026086144;4.613150228041993;WarmteAtlas:CO2EmissieBedrijven;;;
637;NL;;220074;RWZI Odiliapeel;Odiliapeel;Nieuwedijk;5409SB;8;;177200;406900;37.00;Afvalwaterinzameling en -behandeling;Riolering en waterzuiveringsinstallaties;Energiegebruik en processen Riolering en waterzuiveringsinstallaties;CO2;0.2032;0.0;0.0;0.0;0.0;0.0;0.0;0.0;0.0;Overig;0.0;0.0;RWZI;0;Bleu;2024;;GM1991;;;;GM1991;;;;GM1991;;;False;False;False;51.65049108835032;5.707980396982843;WarmteAtlas:CO2EmissieBedrijven;;;
639;NL;;220076;RWZI Oudenhoorn;Oudenhoorn;Burgemeester de Zeeuwstraat;3227AC;2;;72300;427000;37.00;Afvalwaterinzameling en -behandeling;Riolering en waterzuiveringsinstallaties;Energiegebruik en processen Riolering en waterzuiveringsinstallaties;CO2;0.060854;0.0;0.0;0.0;0.0;0.0;0.0;0.0;0.0;Overig;0.0;0.0;RWZI;0;Bleu;2024;;GM1992;3227.0;;;GM1992;3227.0;;;GM1992;3227.0;;False;False;False;51.82546878610026;4.18755665305248;WarmteAtlas:CO2EmissieBedrijven;;;
642;NL;;220079;RWZI Reeuwijk-Brug;Reeuwijk;Kennedysingel;2011VA;31;;109200;451700;37.00;Afvalwaterinzameling en -behandeling;Riolering en waterzuiveringsinstallaties;Energiegebruik en processen Riolering en waterzuiveringsinstallaties;CO2;0.164848;0.0;0.0;0.0;0.0;0.0;0.0;0.0;0.0;Overig;0.0;0.0;RWZI;0;Bleu;2024;;GM1901;2811.0;;;GM1901;2811.0;;;GM1901;2811.0;;False;False;False;52.05171591453891;4.719487748701152;WarmteAtlas:CO2EmissieBedrijven;;;
645;NL;;220081;RWZI Sassenheim;Sassenheim;Schoonzorgweg;2172VH;16;;95800;470300;37.00;Afvalwaterinzameling en -behandeling;Riolering en waterzuiveringsinstallaties;Energiegebruik en processen Riolering en waterzuiveringsinstallaties;CO2;0.701433;0.0;0.0;0.0;0.0;0.0;0.0;0.0;0.0;Overig;0.0;0.0;RWZI;0;Bleu;2024;;GM1525;2172.0;;;GM1525;2172.0;;;GM1525;2172.0;;False;False;False;52.217607157588745;4.520912412718551;WarmteAtlas:CO2EmissieBedrijven;;;
650;NL;;220087;RWZI Slijk Ewijk;Slijk Ewijk;Dorpsstraat;6677;;;182700;433400;37.00;Afvalwaterinzameling en -behandeling;Riolering en waterzuiveringsinstallaties;Energiegebruik en processen Riolering en waterzuiveringsinstallaties;CO2;0.027826;0.0;0.0;0.0;0.0;0.0;0.0;0.0;0.0;Overig;0.0;0.0;RWZI;0;Bleu;2024;;GM1734;;;;GM1734;;;;GM1734;;;False;False;False;51.8884344101039;5.789569717361507;WarmteAtlas:CO2EmissieBedrijven;;;
653;NL;;220091;RWZI Vierpolders;Vierpolders;Hogeweg;3237LD;;;72300;432600;37.00;Afvalwaterinzameling en -behandeling;Riolering en waterzuiveringsinstallaties;Energiegebruik en processen Riolering en waterzuiveringsinstallaties;CO2;0.040735;0.0;0.0;0.0;0.0;0.0;0.0;0.0;0.0;Overig;0.0;0.0;RWZI;0;Bleu;2024;;GM1992;3237.0;;;GM1992;;;;GM1992;;;False;False;False;51.87579448192328;4.186215116458595;WarmteAtlas:CO2EmissieBedrijven;;;
655;NL;;220093;RWZI Voorschoten;Voorschoten;Dobbeweg;2254AG;;;89800;460600;37.00;Afvalwaterinzameling en -behandeling;Riolering en waterzuiveringsinstallaties;Energiegebruik en processen Riolering en waterzuiveringsinstallaties;CO2;0.010673;0.0;0.0;0.0;0.0;0.0;0.0;0.0;0.0;Overig;0.0;0.0;RWZI;0;Bleu;2024;;GM0626;2254.0;;;GM0626;2254.0;;;GM0626;2254.0;;False;False;False;52.12975770201182;4.434986360170119;WarmteAtlas:CO2EmissieBedrijven;;;
658;NL;;220097;RWZI Zevenhuizen;Zevenhuizen;Zuidplasweg;2761JL;2;D;100000;446800;37.00;Afvalwaterinzameling en -behandeling;Riolering en waterzuiveringsinstallaties;Energiegebruik en processen Riolering en waterzuiveringsinstallaties;CO2;0.308849;0.0;0.0;0.0;0.0;0.0;0.0;0.0;0.0;Overig;0.0;0.0;RWZI;0;Bleu;2024;;GM1892;2761.0;;;GM1892;2761.0;;;GM1892;2761.0;;False;False;False;52.006841061166604;4.586160829909741;WarmteAtlas:CO2EmissieBedrijven;;;
664;NL;;220104;RWZI Nieuwer ter Aa;Nieuwer ter Aa;Honderdschelaan;3626AB;1;;127200;467400;37.00;Afvalwaterinzameling en -behandeling;Riolering en waterzuiveringsinstallaties;Energiegebruik en processen Riolering en waterzuiveringsinstallaties;CO2;0.03;0.01527;0.0;0.0;0.0;0.0;0.0;0.0;0.0;Overig;0.0;0.0;RWZI;0;Bleu;2024;;GM1904;;;;GM1904;;;;GM1904;;;False;False;False;52.19401933789527;4.980618468853963;WarmteAtlas:CO2EmissieBedrijven;;;
665;NL;;220105;RWZI Schoonrewoerd;Schoonrewoerd;Overheicop;4145KT;18;A;136100;437200;37.00;Afvalwaterinzameling en -behandeling;Riolering en waterzuiveringsinstallaties;Energiegebruik en processen Riolering en waterzuiveringsinstallaties;CO2;0.025898;0.052948;0.0;0.0;0.0;0.0;0.0;0.0;0.0;Overig;0.0;0.0;RWZI;0;Bleu;2024;;GM1961;;;;GM1961;;;;GM1961;;;False;False;False;51.922958753972296;5.11245290877214;WarmteAtlas:CO2EmissieBedrijven;;;
667;NL;;220112;RWZI Aalburg;Wijk en Aalburg;Aalburgsestraat;4261BJ;31;;136733;418332;37.00;Afvalwaterinzameling en -behandeling;Riolering en waterzuiveringsinstallaties;Energiegebruik en processen Riolering en waterzuiveringsinstallaties;CO2;0.567198;0.22208;0.25889;0.260669;0.0;0.0;0.0;0.0;0.0;Overig;0.0;0.0;RWZI;0;Bleu;2024;;GM1959;;;;GM1959;;;;GM1959;;;False;False;False;51.75338930660013;5.12265206889257;WarmteAtlas:CO2EmissieBedrijven;;;
672;NL;;220117;RWZI Abbenbroek;Abbenbroek;Gemeenlandsedijk;3216AG;12;A;76500;429500;37.00;Afvalwaterinzameling en -behandeling;Riolering en waterzuiveringsinstallaties;Energiegebruik en processen Riolering en waterzuiveringsinstallaties;CO2;0.035604;0.079435;0.0;0.0;0.0;0.0;0.0;0.0;0.0;Overig;0.0;0.0;RWZI;0;Bleu;2024;;GM1930;3216.0;;;GM1930;3216.0;;;GM1930;3216.0;;False;False;False;51.848542902878044;4.24790194163869;WarmteAtlas:CO2EmissieBedrijven;;;
684;NL;;220128;RWZI Ammerstol;Ammerstol;Industrieweg;2865AG;6;;115000;438100;37.00;Afvalwaterinzameling en -behandeling;Riolering en waterzuiveringsinstallaties;Energiegebruik en processen Riolering en waterzuiveringsinstallaties;CO2;0.059172;0.062318;0.056999;0.057198;0.078402;0.071695;0.0646;0.071346;0.055228;Overig;0.875094;0.875094;RWZI;1;Bleu;2024;;GM1931;2865.0;;;GM1931;2865.0;;;GM1931;2865.0;;False;False;False;51.92993100240666;4.805628140584987;WarmteAtlas:CO2EmissieBedrijven;;;
691;NL;;220134;RWZI Asperen;Asperen;3e Industrieweg;4147CV;;;135953;432874;37.00;Afvalwaterinzameling en -behandeling;Riolering en waterzuiveringsinstallaties;Energiegebruik en processen Riolering en waterzuiveringsinstallaties;CO2;0.194508;0.180798;0.177764;0.1763;0.175783;0.189984;0.153426;0.133124;0.116563;Overig;1.846947;1.846947;RWZI;1;Bleu;2024;;GM1960;;;;GM1960;;;;GM1960;;;False;False;False;51.88407085518724;5.110555221025782;WarmteAtlas:CO2EmissieBedrijven;;;
697;NL;;220141;RWZI Beesd;Beesd;Dr. A. Kuyperweg;4153BT;2;;140000;434400;37.00;Afvalwaterinzameling en -behandeling;Riolering en waterzuiveringsinstallaties;Energiegebruik en processen Riolering en waterzuiveringsinstallaties;CO2;0.134459;0.162155;0.177365;0.158091;0.261318;0.22318;0.17645;0.136933;0.1451;Overig;2.299116;2.299116;RWZI;1;Bleu;2024;;GM1960;;;;GM1960;;;;GM1960;;;False;False;False;51.89791054909114;5.169268824453267;WarmteAtlas:CO2EmissieBedrijven;;;
701;NL;;220145;RWZI Bergambacht;Bergambacht;Tussenlanen;2861CD;18;A;113800;439300;37.00;Afvalwaterinzameling en -behandeling;Riolering en waterzuiveringsinstallaties;Energiegebruik en processen Riolering en waterzuiveringsinstallaties;CO2;0.111738;0.174328;0.157292;0.189396;0.239181;0.302508;0.447035;0.308085;0.23846;Overig;3.778411;3.778411;RWZI;1;Bleu;2024;;GM1931;2861.0;;;GM1931;2861.0;;;GM1931;2861.0;;False;False;False;51.94062880956862;4.7880379798186;WarmteAtlas:CO2EmissieBedrijven;;;
704;NL;;220148;RWZI Berkel;Bergschenhoek;Boterdorpseweg;2661;;;92300;444700;37.00;Afvalwaterinzameling en -behandeling;Riolering en waterzuiveringsinstallaties;Energiegebruik en processen Riolering en waterzuiveringsinstallaties;CO2;0.40572;0.24435;0.0;0.0;0.0;0.0;0.0;0.0;0.0;Overig;0.0;0.0;RWZI;0;Bleu;2024;;GM1621;2651.0;;;GM1621;2651.0;;;GM1621;2651.0;;False;False;False;51.98715132057526;4.47441197741758;WarmteAtlas:CO2EmissieBedrijven;;;
705;NL;;220149;RWZI Berkenwoude;Berkenwoude;Zuidbroekse Opweg;2825AB;30;;108000;438000;37.00;Afvalwaterinzameling en -behandeling;Riolering en waterzuiveringsinstallaties;Energiegebruik en processen Riolering en waterzuiveringsinstallaties;CO2;0.052686;0.032924;0.088391;0.068202;0.111381;0.125181;0.106812;0.10444;0.077459;Overig;1.227336;1.227336;RWZI;1;Bleu;2024;;GM1931;2941.0;;;GM1931;2941.0;;;GM1931;2941.0;;False;False;False;51.92848477333873;4.703872661853909;WarmteAtlas:CO2EmissieBedrijven;;;
709;NL;;220153;RWZI Bodegraven;Bodegraven;J.C. Hoogendoornlaan;2411NB;2;a;110299;455105;37.00;Afvalwaterinzameling en -behandeling;Riolering en waterzuiveringsinstallaties;Energiegebruik en processen Riolering en waterzuiveringsinstallaties;CO2;0.891416;2.098459;1.196257;1.618647;1.809314;1.679653;1.418322;1.024326;1.182006;Overig;18.728961;18.728961;RWZI;1;Bleu;2024;;GM1901;2411.0;;;GM1901;2411.0;;;GM1901;2411.0;;False;False;False;52.08240836740343;4.735063206235366;WarmteAtlas:CO2EmissieBedrijven;;;
719;NL;;220163;RWZI Breukelen;Breukelen;Keulsche Vaart;3621MX;6;;128100;464100;37.00;Afvalwaterinzameling en -behandeling;Riolering en waterzuiveringsinstallaties;Energiegebruik en processen Riolering en waterzuiveringsinstallaties;CO2;0.81702;0.941958;0.673978;0.572648;0.341765;0.505052;0.35686;0.484511;0.599803;Overig;9.503925;9.503925;RWZI;1;Bleu;2024;;GM1904;;;;GM1904;;;;GM1904;;;False;False;False;52.16440445645205;4.9940424573549045;WarmteAtlas:CO2EmissieBedrijven;;;
735;NL;;220181;RWZI De Ronde Venen;Mijdrecht;Veenweg;3641SM;162;;120600;469400;37.00;Afvalwaterinzameling en -behandeling;Riolering en waterzuiveringsinstallaties;Energiegebruik en processen Riolering en waterzuiveringsinstallaties;CO2;1.472593;1.581978;1.268545;1.698193;1.157502;1.031252;0.621424;0.455161;0.738282;Overig;11.698138;11.698138;RWZI;1;Bleu;2024;;GM0736;;;;GM0736;;;;GM0736;;;False;False;False;52.21162264741983;4.883891366244284;WarmteAtlas:CO2EmissieBedrijven;;;
750;NL;;220197;RWZI Dodewaard;Dodewaard;Appelenburgseveldweg;6669CX;6;;172000;436900;37.00;Afvalwaterinzameling en -behandeling;Riolering en waterzuiveringsinstallaties;Energiegebruik en processen Riolering en waterzuiveringsinstallaties;CO2;0.53463;0.839587;0.845504;0.741773;0.991321;2.307713;2.668266;1.815598;1.889034;Overig;29.931872;29.931872;RWZI;1;Bleu;2024;;GM1740;;;;GM1740;;;;GM1740;;;False;False;False;51.92032289160243;5.6343174736406345;WarmteAtlas:CO2EmissieBedrijven;;;
1008;NL;;220464;RWZI Woerden;Woerden;Barwoutswaarder;3449HJ;53;;118244;455336;37.00;Afvalwaterinzameling en -behandeling;Riolering en waterzuiveringsinstallaties;Energiegebruik en processen Riolering en waterzuiveringsinstallaties;CO2;1.863301;2.600287;0.984856;1.111193;1.48548;2.041032;2.146527;1.565478;1.727233;Overig;27.368122;27.368122;RWZI;1;Bleu;2024;;GM0632;;;;GM0632;;;;GM0632;;;False;False;False;52.08506887810662;4.850942037379318;WarmteAtlas:CO2EmissieBedrijven;;;
1011;NL;;220467;RWZI Woubrugge;Woubrugge;Oudendijkseweg;2481KE;4;;102900;464800;37.00;Afvalwaterinzameling en -behandeling;Riolering en waterzuiveringsinstallaties;Energiegebruik en processen Riolering en waterzuiveringsinstallaties;CO2;0.039634;0.11449;0.176172;0.115314;0.0;0.0;0.0;0.0;0.0;Overig;0.0;0.0;RWZI;0;Bleu;2024;;GM1884;2481.0;;;GM1884;2481.0;;;GM1884;2481.0;;False;False;False;52.16889380539757;4.625644217099145;WarmteAtlas:CO2EmissieBedrijven;;;
1016;NL;;220472;RWZI Zeist;Zeist;Kwikstaartlaan;3704GS;3;;142958;455450;37.00;Afvalwaterinzameling en -behandeling;Riolering en waterzuiveringsinstallaties;Energiegebruik en processen Riolering en waterzuiveringsinstallaties;CO2;5.236559;3.396248;4.149001;2.679578;2.10684;1.57048;1.548893;1.696677;1.650716;Overig;26.15571;26.15571;RWZI;1;Bleu;2024;;GM0355;;;;GM0355;;;;GM0355;;;False;False;False;52.0871823230714;5.211506058803742;WarmteAtlas:CO2EmissieBedrijven;;;
1017;NL;;220473;RWZI Zetten;Randwijk;Burg. Knoppersweg;6668AA;30;;177316;438939;37.00;Afvalwaterinzameling en -behandeling;Riolering en waterzuiveringsinstallaties;Energiegebruik en processen Riolering en waterzuiveringsinstallaties;CO2;0.057036;0.065698;0.224195;0.093492;0.253995;0.08885;0.116231;0.189001;0.297224;Overig;4.709539;4.709539;RWZI;1;Bleu;2024;;GM1734;;;;GM1734;;;;GM1734;;;False;False;False;51.93846168128909;5.711723122093992;WarmteAtlas:CO2EmissieBedrijven;;;
1019;NL;;220475;RWZI Zuidland;Zuidland;Krommedijk;3214VG;21;;77700;424800;37.00;Afvalwaterinzameling en -behandeling;Riolering en waterzuiveringsinstallaties;Energiegebruik en processen Riolering en waterzuiveringsinstallaties;CO2;0.136474;0.106128;0.1548;0.0;0.0;0.0;0.0;0.0;0.0;Overig;0.0;0.0;RWZI;0;Bleu;2024;;GM1930;3214.0;;;GM1930;3214.0;;;GM1930;3214.0;;False;False;False;51.80647187706943;4.266365956278079;WarmteAtlas:CO2EmissieBedrijven;;;
1034;NL;;220499;RWZI Haaften;Haaften;Graaf Reinaldweg;4175LN;;bij nr. 18;143762;426073;37.00;Afvalwaterinzameling en -behandeling;Riolering en waterzuiveringsinstallaties;Energiegebruik en processen Riolering en waterzuiveringsinstallaties;CO2;0.0;0.285244;0.333666;0.292016;0.744118;0.49441;0.455472;0.258363;0.337762;Overig;5.35187;5.35187;RWZI;1;Bleu;2024;;GM1960;;;;GM1960;;;;GM1960;;;False;False;False;51.82315365872242;5.224197345569653;WarmteAtlas:CO2EmissieBedrijven;;;
1044;NL;;220537;Delfluent Services BV;Den Hoorn;Peuldreef;2635BX;4;;81663;447989;37.00;Afvalwaterinzameling en -behandeling;Riolering en waterzuiveringsinstallaties;Energiegebruik en processen Riolering en waterzuiveringsinstallaties;CO2;0.0;0.0;29.210069;33.446885;26.64172;27.981348;21.185379;23.194007;22.517017;Overig;356.783727;356.783727;RWZI;3;Bleu;2024;;GM1842;2635.0;;;GM1842;2635.0;;;GM1842;2635.0;;False;False;False;52.0154061352828;4.31887752452759;WarmteAtlas:CO2EmissieBedrijven;;;
1082;NL;;24606;BN International BV;Huizen;Rokerijweg;1271AH;5;;145000;479450;17.24;Vervaardiging van behangselpapier;Overige industrie;Papier(waren);CO2;2.4084;6.561;8.775;7.4116;5.357341;3.452827;7.060983;0.0;0.0;Papier(waren);0.0;0.0;Papier;0;White;2024;;GM0406;1271.0;;;GM0406;1271.0;;;GM0406;1271.0;;False;False;False;52.302931073122416;5.24059251196872;WarmteAtlas:CO2EmissieBedrijven;;;
1091;NL;;26300;Van Leer Metallized Products;Amsterdam;P.V.Vlissingenstr;1096BK;12;;123200;482950;17.20;Vervaardiging van papier- en kartonwaren;Overige industrie;Papier(waren);CO2;2.23112;0.0;0.0;0.0;0.0;0.0;0.0;0.0;0.0;Papier(waren);0.0;0.0;Papier;0;White;2024;;GM0363;1096.0;;;GM0363;1096.0;;;GM0363;1096.0;;False;False;False;52.33355920352066;4.920655807691115;WarmteAtlas:CO2EmissieBedrijven;;;
1095;NL;;28070;Alpha Netherlands B.V.;Naarden;Energiestraat;1411AR;21;;139110;479150;24.43;Vervaardiging van lood, zink en tin;Overige industrie;Basismetaal;CO2;0.0;1.353;1.22;0.847;0.0;0.0;0.0;0.0;0.0;Basismetaal;0.0;0.0;Basismetaal;0;Black;2024;;GM1942;1411.0;;;GM1942;1411.0;;;GM1942;1411.0;;False;False;False;52.300096294064296;5.154252994706686;WarmteAtlas:CO2EmissieBedrijven;;;
1121;NL;;31301;DSM Minera;Maarssen;Sportparkweg;3604AW;6;;132300;459900;20.10;Vervaardiging van chemische basisprodukten,kunstmestoffen en stikstofverbindingen en van rubber;Chemische Industrie;Chemische Industrie basisproducten;CO2;6.1512;4.8321;0.0;0.0;0.0;0.0;0.0;0.0;0.0;Chemische Industrie;0.0;0.0;Chemie;0;Magenta;2024;;GM1904;;;;GM1904;;;;GM1904;;;False;False;False;52.12684412530111;5.055707432696345;WarmteAtlas:CO2EmissieBedrijven;;;
1122;NL;;31306;Pembroek B.V.;Loosdrecht;Industrieweg;1231KH;22;;138080;467480;20.14.9;Vervaardiging van organische basischemicaliën (geen petrochemische producten);Chemische Industrie;Chemische Industrie basisproducten;CO2;0.0;0.0903;0.0;0.0;0.0;0.0;0.0;0.0;0.0;Chemische Industrie;0.0;0.0;Chemie;0;Magenta;2024;;GM1696;1231.0;;;GM1696;1231.0;;;GM1696;1231.0;;False;False;False;52.19517900809159;5.139736589145799;WarmteAtlas:CO2EmissieBedrijven;;;
1124;NL;;31318;Orphahell BV;Mijdrecht;Industrieweg;3640AD;23;;119840;468920;20.10;Vervaardiging van chemische basisprodukten,kunstmestoffen en stikstofverbindingen en van rubber;Chemische Industrie;Chemische Industrie basisproducten;CO2;1.3578;0.0;0.0;0.0;0.0;0.0;0.0;0.0;0.0;Chemische Industrie;0.0;0.0;Chemie;0;Magenta;2024;;GM0736;;;;GM0736;;;;GM0736;;;False;False;False;52.207260714046;4.872821889885473;WarmteAtlas:CO2EmissieBedrijven;;;
1126;NL;;31402;SC Johnson Europlant B.V.;Mijdrecht;Groot Mijdrechtstraat;3641RV;81;;119840;469690;20.41;Vervaardiging van zeep en wasmiddelen, poets- en reinigingsmiddelen;Chemische Industrie;Chemische Industrie overig;CO2;3.979804;0.0;0.0;0.0;0.0;0.0;0.0;0.0;0.0;Chemische Industrie;0.0;0.0;Chemie;0;Magenta;2024;;GM0736;;;;GM0736;;;;GM0736;;;False;False;False;52.214181124578516;4.872742011835478;WarmteAtlas:CO2EmissieBedrijven;;;
1127;NL;;32101;Remia CV (Willem Arntszlaan, Den Dolder);Den Dolder;W.Arntszlaan;3734ED;71;-77;144580;461220;10.84;"Vervaardiging van specerijen, sauzen en kruiderijen; zoutraffinage";Overige industrie;Voedings- en genotmiddelenindustrie;CO2;0.0;0.0;0.0;0.0;0.0;0.0;0.0;0.0;0.0;Voedings- en genotmiddelenindustrie;0.0;0.0;Voeding;0;Green;2024;;GM0355;;;;GM0355;;;;GM0355;;;False;False;False;52.13907575669506;5.234995181630143;WarmteAtlas:CO2EmissieBedrijven;;;
1137;NL;;33309;Koninklijke Bammens B.V.;Maarssen;Straatweg;3604BA;7;;131650;460500;25.29;Vervaardiging van overige tanks, reservoirs en bergingsmiddelen van metaal;Overige industrie;Metaalelektro;CO2;0.1452;0.0;0.0;0.0;0.0;0.0;0.0;0.0;0.0;Metaalelektro;0.0;0.0;Overige;0;Gray;2024;;GM1904;;;;GM1904;;;;GM1904;;;False;False;False;52.132209771819205;5.046174259452736;WarmteAtlas:CO2EmissieBedrijven;;;
1139;NL;;33666;Van Leer Nederland B.V. (Vreeland);Vreeland;Bergseweg;3633AK;6;;130800;471700;25.90;Vervaardiging van overige produkten van metaal;Overige industrie;Metaalelektro;CO2;0.830592;0.0;0.0;0.0;0.0;0.0;0.0;0.0;0.0;Metaalelektro;0.0;0.0;Overige;0;Gray;2024;;GM1904;;;;GM1904;;;;GM1904;;;False;False;False;52.23283598100052;5.03296173038727;WarmteAtlas:CO2EmissieBedrijven;;;
1142;NL;;34006;HWC Nieuwegein;Nieuwegein;Doorslag;3435DG;3;;134400;448500;35.11.1;Productie van elektriciteit door thermische, kern- en warmtekrachtcentrales;Energiesector;Opwekking electriciteit;CO2;1.988806;1.787;0.0;0.0;0.0;0.0;0.0;0.0;0.0;Opwekking electriciteit;0.0;0.0;Energy;0;Yellow;2024;;GM0356;;;;GM0356;;;;GM0356;;;False;False;False;52.024463752913576;5.0870619583336145;WarmteAtlas:CO2EmissieBedrijven;;;
1145;NL;;34303;Remia CV;Den Dolder;Dolderseweg;3734BE;107;;144800;461320;10.84;"Vervaardiging van specerijen, sauzen en kruiderijen; zoutraffinage";Overige industrie;Voedings- en genotmiddelenindustrie;CO2;0.603399;0.0;4.558989;4.8;5.075501;5.6;6.2;6.15;5.941;Voedings- en genotmiddelenindustrie;92.705646;92.705646;Voeding;2;Green;2024;;GM0355;;;;GM0355;;;;GM0355;;;False;False;False;52.13997864875245;5.238205785309093;WarmteAtlas:CO2EmissieBedrijven;;;
1146;NL;;34406;Biegelaar B.V.;Maarssenbroek;Nijverheidsweg;3606AH;15;;131150;460300;18.12.2;Drukkerijen van tijdschriften;Overige industrie;Grafische industrie;CO2;0.0;0.0;0.0;0.0;0.0;0.0;0.0;0.0;0.0;Overig;0.0;0.0;Overige;0;Gray;2024;;GM1904;;;;GM1904;;;;GM1904;;;False;False;False;52.130390870653244;5.038885849421032;WarmteAtlas:CO2EmissieBedrijven;;;
1160;NL;;39103;Koninklijke Eru Kaasfabriek BV;Woerden;Middellandse Zee;3446CG;7;;122230;454360;10.51;Vervaardiging van zuivelproducten (geen consumptie-ijs);Overige industrie;Voedings- en genotmiddelenindustrie;CO2;0.0;0.805;0.505635;0.480535;0.551148;0.559892;0.592665;0.573743;0.689776;Voedings- en genotmiddelenindustrie;10.76353;10.76353;Voeding;1;Green;2024;;GM0632;;;;GM0632;;;;GM0632;;;False;False;False;52.076547035551165;4.9091885005103295;WarmteAtlas:CO2EmissieBedrijven;;;
1171;NL;;41106;Intern. Flav. & Fragranc. I.F.F. BV;Tilburg;Zevenheuvelenweg;5048AN;60;;131469;399574;20.53;Vervaardiging van etherische oliën;Chemische Industrie;Chemische Industrie overig;CO2;12.309816;7.098;8.912006;8.892575;8.390879;8.089669;7.409352;7.533662;3.208589;Chemische Industrie;43.571;43.571;Chemie;2;Magenta;2024;;GM0855;;;;GM0855;;;;GM0855;;;False;False;False;51.584588507804455;5.047684267347835;WarmteAtlas:CO2EmissieBedrijven;;;
1178;NL;;41428;Covestro Coating Resins B.V.;Waalwijk;Sluisweg;5145PE;12;;131981;412041;20.16;Vervaardiging van kunststof in primaire vorm;Chemische Industrie;Chemische Industrie basisproducten;CO2;4.1098;4.066;5.378;4.521;3.850823;4.083013;3.884165;3.71;3.652;Chemische Industrie;49.592295;49.592295;Chemie;2;Magenta;2024;;GM0867;;;;GM0867;;;;GM0867;;;False;False;False;51.69666825579701;5.054249372567956;WarmteAtlas:CO2EmissieBedrijven;;;
1186;NL;;42034;FrieslandCampina Veghel (DMV International);Veghel;N.C.B.-laan;5462GE;80;;164550;402920;10.51;Vervaardiging van zuivelproducten (geen consumptie-ijs);Overige industrie;Voedings- en genotmiddelenindustrie;CO2;96.51196;131.257;125.18;105.604;84.99;85.522;89.173389;89.955655;89.769993;Voedings- en genotmiddelenindustrie;1400.80545;1400.80545;Voeding;3;Green;2024;;GM1948;;;;GM1948;;;;GM1948;;;False;False;False;51.61507528258808;5.525086124615286;WarmteAtlas:CO2EmissieBedrijven;;;
1187;NL;;42206;Mars Nederland BV;Veghel;Taylorweg;5466AE;5;;164080;402680;10.82.2;Vervaardiging van chocolade en suikerwerk;Overige industrie;Voedings- en genotmiddelenindustrie;CO2;9.652848;11.12;13.05;13.136;11.5;11.813;11.873;11.52;9.0788;Voedings- en genotmiddelenindustrie;141.669082;141.669082;Voeding;2;Green;2024;;GM1948;;;;GM1948;;;;GM1948;;;False;False;False;51.61292584511263;5.5182939532116775;WarmteAtlas:CO2EmissieBedrijven;;;
1192;NL;;42408;Royal Swinkels Family Brewers;Lieshout;De Stater;5737RV;1;;169900;391750;11.05;Vervaardiging van bier;Overige industrie;Voedings- en genotmiddelenindustrie;CO2;46.540581;54.855;52.3732;50.7626;42.843128;40.082;38.922;38.677974;38.640325;Voedings- en genotmiddelenindustrie;602.95848;602.95848;Voeding;3;Green;2024;;GM1659;;;;GM1659;;;;GM1659;;;False;False;False;51.51455658593438;5.601854368110455;WarmteAtlas:CO2EmissieBedrijven;;;
1200;NL;;42615;O. Bouman BV;Woudrichem;Hoge Maasdijk;4285XB;1;-3;132050;422140;10.90;Vervaardiging van diervoeder;Overige industrie;Voedings- en genotmiddelenindustrie;CO2;1.47096;0.938;0.0;0.0;0.0;0.0;0.0;0.0;0.0;Voedings- en genotmiddelenindustrie;0.0;0.0;Voeding;0;Green;2024;;GM1959;;;;GM1959;;;;GM1959;;;False;False;False;51.787444144829415;5.054579936753001;WarmteAtlas:CO2EmissieBedrijven;;;
1201;NL;;42628;Cehave Veghel;Veghel;Pater vd Elsenlaan;5462GG;4;;163600;403500;10.91;Vervaardiging van veevoeders;Overige industrie;Voedings- en genotmiddelenindustrie;CO2;0.0;5.296;0.0;0.0;0.0;0.0;0.0;0.0;0.0;Voedings- en genotmiddelenindustrie;0.0;0.0;Voeding;0;Green;2024;;GM1948;;;;GM1948;;;;GM1948;;;False;False;False;51.62030401776974;5.511384188448763;WarmteAtlas:CO2EmissieBedrijven;;;
1215;NL;;43012;Hitmetal B.V.;Beek en Donk;Thibostraat;5741SJ;3;;171900;394820;25.93;Vervaardiging van artikelen van draad en van kettingen en veren;Overige industrie;Metaalelektro;CO2;0.0;0.0;0.0;0.0;0.0;0.0;0.0;0.0;0.0;Metaalelektro;0.0;0.0;Overige;0;Gray;2024;;GM1659;;;;GM1659;;;;GM1659;;;False;False;False;51.5420949019509;5.63081461018905;WarmteAtlas:CO2EmissieBedrijven;;;
1219;NL;;43135;Ahrend Produktiebedrijf Sint-Oedenrode BV;Sint-Oedenrode;Kofferen;5492BP;60;;159600;397000;31.01.2;Vervaardiging van bedrijfsmeubels;Overige industrie;Industrie overig;CO2;0.0;0.0;0.0;1.234573;0.0;0.0;0.0;0.0;0.0;Overig;0.0;0.0;Overige;0;Gray;2024;;GM1948;;;;GM1948;;;;GM1948;;;False;False;False;51.56192544637673;5.4535391780480325;WarmteAtlas:CO2EmissieBedrijven;;;
1233;NL;;43425;Nederlandse Radiateurenfabriek BV;Mill;Langenboomseweg;5451JM;64;;180750;410950;29.32;Vervaardiging van niet-elektrische en -elektronische onderdelen en toebehoren voor auto's;Overige industrie;Metaalelektro;CO2;0.7776;0.0;0.0;0.0;0.0;0.0;0.0;0.0;0.0;Metaalelektro;0.0;0.0;Overige;0;Gray;2024;;GM1982;;;;GM1982;;;;GM1982;;;False;False;False;51.6867420338636;5.759574614544892;WarmteAtlas:CO2EmissieBedrijven;;;
1236;NL;;43514;Hydrex Materials BV;Waalwijk;Veerweg;5145NS;14;;131240;412836;24.44;Vervaardiging van koper;Overige industrie;Basismetaal;CO2;0.0;0.0675;0.0;0.0;0.0;0.0;0.0;0.0;0.0;Basismetaal;0.0;0.0;Basismetaal;0;Black;2024;;GM0867;;;;GM0867;;;;GM0867;;;False;False;False;51.70378305148;5.043477266251949;WarmteAtlas:CO2EmissieBedrijven;;;
1248;NL;;44142;Tricot Industrie Grave BV;Grave;Koninginnedijk;5361CW;24;;179150;419400;14.14;Vervaardiging van onderkleding;Overige industrie;Textiel- en tapijtindustrie;CO2;0.7645;0.0;0.0;0.0;0.0;0.0;0.0;0.0;0.0;Overig;0.0;0.0;Overige;0;Gray;2024;;GM1982;;;;GM1982;;;;GM1982;;;False;False;False;51.762764701077934;5.7370250266087846;WarmteAtlas:CO2EmissieBedrijven;;;
1251;NL;;44170;Artex BV;Aarle Rixtel;Bosscheweg;5735GT;79;;173000;390750;13.20;Weven van textiel;Overige industrie;Textiel- en tapijtindustrie;CO2;0.0;0.0;0.0;0.0;0.0;0.0;0.0;0.0;0.0;Overig;0.0;0.0;Overige;0;Gray;2024;;GM1659;;;;GM1659;;;;GM1659;;;False;False;False;51.50547734724366;5.646462074875644;WarmteAtlas:CO2EmissieBedrijven;;;
1258;NL;;44303;SCA Hygiene Products BV (Tilburg);Tilburg;LEDEBOERSTRAAT;5048AD;44;;132000;399300;17.21;"Vervaardiging van verpakkingsmiddelen van papier en karton; golfpapier en -karton";Overige industrie;Papier(waren);CO2;0.0;12.193;0.0;0.0;0.0;0.0;0.0;0.0;0.0;Papier(waren);0.0;0.0;Papier;0;White;2024;;GM0855;;;;GM0855;;;;GM0855;;;False;False;False;51.58214765626933;5.055363682097308;WarmteAtlas:CO2EmissieBedrijven;;;
1269;NL;;44716;Steenfabriek Udenhout BV;Udenhout;Van Ginnekenweg;5071NJ;6;;139990;402320;23.32;Vervaardiging van keramische producten voor de bouw (geen tegels en plavuizen);Overige industrie;Bouwmaterialenindustrie;CO2;9.49152;0.0;0.0;0.0;0.0;0.0;0.0;0.0;0.0;Bouwmaterialenindustrie;0.0;0.0;BouwMaterialen;0;SandyBrown;2024;;GM0855;;;;GM0855;;;;GM0855;;;False;False;False;51.60956318547722;5.170510695131039;WarmteAtlas:CO2EmissieBedrijven;;;
1275;NL;;44843;Nedlin Rath BV;Veghel;Lelielaan;5462BE;2;;164900;402700;96.01;Reinigen van kleding en textiel;Handel, Diensten en Overheid (HDO);Energiegebruik en processen Handel, Diensten en Overheid (HDO);CO2;0.0;0.0;0.0;0.0;0.0;0.0;0.0;0.0;0.0;Overig;0.0;0.0;Overige;0;Gray;2024;;GM1948;;;;GM1948;;;;GM1948;;;False;False;False;51.613091731910714;5.530133230194951;WarmteAtlas:CO2EmissieBedrijven;;;
1282;NL;;45694;Gebroeders Van Dijk BV;Gemert;Industrieweg;5422VK;66;;177200;397680;22.20;Vervaardiging van produkten van kunststof;Overige industrie;Rubber- en kunstofverw. Industrie;CO2;0.557523;0.0;0.0;0.0;0.0;0.0;0.0;0.0;0.0;Overig;0.0;0.0;Overige;0;Gray;2024;;GM1652;;;;GM1652;;;;GM1652;;;False;False;False;51.5676176052969;5.707394347590517;WarmteAtlas:CO2EmissieBedrijven;;;
1312;NL;LCP;48018;FUJIFILM Manufacturing Europe BV;Tilburg;Oudenstraat;5047TK;1;;129000;401000;20.59;Vervaardiging van overige chemische producten n.e.g.;Chemische Industrie;Chemische Industrie overig;CO2;0.0;45.662;0.0;34.901681;22.455148;23.855485;25.236885;18.586618;10.413083;Chemische Industrie;141.40435;141.40435;Chemie;2;Magenta;2024;;GM0855;;;;GM0855;;;;GM0855;;;False;False;False;51.59729716994237;5.011955023119776;WarmteAtlas:CO2EmissieBedrijven;;;
1327;NL;;48054;Van Swaay Hout Schijndel;Schijndel;Vlagheide;5482NM;2;;161677;402051;16.10.2;Verduurzamen van hout;Overige industrie;Houtbewerkende industrie;CO2;0.0;0.0;0.308;0.303;0.247;0.237;0.078;0.0135;0.0;Overig;0.0;0.0;Overige;0;Gray;2024;;GM1948;;;;GM1948;;;;GM1948;;;False;False;False;51.60730583285113;5.483588675795555;WarmteAtlas:CO2EmissieBedrijven;;;
1328;NL;;48055;Johan van den Acker Textielfabriek BV;Gemert;Schoolstraat;5421KT;18;;175171;396350;13.20;Weven van textiel;Overige industrie;Textiel- en tapijtindustrie;CO2;0.0;0.639;0.0;0.0;0.0;0.0;0.0;0.0;0.0;Overig;0.0;0.0;Overige;0;Gray;2024;;GM1652;;;;GM1652;;;;GM1652;;;False;False;False;51.55573943752377;5.678053609247427;WarmteAtlas:CO2EmissieBedrijven;;;
1337;NL;;48081;Essent NV Pompstation Tilburg;Tilburg;Vossenbergseweg;5048SP;;;129600;400200;35.11.1;Productie van elektriciteit door thermische, kern- en warmtekrachtcentrales;Energiesector;Opwekking electriciteit;CO2;0.0;1.063;0.0;0.0;0.0;0.0;0.0;0.0;0.0;Opwekking electriciteit;0.0;0.0;Energy;0;Yellow;2024;;GM0855;;;;GM0855;;5047SX;;GM0855;;5047SX;False;False;False;51.59013388446377;5.020672464735768;WarmteAtlas:CO2EmissieBedrijven;;;
1349;NL;;48177;Peka Kroef BV;Odiliapeel;Beukenlaan;5409SX;61;;178293;406558;10.31;Vervaardiging van aardappelproducten;Overige industrie;Voedings- en genotmiddelenindustrie;CO2;0.0;0.0;26.607299;20.017731;7.71;7.5;6.62;7.28;0.0;Voedings- en genotmiddelenindustrie;0.0;0.0;Voeding;0;Green;2024;;GM1991;;;;GM1991;;;;GM1991;;;False;False;False;51.647372680062944;5.723750583948622;WarmteAtlas:CO2EmissieBedrijven;;;
1358;NL;;49033;Agristo NV;Tilburg;Heieinde;5047SX;1;;129323;400477;10.31;Vervaardiging van aardappelproducten;Overige industrie;Voedings- en genotmiddelenindustrie;CO2;0.0;0.0;0.0;35.384769;35.27;39.59;43.895299;29.080239;27.82;Voedings- en genotmiddelenindustrie;434.113965;434.113965;Voeding;3;Green;2024;;GM0855;;;;GM0855;;;;GM0855;;;False;False;False;51.592611085276886;5.016655030953483;WarmteAtlas:CO2EmissieBedrijven;;;
1359;NL;;49043;Albers Organic Minerals;Zeeland;De Peel;5411VD;1;;178851;407880;20.15;Vervaardiging van kunstmeststoffen en stikstofverbindingen;Chemische Industrie;Chemische Industrie kunstmeststoffen;CO2;0.0;0.0;0.0;0.0;0.0;0.0;0.0;0.0;0.0;Chemische Industrie;0.0;0.0;Chemie;0;Magenta;2024;;GM1991;;;;GM1991;;;;GM1991;;;False;False;False;51.65923186236673;5.7319031896439006;WarmteAtlas:CO2EmissieBedrijven;;;
1415;NL;;61411;Sonac Vuren BV;Vuren;Zeiving;4214KT;35;;134570;427150;10.41;Vervaardiging van plantaardige en dierlijke oliën en vetten (geen margarine en andere spijsvetten);Chemische Industrie;Chemische Industrie overig;CO2;0.0;22.490178;30.809179;35.593479;30.751709;33.587388;37.153584;31.287253;30.618376;Chemische Industrie;415.781911;415.781911;Chemie;3;Magenta;2024;;GM1960;;;;GM1960;;;;GM1960;;;False;False;False;51.83257325858807;5.090806901377146;WarmteAtlas:CO2EmissieBedrijven;;;
1438;NL;;62502;SVZ International BV (Dodewaard);Dodewaard;Waalbandijk;6669MG;115;;175780;434700;10.39;Verwerking van groente en fruit (niet tot sap en maaltijden);Overige industrie;Voedings- en genotmiddelenindustrie;CO2;3.752;0.0;0.0;0.0;0.0;0.0;0.0;0.0;0.0;Voedings- en genotmiddelenindustrie;0.0;0.0;Voeding;0;Green;2024;;GM1740;;;;GM1740;;;;GM1740;;;False;False;False;51.900420485665244;5.6891305903598;WarmteAtlas:CO2EmissieBedrijven;;;
1488;NL;;64633;Aquinos Bedding Netherlands B.V.;Kesteren;Spoorstraat;4041CL;69;;168800;438250;22.21;Vervaardiging van platen, folie, buizen en profielen van kunststof;Overige industrie;Rubber- en kunstofverw. Industrie;CO2;0.57672;3.063;2.010644;1.185547;1.865196;1.402188;0.80686;0.0;0.834549;Overig;13.223488;13.223488;Overige;1;Gray;2024;;GM1740;;;;GM1740;;;;GM1740;;;False;False;False;51.932545623126295;5.587856275966481;WarmteAtlas:CO2EmissieBedrijven;;;
1492;NL;;64710;Steenfabriek De Waalwaard BV;Dodewaard;Waalbandijk;6669MC;69;;174350;434590;23.32;Vervaardiging van keramische producten voor de bouw (geen tegels en plavuizen);Overige industrie;Bouwmaterialenindustrie;CO2;9.98088;0.0;0.0;0.0;0.0;0.0;0.0;0.0;0.0;Bouwmaterialenindustrie;0.0;0.0;BouwMaterialen;0;SandyBrown;2024;;GM1740;;;;GM1740;;;;GM1740;;;False;False;False;51.89948337131681;5.668347122709949;WarmteAtlas:CO2EmissieBedrijven;;;
1494;NL;;64713;Wienerberger Steenfabriek Schipperswaard;Echteld;Prins Willemsweg;4054ME;1;;161250;433720;23.32;Vervaardiging van keramische producten voor de bouw (geen tegels en plavuizen);Overige industrie;Bouwmaterialenindustrie;CO2;13.5758;0.0;7.155;4.857;8.405568;10.051103;8.734663;5.106629;0.0;Bouwmaterialenindustrie;0.0;0.0;BouwMaterialen;0;SandyBrown;2024;;GM1740;;;;GM1740;;;;GM1740;;;False;False;False;51.891965132872755;5.47799618320268;WarmteAtlas:CO2EmissieBedrijven;;;
1497;NL;;64719;Wienerberger Steenfabriek Haaften;Haaften;Crob;4175LR;3;;141400;425550;23.32;Vervaardiging van keramische producten voor de bouw (geen tegels en plavuizen);Overige industrie;Bouwmaterialenindustrie;CO2;26.91948;0.0;16.694;14.597;16.504762;15.024878;16.318023;13.355056;11.181039;Bouwmaterialenindustrie;168.429714;168.429714;BouwMaterialen;2;SandyBrown;2024;;GM1960;;;;GM1960;;;;GM1960;;;False;False;False;51.81840022420747;5.189957743131192;WarmteAtlas:CO2EmissieBedrijven;;;
1498;NL;;64725;Wienerberger Steenfabriek Heteren;Heteren;Steenoord;6666LG;16;;179550;442300;23.32;Vervaardiging van keramische producten voor de bouw (geen tegels en plavuizen);Overige industrie;Bouwmaterialenindustrie;CO2;9.126768;0.0;9.242;9.03;8.552009;8.730506;8.406662;7.918439;7.784995;Bouwmaterialenindustrie;117.272146;117.272146;BouwMaterialen;2;SandyBrown;2024;;GM1734;;;;GM1734;;;;GM1734;;;False;False;False;51.968576361063356;5.744449921949804;WarmteAtlas:CO2EmissieBedrijven;;;
1502;NL;;64738;Terca, Fabriek Ochten;Ochten;Bonegraafseweg;4051CH;6;;168030;436010;23.32;Vervaardiging van keramische producten voor de bouw (geen tegels en plavuizen);Overige industrie;Bouwmaterialenindustrie;CO2;11.676;0.0;0.0;0.0;0.0;0.0;0.0;0.0;0.0;Bouwmaterialenindustrie;0.0;0.0;BouwMaterialen;0;SandyBrown;2024;;GM1740;;;;GM1740;;;;GM1740;;;False;False;False;51.91243063304604;5.576575499410013;WarmteAtlas:CO2EmissieBedrijven;;;
1504;NL;;64740;Wienerberger Steenfabriek de Wolfswaard;Opheusden;Wolfswaard;4043JE;2;;173530;440320;23.32;Vervaardiging van keramische producten voor de bouw (geen tegels en plavuizen);Overige industrie;Bouwmaterialenindustrie;CO2;15.92352;0.0;11.602;14.359;14.349124;12.545671;12.018475;11.22628;10.012853;Bouwmaterialenindustrie;150.83231;150.83231;BouwMaterialen;2;SandyBrown;2024;;GM1740;;;;GM1740;;;;GM1740;;;False;False;False;51.951013466352656;5.656742103422863;WarmteAtlas:CO2EmissieBedrijven;;;
1511;NL;;64752;Teewen BV (Vuren);Vuren;Waaldijk Fabriek;5930AA;5;;131440;425770;23.32;Vervaardiging van keramische producten voor de bouw (geen tegels en plavuizen);Overige industrie;Bouwmaterialenindustrie;CO2;11.084064;0.0;0.0;0.0;0.0;0.0;0.0;0.0;0.0;Bouwmaterialenindustrie;0.0;0.0;BouwMaterialen;0;SandyBrown;2024;;GM1960;;;;GM1960;;;;GM1960;;;False;False;False;51.82004610666429;5.045492077730239;WarmteAtlas:CO2EmissieBedrijven;;;
1517;NL;;65701;Xella Nederland BV;Vuren;Waaldijk;4214LC;97;;132350;426150;23.60;Vervaardiging van produkten van beton, cement en gips;Overige industrie;Bouwmaterialenindustrie;CO2;0.8064;0.0;0.0;0.0;0.0;0.0;0.0;0.0;0.0;Bouwmaterialenindustrie;0.0;0.0;BouwMaterialen;0;SandyBrown;2024;;GM1960;;;;GM1960;;;;GM1960;;;False;False;False;51.82349931265969;5.058665463367635;WarmteAtlas:CO2EmissieBedrijven;;;
1524;NL;;66003;Kalkzandsteenindustrie Loevestein BV;Vuren;Waaldijk;4214LC;97;;132480;426250;23.60;Vervaardiging van produkten van beton, cement en gips;Overige industrie;Bouwmaterialenindustrie;CO2;9.558;0.0;0.0;0.0;0.0;0.0;0.0;0.0;0.0;Bouwmaterialenindustrie;0.0;0.0;BouwMaterialen;0;SandyBrown;2024;;GM1960;;;;GM1960;;;;GM1960;;;False;False;False;51.824403398139;5.060544563488577;WarmteAtlas:CO2EmissieBedrijven;;;
1532;NL;;66225;Zilverschoon Restauratiesteen Randwijk B.V.;Heteren;Renkumseveerweg;6666LE;3;;178550;441990;23.32;Vervaardiging van keramische producten voor de bouw (geen tegels en plavuizen);Overige industrie;Bouwmaterialenindustrie;CO2;0.0;0.0;0.0;0.0;0.0;0.0;0.718912;0.0;0.0;Bouwmaterialenindustrie;0.0;0.0;BouwMaterialen;0;SandyBrown;2024;;GM1734;;;;GM1734;;;;GM1734;;;False;False;False;51.96583338216179;5.729877071108631;WarmteAtlas:CO2EmissieBedrijven;;;
752;NL;;22020;Campina BV (Hilversum);Hilversum;Larenseweg;1221CN;34;;141300;471300;10.51;Vervaardiging van zuivelproducten (geen consumptie-ijs);Overige industrie;Voedings- en genotmiddelenindustrie;CO2;0.0;0.0;0.0;0.0;0.0;0.0;0.0;0.0;0.0;Voedings- en genotmiddelenindustrie;0.0;0.0;Voeding;0;Green;2024;;GM0402;1221.0;;;GM0402;1221.0;;;GM0402;1221.0;;False;False;False;52.229601652583874;5.1866767320832725;WarmteAtlas:CO2EmissieBedrijven;;;
757;NL;;220204;RWZI Driebergen;Driebergen;Rijssenburgselaan;3972EH;133;;146271;450874;37.00;Afvalwaterinzameling en -behandeling;Riolering en waterzuiveringsinstallaties;Energiegebruik en processen Riolering en waterzuiveringsinstallaties;CO2;1.18303;1.491102;0.900063;1.244253;0.970314;1.098757;0.861704;1.117332;0.940026;Overig;14.894777;14.894777;RWZI;1;Bleu;2024;;GM1581;;;;GM1581;;;;GM1581;;;False;False;False;52.04611514658908;5.2599606760118505;WarmteAtlas:CO2EmissieBedrijven;;;
760;NL;;220207;RWZI Dussen;Dussen;Nieuwesteeg;4271BE;2;;123310;416037;37.00;Afvalwaterinzameling en -behandeling;Riolering en waterzuiveringsinstallaties;Energiegebruik en processen Riolering en waterzuiveringsinstallaties;CO2;0.385746;0.254477;0.664938;0.243451;0.0;0.0;0.0;0.0;0.0;Overig;0.0;0.0;RWZI;0;Bleu;2024;;GM1959;;;;GM1959;;;;GM1959;;;False;False;False;51.73216173338086;4.928468998114134;WarmteAtlas:CO2EmissieBedrijven;;;
761;NL;;220208;RWZI Echteld;Echteld;Stationsweg;4054;;;162600;435800;37.00;Afvalwaterinzameling en -behandeling;Riolering en waterzuiveringsinstallaties;Energiegebruik en processen Riolering en waterzuiveringsinstallaties;CO2;0.015725;0.034757;0.0;0.0;0.0;0.0;0.0;0.0;0.0;Overig;0.0;0.0;RWZI;0;Bleu;2024;;GM1740;;;;GM1740;;;;GM1740;;;False;False;False;51.910643889496356;5.497653565247856;WarmteAtlas:CO2EmissieBedrijven;;;
765;NL;;220212;RWZI Eethen;Eethen;Molensteeg;4266ET;4;;132100;415000;37.00;Afvalwaterinzameling en -behandeling;Riolering en waterzuiveringsinstallaties;Energiegebruik en processen Riolering en waterzuiveringsinstallaties;CO2;0.307212;0.095873;0.140741;0.126174;0.0;0.0;0.0;0.0;0.0;Overig;0.0;0.0;RWZI;0;Bleu;2024;;GM1959;;;;GM1959;;;;GM1959;;;False;False;False;51.723269670445774;5.055775773027148;WarmteAtlas:CO2EmissieBedrijven;;;
775;NL;;220224;RWZI Geldermalsen;Geldermalsen;Trichtsevoetpad;4191LA;4;;147300;433177;37.00;Afvalwaterinzameling en -behandeling;Riolering en waterzuiveringsinstallaties;Energiegebruik en processen Riolering en waterzuiveringsinstallaties;CO2;0.971437;0.898063;0.359017;0.730414;1.042378;0.980692;0.759156;0.408623;0.646022;Overig;10.236258;10.236258;RWZI;1;Bleu;2024;;GM1960;;;;GM1960;;;;GM1960;;;False;False;False;51.88706661594868;5.275356928843529;WarmteAtlas:CO2EmissieBedrijven;;;
776;NL;;220225;RWZI Gelkenes;Groot-Ammers;Wilgenweg;2964AM;5;;118611;438691;37.00;Afvalwaterinzameling en -behandeling;Riolering en waterzuiveringsinstallaties;Energiegebruik en processen Riolering en waterzuiveringsinstallaties;CO2;0.243007;0.440795;0.915087;0.687502;1.472772;0.78552;0.859981;0.991861;1.056962;Overig;16.747631;16.747631;RWZI;1;Bleu;2024;;GM1978;2964.0;;;GM1978;2964.0;;;GM1978;2964.0;;False;False;False;51.935490825110705;4.858064987721351;WarmteAtlas:CO2EmissieBedrijven;;;
783;NL;;220232;RWZI Gooiergracht;Blaricum;Capittenweg;1261JL;61;;145684;475176;37.00;Afvalwaterinzameling en -behandeling;Riolering en waterzuiveringsinstallaties;Energiegebruik en processen Riolering en waterzuiveringsinstallaties;CO2;1.020486;0.970019;0.884875;1.00592;0.911717;0.876771;0.795293;0.72519;0.61772;Overig;9.787824;9.787824;RWZI;1;Bleu;2024;;GM0376;1261.0;;;GM0376;1261.0;;;GM0376;1261.0;;False;False;False;52.264529644139955;5.2507385304888725;WarmteAtlas:CO2EmissieBedrijven;;;
788;NL;;220237;RWZI Goudswaard;Goudswaard;Achterweg;3267LG;6;B;77800;422300;37.00;Afvalwaterinzameling en -behandeling;Riolering en waterzuiveringsinstallaties;Energiegebruik en processen Riolering en waterzuiveringsinstallaties;CO2;0.067054;0.032712;0.025541;0.0;0.0;0.0;0.0;0.0;0.0;Overig;0.0;0.0;RWZI;0;Bleu;2024;;GM1963;3267.0;;;GM1963;;;;GM1963;;;False;False;False;51.78401821550169;4.268373159582874;WarmteAtlas:CO2EmissieBedrijven;;;
796;NL;;220245;RWZI Haastrecht;Haastrecht;Galgoord;2850AW;10;;113600;446200;37.00;Afvalwaterinzameling en -behandeling;Riolering en waterzuiveringsinstallaties;Energiegebruik en processen Riolering en waterzuiveringsinstallaties;CO2;0.113639;0.154306;0.162741;0.111002;0.064081;0.084532;0.078395;0.11157;0.082329;Overig;1.304509;1.304509;RWZI;1;Bleu;2024;;GM1931;2851.0;;;GM1931;2851.0;;;GM1931;2851.0;;False;False;False;52.00262965194176;4.784297020906285;WarmteAtlas:CO2EmissieBedrijven;;;
808;NL;;220257;RWZI Heenvliet;Heenvliet;Kanaaldijk Oost;2318LE;3;;76600;431700;37.00;Afvalwaterinzameling en -behandeling;Riolering en waterzuiveringsinstallaties;Energiegebruik en processen Riolering en waterzuiveringsinstallaties;CO2;0.210532;0.163343;0.149021;0.16899;0.227297;0.218747;0.200306;0.11305;0.669515;Overig;10.608509;10.608509;RWZI;1;Bleu;2024;;GM1930;3197.0;;;GM1930;3218.0;;;GM1930;3218.0;;False;False;True;51.86832812076903;4.2488531792623965;WarmteAtlas:CO2EmissieBedrijven;;;
814;NL;;220263;RWZI Hellevoetsluis;Hellevoetsluis;Carrouselweg;3225LN;1;;71521;428945;37.00;Afvalwaterinzameling en -behandeling;Riolering en waterzuiveringsinstallaties;Energiegebruik en processen Riolering en waterzuiveringsinstallaties;CO2;1.028644;1.976366;1.825607;1.804684;1.349822;2.631166;2.252199;2.226466;2.103176;Overig;33.324977;33.324977;RWZI;2;Bleu;2024;;GM1992;3225.0;;;GM1992;3225.0;;;GM1992;3225.0;;False;False;False;51.842831925947635;4.175788945868557;WarmteAtlas:CO2EmissieBedrijven;;;
820;NL;;220269;RWZI Hilversum;Hilversum;Minckelersstraat;1223LE;173;;142468;470705;37.00;Afvalwaterinzameling en -behandeling;Riolering en waterzuiveringsinstallaties;Energiegebruik en processen Riolering en waterzuiveringsinstallaties;CO2;1.921925;4.043638;1.164561;1.767018;0.776922;0.799411;0.762473;0.858095;0.903987;Overig;14.323739;14.323739;RWZI;1;Bleu;2024;;GM0402;1223.0;;;GM0402;1223.0;;;GM0402;1223.0;;False;False;False;52.224281692269685;5.203794679316971;WarmteAtlas:CO2EmissieBedrijven;;;
825;NL;;220274;RWZI Hoogmade;Hoogmade;Graaf Willem Ii Laan;2355BG;67;;99600;465200;37.00;Afvalwaterinzameling en -behandeling;Riolering en waterzuiveringsinstallaties;Energiegebruik en processen Riolering en waterzuiveringsinstallaties;CO2;0.024794;0.03737;0.04244;0.129751;0.0;0.0;0.0;0.0;0.0;Overig;0.0;0.0;RWZI;0;Bleu;2024;;GM1884;2355.0;;;GM1884;2355.0;;;GM1884;2355.0;;False;False;False;52.17216754454391;4.577346473565151;WarmteAtlas:CO2EmissieBedrijven;;;
826;NL;;220276;RWZI Horstermeer;Nederhorst den Berg;Middenweg;1394AH;159;;134412;474487;37.00;Afvalwaterinzameling en -behandeling;Riolering en waterzuiveringsinstallaties;Energiegebruik en processen Riolering en waterzuiveringsinstallaties;CO2;1.084415;3.517314;4.660531;5.810313;5.399043;4.735103;4.193645;3.923999;4.83326;Overig;76.583349;76.583349;RWZI;2;Bleu;2024;;GM1696;1394.0;;;GM1696;1394.0;;;GM1696;1394.0;;False;False;False;52.25803132789376;5.085664232994243;WarmteAtlas:CO2EmissieBedrijven;;;
828;NL;;220278;RWZI Huizen;Huizen;IJsselmeerstraat;1271AA;7;;145022;480262;37.00;Afvalwaterinzameling en -behandeling;Riolering en waterzuiveringsinstallaties;Energiegebruik en processen Riolering en waterzuiveringsinstallaties;CO2;1.048837;1.448784;1.155926;0.897003;1.035709;0.916387;0.72445;0.634175;0.58206;Overig;9.222787;9.222787;RWZI;1;Bleu;2024;;GM0406;1271.0;;;GM0406;1271.0;;;GM0406;1271.0;;False;False;False;52.31022944923948;5.24089105186174;WarmteAtlas:CO2EmissieBedrijven;;;
841;NL;;220292;RWZI De Groote Zaag;Krimpen aan de Lek;Zaag;2931LD;8;;100600;434600;37.00;Afvalwaterinzameling en -behandeling;Riolering en waterzuiveringsinstallaties;Energiegebruik en processen Riolering en waterzuiveringsinstallaties;CO2;0.503968;1.025453;0.541265;0.940447;1.209741;1.312608;0.919397;0.889749;0.452959;Overig;7.177168;7.177168;RWZI;1;Bleu;2024;;GM1931;2931.0;;;GM1931;2931.0;;;GM1931;2931.0;;False;False;False;51.89725252836164;4.596831112127755;WarmteAtlas:CO2EmissieBedrijven;;;
844;NL;;220295;RWZI Leerbroek;Leerbroek;Kerkweg;4245TP;28;A;132100;436000;37.00;Afvalwaterinzameling en -behandeling;Riolering en waterzuiveringsinstallaties;Energiegebruik en processen Riolering en waterzuiveringsinstallaties;CO2;0.177239;0.179008;0.056848;0.0;0.0;0.0;0.0;0.0;0.0;Overig;0.0;0.0;RWZI;0;Bleu;2024;;GM1961;;;;GM1961;;;;GM1961;;;False;False;False;51.9120227647303;5.054385519090185;WarmteAtlas:CO2EmissieBedrijven;;;
845;NL;;220296;RWZI Leerdam;Leerdam;Tiendweg;4142EG;1;;133000;433800;37.00;Afvalwaterinzameling en -behandeling;Riolering en waterzuiveringsinstallaties;Energiegebruik en processen Riolering en waterzuiveringsinstallaties;CO2;0.590644;0.87458;0.992785;2.175709;2.465611;1.421454;0.745812;0.92494;0.945798;Overig;14.986242;14.986242;RWZI;1;Bleu;2024;;GM1961;;;;GM1961;;;;GM1961;;;False;False;False;51.89228511658693;5.067605993783613;WarmteAtlas:CO2EmissieBedrijven;;;
849;NL;;220300;RWZI Leimuiden;Leimuiden;Kerklaan;2451CH;100;;104885;470482;37.00;Afvalwaterinzameling en -behandeling;Riolering en waterzuiveringsinstallaties;Energiegebruik en processen Riolering en waterzuiveringsinstallaties;CO2;0.061042;0.193615;0.278941;0.279108;0.418387;0.343079;0.508561;0.543803;0.406742;Overig;6.444853;6.444853;RWZI;1;Bleu;2024;;GM1884;2451.0;;;GM1884;2451.0;;;GM1884;2451.0;;False;False;False;52.22014313367109;4.653817642290081;WarmteAtlas:CO2EmissieBedrijven;;;
855;NL;;220306;RWZI Loenen aan de Vecht;Loenen aan de Vecht;Oost Kanaaldijk;3632GA;2;;129000;470700;37.00;Afvalwaterinzameling en -behandeling;Riolering en waterzuiveringsinstallaties;Energiegebruik en processen Riolering en waterzuiveringsinstallaties;CO2;0.318977;0.270085;0.187954;0.202903;0.285676;0.205306;0.220661;0.213931;0.197522;Overig;3.12975;3.12975;RWZI;1;Bleu;2024;;GM1904;;;;GM1904;;;;GM1904;;;False;False;False;52.22376639947118;5.00669045690968;WarmteAtlas:CO2EmissieBedrijven;;;
859;NL;;220311;RWZI Maarssen;Maarssen;Diependaalsedijk;3601GN;120;;131200;462700;37.00;Afvalwaterinzameling en -behandeling;Riolering en waterzuiveringsinstallaties;Energiegebruik en processen Riolering en waterzuiveringsinstallaties;CO2;0.52913;0.479866;0.590295;0.336808;0.0;0.0;0.0;0.0;0.0;Overig;0.0;0.0;RWZI;0;Bleu;2024;;GM1904;;;;GM1904;;;;GM1904;;;False;False;False;52.15196377898255;5.0394481615038185;WarmteAtlas:CO2EmissieBedrijven;;;
864;NL;;220316;RWZI Meerkerk;Meerkerk;Burg.Sloblaan;4231AA;49;;127600;436600;37.00;Afvalwaterinzameling en -behandeling;Riolering en waterzuiveringsinstallaties;Energiegebruik en processen Riolering en waterzuiveringsinstallaties;CO2;0.136151;0.29416;0.125317;0.0;0.0;0.0;0.0;0.0;0.0;Overig;0.0;0.0;RWZI;0;Bleu;2024;;GM1961;;;;GM1961;;;;GM1961;;;False;False;False;51.91721227837442;4.988938396539294;WarmteAtlas:CO2EmissieBedrijven;;;
871;NL;;220324;RWZI Nieuw Lekkerland;Nieuw Lekkerland;Koggeplantsoen;2957EN;13;B;104800;433400;37.00;Afvalwaterinzameling en -behandeling;Riolering en waterzuiveringsinstallaties;Energiegebruik en processen Riolering en waterzuiveringsinstallaties;CO2;0.083257;0.174671;0.262486;0.254764;0.0;0.0;0.0;0.0;0.0;Overig;0.0;0.0;RWZI;0;Bleu;2024;;GM1978;2957.0;;;GM1978;2957.0;;;GM1978;2957.0;;False;False;False;51.886861869056936;4.658022380846714;WarmteAtlas:CO2EmissieBedrijven;;;
874;NL;;220327;RWZI Nieuwe Wetering;Nieuwe Wetering;Bovenweg;2376BE;12;;101300;469900;37.00;Afvalwaterinzameling en -behandeling;Riolering en waterzuiveringsinstallaties;Energiegebruik en processen Riolering en waterzuiveringsinstallaties;CO2;0.790482;0.468672;0.744503;1.040337;1.097417;1.273443;0.939146;0.587827;0.807755;Overig;12.798932;12.798932;RWZI;1;Bleu;2024;;GM1884;2375.0;;;GM1884;2375.0;;;GM1884;2375.0;;False;False;False;52.214575210618044;4.60145134197884;WarmteAtlas:CO2EmissieBedrijven;;;
875;NL;;220328;RWZI Nieuwegein;Nieuwegein;Het Klaphek;3401RZ;1;;133256;446219;37.00;Afvalwaterinzameling en -behandeling;Riolering en waterzuiveringsinstallaties;Energiegebruik en processen Riolering en waterzuiveringsinstallaties;CO2;2.800133;5.806235;5.598461;8.334923;5.185511;5.602348;5.823492;6.378178;5.693417;Overig;90.212596;90.212596;RWZI;2;Bleu;2024;;GM0353;;;;GM0353;;;;GM0353;;;False;False;False;52.00391842874025;5.070539000415452;WarmteAtlas:CO2EmissieBedrijven;;;
876;NL;;220329;RWZI Kortenoord;Nieuwerkerk aan de IJssel;Van Gennepweg;2911BS;1;;103000;442900;37.00;Afvalwaterinzameling en -behandeling;Riolering en waterzuiveringsinstallaties;Energiegebruik en processen Riolering en waterzuiveringsinstallaties;CO2;1.113564;1.425725;1.711785;2.236251;2.7172;2.282445;2.883613;2.665403;2.421347;Overig;38.366408;38.366408;RWZI;2;Bleu;2024;;GM1892;2911.0;;;GM1892;2911.0;;;GM1892;2911.0;;False;False;False;51.9720789309386;4.630441912584946;WarmteAtlas:CO2EmissieBedrijven;;;
883;NL;;220336;RWZI Numansdorp;Numansdorp;Molendijk;3281LT;113;;88269;415704;37.00;Afvalwaterinzameling en -behandeling;Riolering en waterzuiveringsinstallaties;Energiegebruik en processen Riolering en waterzuiveringsinstallaties;CO2;0.673356;0.306556;0.332005;0.407779;0.587985;0.456771;0.402722;0.528202;0.435633;Overig;6.902635;6.902635;RWZI;1;Bleu;2024;;GM1963;3281.0;;;GM1963;;;;GM1963;;;False;False;False;51.72608635604727;4.4213428157095445;WarmteAtlas:CO2EmissieBedrijven;;;
895;NL;;220348;RWZI Oostvoorne;Oostvoorne;Scheitweekseweg;3233LT;1;A;67633;437263;37.00;Afvalwaterinzameling en -behandeling;Riolering en waterzuiveringsinstallaties;Energiegebruik en processen Riolering en waterzuiveringsinstallaties;CO2;0.331283;0.331392;0.470759;0.540369;0.784044;0.572521;0.485144;0.518874;0.707592;Overig;11.211847;11.211847;RWZI;1;Bleu;2024;;GM1992;3233.0;;;GM1992;3233.0;;;GM1992;3233.0;;False;False;False;51.91698603854721;4.117272507865783;WarmteAtlas:CO2EmissieBedrijven;;;
898;NL;;220351;RWZI Oud Beijerland;Oud Beijerland;Röntgenstraat;3261LK;20;;88992;427000;37.00;Afvalwaterinzameling en -behandeling;Riolering en waterzuiveringsinstallaties;Energiegebruik en processen Riolering en waterzuiveringsinstallaties;CO2;1.702513;1.072674;0.959109;1.834099;1.509574;1.451183;1.50292;1.371368;1.191039;Overig;18.872097;18.872097;RWZI;1;Bleu;2024;;GM1963;3261.0;;;GM1963;3261.0;;;GM1963;3261.0;;False;False;False;51.82769373056482;4.429654350573562;WarmteAtlas:CO2EmissieBedrijven;;;
906;NL;;220359;RWZI Piershil;Piershil;Nwe Piershilseweg;3265LC;2;;83200;423800;37.00;Afvalwaterinzameling en -behandeling;Riolering en waterzuiveringsinstallaties;Energiegebruik en processen Riolering en waterzuiveringsinstallaties;CO2;0.449143;0.127002;0.125676;0.134898;0.195107;0.189249;0.364102;0.167879;0.175842;Overig;2.786231;2.786231;RWZI;1;Bleu;2024;;GM1963;3265.0;;;GM1963;;;;GM1963;;;False;False;False;51.798219328375986;4.34630941277798;WarmteAtlas:CO2EmissieBedrijven;;;
909;NL;;220363;RWZI Reeuwijk-Randenburg;Waddinxveen;Henegouwerweg;2741KR;4;A;105300;452200;37.00;Afvalwaterinzameling en -behandeling;Riolering en waterzuiveringsinstallaties;Energiegebruik en processen Riolering en waterzuiveringsinstallaties;CO2;1.127276;0.714692;0.935674;1.137928;1.365634;1.416461;1.589497;1.767164;1.496483;Overig;23.711881;23.711881;RWZI;1;Bleu;2024;;GM0627;2741.0;;;GM0627;2741.0;;;GM0627;2741.0;;False;False;False;52.05587365874925;4.662561331349247;WarmteAtlas:CO2EmissieBedrijven;;;
916;NL;;220370;RWZI Rijnsaterwoude;Rijnsaterwoude;Kalmoeslaan;2465BK;5;;105700;467100;37.00;Afvalwaterinzameling en -behandeling;Riolering en waterzuiveringsinstallaties;Energiegebruik en processen Riolering en waterzuiveringsinstallaties;CO2;0.029935;0.017794;0.026362;0.025966;0.0;0.0;0.0;0.0;0.0;Overig;0.0;0.0;RWZI;0;Bleu;2024;;GM1884;2465.0;;;GM1884;2465.0;;;GM1884;2465.0;;False;False;False;52.18982163618855;4.66623532413708;WarmteAtlas:CO2EmissieBedrijven;;;
921;NL;;220375;RWZI Rodenrijs;Berkel en Rodenrijs;Anjerdreef;2651;;;91900;444100;37.00;Afvalwaterinzameling en -behandeling;Riolering en waterzuiveringsinstallaties;Energiegebruik en processen Riolering en waterzuiveringsinstallaties;CO2;0.109716;0.053491;0.0;0.0;0.0;0.0;0.0;0.0;0.0;Overig;0.0;0.0;RWZI;0;Bleu;2024;;GM1621;2651.0;;;GM1621;2651.0;;;GM1621;2651.0;;False;False;False;51.98171366823462;4.468699885573389;WarmteAtlas:CO2EmissieBedrijven;;;
928;NL;;220382;RWZI Schelluinen;Schelluinen;Banneweg;4209SZ;30;;123868;428442;37.00;Afvalwaterinzameling en -behandeling;Riolering en waterzuiveringsinstallaties;Energiegebruik en processen Riolering en waterzuiveringsinstallaties;CO2;0.620754;1.169963;1.680302;1.247768;1.747262;1.480813;2.390085;2.696422;2.578396;Overig;40.854869;40.854869;RWZI;2;Bleu;2024;;GM1978;;;;GM1978;;;;GM1978;;;False;False;False;51.843691333407186;4.93543126038085;WarmteAtlas:CO2EmissieBedrijven;;;
930;NL;;220384;RWZI Schijndel;Schijndel;Steeg;5482WN;32;;158700;404300;37.00;Afvalwaterinzameling en -behandeling;Riolering en waterzuiveringsinstallaties;Energiegebruik en processen Riolering en waterzuiveringsinstallaties;CO2;1.009814;1.021415;0.0;0.0;0.0;0.0;0.0;0.0;0.0;Overig;0.0;0.0;RWZI;0;Bleu;2024;;GM1948;;;;GM1948;;;;GM1948;;;False;False;False;51.62754866668415;5.440637518587645;WarmteAtlas:CO2EmissieBedrijven;;;
935;NL;;220390;RWZI Sint Oedenrode;Sint-Oedenrode;Boskantseweg;5492VB;76;;159000;396900;37.00;Afvalwaterinzameling en -behandeling;Riolering en waterzuiveringsinstallaties;Energiegebruik en processen Riolering en waterzuiveringsinstallaties;CO2;2.965448;1.11148;2.023608;2.025553;1.980651;1.979941;2.447693;2.309361;2.065387;Overig;32.726202;32.726202;RWZI;2;Bleu;2024;;GM1948;;;;GM1948;;;;GM1948;;;False;False;False;51.561031189980554;5.444885276327489;WarmteAtlas:CO2EmissieBedrijven;;;
937;NL;;220392;RWZI Sleeuwijk;Sleeuwijk;Robijnsweg;4254LB;15;;123420;425300;37.00;Afvalwaterinzameling en -behandeling;Riolering en waterzuiveringsinstallaties;Energiegebruik en processen Riolering en waterzuiveringsinstallaties;CO2;0.5983;0.570223;0.946778;1.304023;1.912122;5.712013;3.185508;2.944935;3.006454;Overig;47.637468;47.637468;RWZI;2;Bleu;2024;;GM1959;;;;GM1959;;;;GM1959;;;False;False;False;51.81542546599925;4.929217381694462;WarmteAtlas:CO2EmissieBedrijven;;;
944;NL;;220399;AWZI Spijkenisse-Allemanspolder;Spijkenisse;Papendijk;3207LD;4;;84500;428600;37.00;Afvalwaterinzameling en -behandeling;Riolering en waterzuiveringsinstallaties;Energiegebruik en processen Riolering en waterzuiveringsinstallaties;CO2;0.0;1.835231;1.820908;2.563172;2.975994;2.600655;2.474315;2.769648;2.649901;Overig;41.987864;41.987864;RWZI;2;Bleu;2024;;GM1930;3207.0;;;GM1930;3207.0;;;GM1930;3207.0;;False;False;False;51.841523586871446;4.3641740691542985;WarmteAtlas:CO2EmissieBedrijven;;;
951;NL;;220406;RWZI Stolwijk;Stolwijk;Bilwijkerweg;2821SH;8;A;112400;443700;37.00;Afvalwaterinzameling en -behandeling;Riolering en waterzuiveringsinstallaties;Energiegebruik en processen Riolering en waterzuiveringsinstallaties;CO2;0.128018;0.131702;0.13559;0.116587;0.190826;0.181251;0.1632;0.177505;0.146384;Overig;2.319461;2.319461;RWZI;1;Bleu;2024;;GM1931;2821.0;;;GM1931;2821.0;;;GM1931;2821.0;;False;False;False;51.98006951573532;4.767133158103667;WarmteAtlas:CO2EmissieBedrijven;;;
952;NL;;220407;RWZI Stompwijk;Stompwijk;Meerlaan;2266HM;;;92300;456400;37.00;Afvalwaterinzameling en -behandeling;Riolering en waterzuiveringsinstallaties;Energiegebruik en processen Riolering en waterzuiveringsinstallaties;CO2;0.034237;0.053376;0.041144;0.0;0.0;0.0;0.0;0.0;0.0;Overig;0.0;0.0;RWZI;0;Bleu;2024;;GM1916;2266.0;;;GM1916;2266.0;;;GM1916;2266.0;;False;False;False;52.09230117002432;4.472266286292036;WarmteAtlas:CO2EmissieBedrijven;;;
953;NL;;220408;RWZI Strijen;Strijen;Sportlaan;3291TN;30;;98000;417700;37.00;Afvalwaterinzameling en -behandeling;Riolering en waterzuiveringsinstallaties;Energiegebruik en processen Riolering en waterzuiveringsinstallaties;CO2;0.598675;0.189767;0.155363;0.354014;0.385701;0.402513;0.346751;0.344808;0.268818;Overig;4.259443;4.259443;RWZI;1;Bleu;2024;;GM1963;;;;GM1963;;;;GM1963;;;False;False;False;51.745101891706156;4.561845788728533;WarmteAtlas:CO2EmissieBedrijven;;;
961;NL;;220416;RWZI Tilburg-Noord;Tilburg;Vloeiveldweg;5048TD;2;;132900;401500;37.00;Afvalwaterinzameling en -behandeling;Riolering en waterzuiveringsinstallaties;Energiegebruik en processen Riolering en waterzuiveringsinstallaties;CO2;10.154034;11.144365;15.57312;11.128844;19.911438;19.750193;15.115343;15.588387;20.94492;Overig;331.87374;331.87374;RWZI;3;Bleu;2024;;GM0855;;;;GM0855;;;;GM0855;;;False;False;False;51.60195838868605;5.068209496224891;WarmteAtlas:CO2EmissieBedrijven;;;
971;NL;;220426;RWZI Varik;Varik;Paasweg;4064RN;;;153800;427000;37.00;Afvalwaterinzameling en -behandeling;Riolering en waterzuiveringsinstallaties;Energiegebruik en processen Riolering en waterzuiveringsinstallaties;CO2;0.070732;0.104495;0.0;0.0;0.0;0.0;0.0;0.0;0.0;Overig;0.0;0.0;RWZI;0;Bleu;2024;;GM1960;;;;GM1960;;;;GM1960;;;False;False;False;51.831597582317286;5.369793308435187;WarmteAtlas:CO2EmissieBedrijven;;;
974;NL;;220429;RWZI Veenendaal;Overberg;Slaperdijk;3959AL;2;a;164300;450000;37.00;Afvalwaterinzameling en -behandeling;Riolering en waterzuiveringsinstallaties;Energiegebruik en processen Riolering en waterzuiveringsinstallaties;CO2;2.71597;5.61191;4.19627;4.418453;4.865551;4.22898;3.775831;3.956186;3.763549;Overig;59.633694;59.633694;RWZI;2;Bleu;2024;;GM1581;;;;GM1581;;;;GM1581;;;False;False;False;52.03824991682269;5.522745157480646;WarmteAtlas:CO2EmissieBedrijven;;;
984;NL;;220440;RWZI Waalwijk;Waalwijk;Gansoyensesteeg;5145PX;21;;133200;413700;37.00;Afvalwaterinzameling en -behandeling;Riolering en waterzuiveringsinstallaties;Energiegebruik en processen Riolering en waterzuiveringsinstallaties;CO2;0.192505;2.31965;2.289652;2.529149;2.463405;2.10088;2.28997;1.915292;2.001689;Overig;31.7169;31.7169;RWZI;2;Bleu;2024;;GM0867;;;;GM0867;;;;GM0867;;;False;False;False;51.711628733892184;5.071777079248837;WarmteAtlas:CO2EmissieBedrijven;;;
986;NL;;220442;RWZI Waddinxveen;Waddinxveen;Willem de Zwijgerlaan;2741DB;63;z;104500;451500;37.00;Afvalwaterinzameling en -behandeling;Riolering en waterzuiveringsinstallaties;Energiegebruik en processen Riolering en waterzuiveringsinstallaties;CO2;0.845142;0.239866;0.0;0.0;0.0;0.0;0.0;0.0;0.0;Overig;0.0;0.0;RWZI;0;Bleu;2024;;GM0627;2741.0;;;GM0627;2741.0;;;GM0627;2741.0;;False;False;False;52.049510101038365;4.651001451208529;WarmteAtlas:CO2EmissieBedrijven;;;
989;NL;;220445;RWZI Waspik;Waspik;Dwarsweg;5165NM;2;;124200;413000;37.00;Afvalwaterinzameling en -behandeling;Riolering en waterzuiveringsinstallaties;Energiegebruik en processen Riolering en waterzuiveringsinstallaties;CO2;0.344458;0.213636;0.27991;0.253131;0.179492;0.20538;0.186994;0.165102;0.141323;Overig;2.23928;2.23928;RWZI;1;Bleu;2024;;GM0867;;;;GM0867;;;;GM0867;;;False;False;False;51.70491413588301;4.941621022053062;WarmteAtlas:CO2EmissieBedrijven;;;
992;NL;;220448;RWZI Weesp;Weesp;IJsselmeerlaan;1382JT;20;;129985;481231;37.00;Afvalwaterinzameling en -behandeling;Riolering en waterzuiveringsinstallaties;Energiegebruik en processen Riolering en waterzuiveringsinstallaties;CO2;0.284454;2.385009;1.083886;1.07992;0.936965;0.958079;0.777406;0.577061;0.6762;Overig;10.714439;10.714439;RWZI;1;Bleu;2024;;GM0363;1382.0;;;GM0363;1382.0;;;GM0363;1382.0;;False;False;False;52.318460271348435;5.020326190319431;WarmteAtlas:CO2EmissieBedrijven;;;
