Naam;Webadres;Tel;KvKnr;Plaats;SBICode;SBINaam;Kans;Keten;Typering;AantalMedewerkers;TJ_Warmte;TJ_CondWarmte;NM3Gas_CondWarmte;Red_tonCO2_CondWarmte;TJ_MTWarmte;NM3Gas_MTWarmte;kWh_MTWarmte;Red_tonCO2_MTWarmte;buurtcode_2023;gemeentecode_2023;pc4_code_2023;pc6_code_2023;buurtcode_2024;gemeentecode_2024;pc4_code_2024;pc6_code_2024;buurtcode_2025;gemeentecode_2025;pc4_code_2025;pc6_code_2025;buurtcode_gewijzigd;gemeentecode_gewijzigd;pc4_gewijzigd;lat;lon;meta_source_layer;meta_source_wfs_url;meta_retrieved_at;meta_source_last_modified
Sonac Eindhoven BV;;0511-467333;59078499.0;SUMAR;1011;Slachterijen (geen pluimvee-);Biogas&Meststoffen;BioMassa;BioProductie;150;9.865585;19.62652;689000;1300.143;24.930985;875000;1637000;790.063;n.a.;n.a.;n.a.;n.a.;n.a.;n.a.;n.a.;n.a.;n.a.;n.a.;n.a.;n.a.;False;False;False;n.a.;n.a.;WarmteAtlas:CondensWarmte;;;
Hoogland Vis BV;www.hooglandvis.nl;0229-214874;37088733.0;HOORN NH;1020;Visverwerking;Biogas&Meststoffen;BioMassa;BioProductie;75;4.405286;9.69978;341000;643.467;12.321342;433000;809000;391.537;n.a.;n.a.;n.a.;n.a.;n.a.;n.a.;n.a.;n.a.;n.a.;n.a.;n.a.;n.a.;False;False;False;n.a.;n.a.;WarmteAtlas:CondensWarmte;;;
LK Filiaalexploitatie BV;;010-4378877;24360980.0;ROTTERDAM;1071;Vervaardiging van brood en vers banketbakkerswerk;Biogas&Meststoffen;BioMassa;BioProductie;15;1.786069;0.675134;24000;45.288;0.857603;30000;56000;27.154;n.a.;n.a.;n.a.;n.a.;n.a.;n.a.;n.a.;n.a.;n.a.;n.a.;n.a.;n.a.;False;False;False;n.a.;n.a.;WarmteAtlas:CondensWarmte;;;
VOF F. den Butter & Zonen;;071-3316968;34012644.0;OUDE WETERING;1071;Vervaardiging van brood en vers banketbakkerswerk;Biogas&Meststoffen;BioMassa;BioProductie;15;1.786069;0.675134;24000;45.288;0.857603;30000;56000;27.154;n.a.;n.a.;n.a.;n.a.;n.a.;n.a.;n.a.;n.a.;n.a.;n.a.;n.a.;n.a.;False;False;False;n.a.;n.a.;WarmteAtlas:CondensWarmte;;;
UCC Coffee Benelux BV;;073-6871411;34289144.0;'S-HERTOGENBOSCH;1083;Verwerking van koffie en thee;Biogas&Meststoffen;BioMassa;BioProductie;150;39.855629;9.221691;324000;611.388;11.71404;411000;769000;371.063;n.a.;n.a.;n.a.;n.a.;n.a.;n.a.;n.a.;n.a.;n.a.;n.a.;n.a.;n.a.;False;False;False;n.a.;n.a.;WarmteAtlas:CondensWarmte;;;
C1000 Filialen BV;;045-5458743;31036508.0;KERKRADE;4711;Supermarkten en dergelijke winkels met een algemeen assortiment voedings- en genotmiddelen;EnergieEfficientie&Recycling;;CirculerendeHandel;15;0.239584;0.787113;28000;52.836;0.999846;35000;66000;31.329;n.a.;n.a.;n.a.;n.a.;n.a.;n.a.;n.a.;n.a.;n.a.;n.a.;n.a.;n.a.;False;False;False;n.a.;n.a.;WarmteAtlas:CondensWarmte;;;
C1000 Filialen BV;www.c1000.nl;0174-514698;31036508.0;DE LIER;4711;Supermarkten en dergelijke winkels met een algemeen assortiment voedings- en genotmiddelen;EnergieEfficientie&Recycling;;CirculerendeHandel;15;0.239584;0.787113;28000;52.836;0.999846;35000;66000;31.329;n.a.;n.a.;n.a.;n.a.;n.a.;n.a.;n.a.;n.a.;n.a.;n.a.;n.a.;n.a.;False;False;False;n.a.;n.a.;WarmteAtlas:CondensWarmte;;;
C1000 Filialen BV;;0347-326282;31036508.0;VIANEN UT;4711;Supermarkten en dergelijke winkels met een algemeen assortiment voedings- en genotmiddelen;EnergieEfficientie&Recycling;;CirculerendeHandel;75;1.197919;3.935564;138000;260.406;4.99923;176000;328000;159.584;n.a.;n.a.;n.a.;n.a.;n.a.;n.a.;n.a.;n.a.;n.a.;n.a.;n.a.;n.a.;False;False;False;n.a.;n.a.;WarmteAtlas:CondensWarmte;;;
Koekela BV;www.koekela.nl;010-4364774;24337521.0;ROTTERDAM;1071;Vervaardiging van brood en vers banketbakkerswerk;Biogas&Meststoffen;BioMassa;BioProductie;15;1.786069;0.675134;24000;45.288;0.857603;30000;56000;27.154;n.a.;n.a.;n.a.;n.a.;n.a.;n.a.;n.a.;n.a.;n.a.;n.a.;n.a.;n.a.;False;False;False;n.a.;n.a.;WarmteAtlas:CondensWarmte;;;
Bakkerij Remmerswaal BV;;070-3270198;27325174.0;LEIDSCHENDAM;1071;Vervaardiging van brood en vers banketbakkerswerk;Biogas&Meststoffen;BioMassa;BioProductie;35;4.167494;1.575313;55000;103.785;2.001073;70000;131000;63.184;n.a.;n.a.;n.a.;n.a.;n.a.;n.a.;n.a.;n.a.;n.a.;n.a.;n.a.;n.a.;False;False;False;n.a.;n.a.;WarmteAtlas:CondensWarmte;;;
C1000 Filialen BV;www.schuitema.nl;0174-416433;31036508.0;'S-GRAVENZANDE;4711;Supermarkten en dergelijke winkels met een algemeen assortiment voedings- en genotmiddelen;EnergieEfficientie&Recycling;;CirculerendeHandel;15;0.239584;0.787113;28000;52.836;0.999846;35000;66000;31.329;n.a.;n.a.;n.a.;n.a.;n.a.;n.a.;n.a.;n.a.;n.a.;n.a.;n.a.;n.a.;False;False;False;n.a.;n.a.;WarmteAtlas:CondensWarmte;;;
Jumbo Supermarkten BV;;0594-581372;16044409.0;LEEK;4711;Supermarkten en dergelijke winkels met een algemeen assortiment voedings- en genotmiddelen;EnergieEfficientie&Recycling;;CirculerendeHandel;75;1.197919;3.935564;138000;260.406;4.99923;176000;328000;159.584;n.a.;n.a.;n.a.;n.a.;n.a.;n.a.;n.a.;n.a.;n.a.;n.a.;n.a.;n.a.;False;False;False;n.a.;n.a.;WarmteAtlas:CondensWarmte;;;
VOF Supermarkt W. Timmer;;0184-612747;23058010.0;HARDINXVELD-GIESSENDAM;4711;Supermarkten en dergelijke winkels met een algemeen assortiment voedings- en genotmiddelen;EnergieEfficientie&Recycling;;CirculerendeHandel;15;0.239584;0.787113;28000;52.836;0.999846;35000;66000;31.329;n.a.;n.a.;n.a.;n.a.;n.a.;n.a.;n.a.;n.a.;n.a.;n.a.;n.a.;n.a.;False;False;False;n.a.;n.a.;WarmteAtlas:CondensWarmte;;;
VOF Albert Heijn Dijkstra;www.c1000.nl;043-3652244;14635177.0;BUNDE;4711;Supermarkten en dergelijke winkels met een algemeen assortiment voedings- en genotmiddelen;EnergieEfficientie&Recycling;;CirculerendeHandel;35;0.559029;1.836596;64000;120.768;2.332974;82000;153000;74.256;n.a.;n.a.;n.a.;n.a.;n.a.;n.a.;n.a.;n.a.;n.a.;n.a.;n.a.;n.a.;False;False;False;n.a.;n.a.;WarmteAtlas:CondensWarmte;;;
Aldi Culemborg BV;www.aldi.nl;0345-472911;11013020.0;GORINCHEM;4711;Supermarkten en dergelijke winkels met een algemeen assortiment voedings- en genotmiddelen;EnergieEfficientie&Recycling;;CirculerendeHandel;15;0.239584;0.787113;28000;52.836;0.999846;35000;66000;31.329;n.a.;n.a.;n.a.;n.a.;n.a.;n.a.;n.a.;n.a.;n.a.;n.a.;n.a.;n.a.;False;False;False;n.a.;n.a.;WarmteAtlas:CondensWarmte;;;
Albert Heijn BV;;078-6127641;35012085.0;ZWIJNDRECHT;4711;Supermarkten en dergelijke winkels met een algemeen assortiment voedings- en genotmiddelen;EnergieEfficientie&Recycling;;CirculerendeHandel;75;1.197919;3.935564;138000;260.406;4.99923;176000;328000;159.584;n.a.;n.a.;n.a.;n.a.;n.a.;n.a.;n.a.;n.a.;n.a.;n.a.;n.a.;n.a.;False;False;False;n.a.;n.a.;WarmteAtlas:CondensWarmte;;;
C1000 Filialen BV;www.c1000.nl;0316-291210;31036508.0;DIDAM;4711;Supermarkten en dergelijke winkels met een algemeen assortiment voedings- en genotmiddelen;EnergieEfficientie&Recycling;;CirculerendeHandel;35;0.559029;1.836596;64000;120.768;2.332974;82000;153000;74.256;n.a.;n.a.;n.a.;n.a.;n.a.;n.a.;n.a.;n.a.;n.a.;n.a.;n.a.;n.a.;False;False;False;n.a.;n.a.;WarmteAtlas:CondensWarmte;;;
Aldi Zaandam BV;;072-5713618;35017695.0;HEERHUGOWAARD;4711;Supermarkten en dergelijke winkels met een algemeen assortiment voedings- en genotmiddelen;EnergieEfficientie&Recycling;;CirculerendeHandel;15;0.239584;0.787113;28000;52.836;0.999846;35000;66000;31.329;n.a.;n.a.;n.a.;n.a.;n.a.;n.a.;n.a.;n.a.;n.a.;n.a.;n.a.;n.a.;False;False;False;n.a.;n.a.;WarmteAtlas:CondensWarmte;;;
Jumbo Supermarkten BV;www.jumbosupermarkten.nl;0416-337981;16044409.0;WAALWIJK;4711;Supermarkten en dergelijke winkels met een algemeen assortiment voedings- en genotmiddelen;EnergieEfficientie&Recycling;;CirculerendeHandel;75;1.197919;3.935564;138000;260.406;4.99923;176000;328000;159.584;n.a.;n.a.;n.a.;n.a.;n.a.;n.a.;n.a.;n.a.;n.a.;n.a.;n.a.;n.a.;False;False;False;n.a.;n.a.;WarmteAtlas:CondensWarmte;;;
J.J. Rausch BV;www.c1000.nl;077-3231110;17056395.0;VENLO;4711;Supermarkten en dergelijke winkels met een algemeen assortiment voedings- en genotmiddelen;EnergieEfficientie&Recycling;;CirculerendeHandel;75;1.197919;3.935564;138000;260.406;4.99923;176000;328000;159.584;n.a.;n.a.;n.a.;n.a.;n.a.;n.a.;n.a.;n.a.;n.a.;n.a.;n.a.;n.a.;False;False;False;n.a.;n.a.;WarmteAtlas:CondensWarmte;;;
Albert Heijn BV;;075-6599111;35012085.0;BOVENKARSPEL;4711;Supermarkten en dergelijke winkels met een algemeen assortiment voedings- en genotmiddelen;EnergieEfficientie&Recycling;;CirculerendeHandel;35;0.559029;1.836596;64000;120.768;2.332974;82000;153000;74.256;n.a.;n.a.;n.a.;n.a.;n.a.;n.a.;n.a.;n.a.;n.a.;n.a.;n.a.;n.a.;False;False;False;n.a.;n.a.;WarmteAtlas:CondensWarmte;;;
VOF Doesburg. M.;;078-6313316;24383319.0;DORDRECHT;4711;Supermarkten en dergelijke winkels met een algemeen assortiment voedings- en genotmiddelen;EnergieEfficientie&Recycling;;CirculerendeHandel;35;0.559029;1.836596;64000;120.768;2.332974;82000;153000;74.256;n.a.;n.a.;n.a.;n.a.;n.a.;n.a.;n.a.;n.a.;n.a.;n.a.;n.a.;n.a.;False;False;False;n.a.;n.a.;WarmteAtlas:CondensWarmte;;;
Albert Heijn BV;www.ah.nl;010-2400002;35012085.0;ROTTERDAM;4711;Supermarkten en dergelijke winkels met een algemeen assortiment voedings- en genotmiddelen;EnergieEfficientie&Recycling;;CirculerendeHandel;35;0.559029;1.836596;64000;120.768;2.332974;82000;153000;74.256;n.a.;n.a.;n.a.;n.a.;n.a.;n.a.;n.a.;n.a.;n.a.;n.a.;n.a.;n.a.;False;False;False;n.a.;n.a.;WarmteAtlas:CondensWarmte;;;
Albert Heijn BV;www.albertheijn.nl;036-5330060;35012085.0;ALMERE;4711;Supermarkten en dergelijke winkels met een algemeen assortiment voedings- en genotmiddelen;EnergieEfficientie&Recycling;;CirculerendeHandel;150;2.395838;7.871128;276000;520.812;9.99846;351000;657000;316.755;n.a.;n.a.;n.a.;n.a.;n.a.;n.a.;n.a.;n.a.;n.a.;n.a.;n.a.;n.a.;False;False;False;n.a.;n.a.;WarmteAtlas:CondensWarmte;;;
Stationsfoodstore BV;;0886-711200;30158570.0;ARNHEM;4711;Supermarkten en dergelijke winkels met een algemeen assortiment voedings- en genotmiddelen;EnergieEfficientie&Recycling;;CirculerendeHandel;35;0.559029;1.836596;64000;120.768;2.332974;82000;153000;74.256;n.a.;n.a.;n.a.;n.a.;n.a.;n.a.;n.a.;n.a.;n.a.;n.a.;n.a.;n.a.;False;False;False;n.a.;n.a.;WarmteAtlas:CondensWarmte;;;
Supermarkt F. de Jong Urk BV;www.c1000.nl;0527-681523;39033019.0;URK;4711;Supermarkten en dergelijke winkels met een algemeen assortiment voedings- en genotmiddelen;EnergieEfficientie&Recycling;;CirculerendeHandel;35;0.559029;1.836596;64000;120.768;2.332974;82000;153000;74.256;n.a.;n.a.;n.a.;n.a.;n.a.;n.a.;n.a.;n.a.;n.a.;n.a.;n.a.;n.a.;False;False;False;n.a.;n.a.;WarmteAtlas:CondensWarmte;;;
Coop Supermarkten BV;;0548-617777;9124392.0;NIJVERDAL;4711;Supermarkten en dergelijke winkels met een algemeen assortiment voedings- en genotmiddelen;EnergieEfficientie&Recycling;;CirculerendeHandel;35;0.559029;1.836596;64000;120.768;2.332974;82000;153000;74.256;n.a.;n.a.;n.a.;n.a.;n.a.;n.a.;n.a.;n.a.;n.a.;n.a.;n.a.;n.a.;False;False;False;n.a.;n.a.;WarmteAtlas:CondensWarmte;;;
Coop Supermarkten BV;;0493-351606;9124392.0;DEURNE;4711;Supermarkten en dergelijke winkels met een algemeen assortiment voedings- en genotmiddelen;EnergieEfficientie&Recycling;;CirculerendeHandel;35;0.559029;1.836596;64000;120.768;2.332974;82000;153000;74.256;n.a.;n.a.;n.a.;n.a.;n.a.;n.a.;n.a.;n.a.;n.a.;n.a.;n.a.;n.a.;False;False;False;n.a.;n.a.;WarmteAtlas:CondensWarmte;;;
BV Nettorama Verbruikersmarkten;www.nettorama.nl;030-6957355;20036900.0;ZEIST;4711;Supermarkten en dergelijke winkels met een algemeen assortiment voedings- en genotmiddelen;EnergieEfficientie&Recycling;;CirculerendeHandel;35;0.559029;1.836596;64000;120.768;2.332974;82000;153000;74.256;n.a.;n.a.;n.a.;n.a.;n.a.;n.a.;n.a.;n.a.;n.a.;n.a.;n.a.;n.a.;False;False;False;n.a.;n.a.;WarmteAtlas:CondensWarmte;;;
Coop Supermarkten BV;www.supercoop.nl;0598-351000;9124392.0;HOOGEZAND;4711;Supermarkten en dergelijke winkels met een algemeen assortiment voedings- en genotmiddelen;EnergieEfficientie&Recycling;;CirculerendeHandel;35;0.559029;1.836596;64000;120.768;2.332974;82000;153000;74.256;n.a.;n.a.;n.a.;n.a.;n.a.;n.a.;n.a.;n.a.;n.a.;n.a.;n.a.;n.a.;False;False;False;n.a.;n.a.;WarmteAtlas:CondensWarmte;;;
Supermarkt P.J. de Jong BV;www.pjdejongc1000.nl;071-5812080;28093709.0;LEIDERDORP;4711;Supermarkten en dergelijke winkels met een algemeen assortiment voedings- en genotmiddelen;EnergieEfficientie&Recycling;;CirculerendeHandel;75;1.197919;3.935564;138000;260.406;4.99923;176000;328000;159.584;n.a.;n.a.;n.a.;n.a.;n.a.;n.a.;n.a.;n.a.;n.a.;n.a.;n.a.;n.a.;False;False;False;n.a.;n.a.;WarmteAtlas:CondensWarmte;;;
Aldi Zoetermeer BV;www.aldi.nl;079-3440440;27347805.0;SPIJKENISSE;4711;Supermarkten en dergelijke winkels met een algemeen assortiment voedings- en genotmiddelen;EnergieEfficientie&Recycling;;CirculerendeHandel;15;0.239584;0.787113;28000;52.836;0.999846;35000;66000;31.329;n.a.;n.a.;n.a.;n.a.;n.a.;n.a.;n.a.;n.a.;n.a.;n.a.;n.a.;n.a.;False;False;False;n.a.;n.a.;WarmteAtlas:CondensWarmte;;;
Coop Supermarkten BV;www.supercoop.nl;0598-618576;9124392.0;WILDERVANK;4711;Supermarkten en dergelijke winkels met een algemeen assortiment voedings- en genotmiddelen;EnergieEfficientie&Recycling;;CirculerendeHandel;35;0.559029;1.836596;64000;120.768;2.332974;82000;153000;74.256;n.a.;n.a.;n.a.;n.a.;n.a.;n.a.;n.a.;n.a.;n.a.;n.a.;n.a.;n.a.;False;False;False;n.a.;n.a.;WarmteAtlas:CondensWarmte;;;
Coop Supermarkten BV;;0544-481216;9124392.0;BELTRUM;4711;Supermarkten en dergelijke winkels met een algemeen assortiment voedings- en genotmiddelen;EnergieEfficientie&Recycling;;CirculerendeHandel;35;0.559029;1.836596;64000;120.768;2.332974;82000;153000;74.256;n.a.;n.a.;n.a.;n.a.;n.a.;n.a.;n.a.;n.a.;n.a.;n.a.;n.a.;n.a.;False;False;False;n.a.;n.a.;WarmteAtlas:CondensWarmte;;;
Coop Supermarkten BV;www.supercoop.nl;0592-398896;9124392.0;ASSEN;4711;Supermarkten en dergelijke winkels met een algemeen assortiment voedings- en genotmiddelen;EnergieEfficientie&Recycling;;CirculerendeHandel;35;0.559029;1.836596;64000;120.768;2.332974;82000;153000;74.256;n.a.;n.a.;n.a.;n.a.;n.a.;n.a.;n.a.;n.a.;n.a.;n.a.;n.a.;n.a.;False;False;False;n.a.;n.a.;WarmteAtlas:CondensWarmte;;;
Deka Supermarkten BV;;0251-276666;34050453.0;DEN OEVER;4711;Supermarkten en dergelijke winkels met een algemeen assortiment voedings- en genotmiddelen;EnergieEfficientie&Recycling;;CirculerendeHandel;35;0.559029;1.836596;64000;120.768;2.332974;82000;153000;74.256;n.a.;n.a.;n.a.;n.a.;n.a.;n.a.;n.a.;n.a.;n.a.;n.a.;n.a.;n.a.;False;False;False;n.a.;n.a.;WarmteAtlas:CondensWarmte;;;
Poiesz Supermarkten BV;;0516-568160;1100780.0;OOSTERWOLDE FR;4711;Supermarkten en dergelijke winkels met een algemeen assortiment voedings- en genotmiddelen;EnergieEfficientie&Recycling;;CirculerendeHandel;35;0.559029;1.836596;64000;120.768;2.332974;82000;153000;74.256;n.a.;n.a.;n.a.;n.a.;n.a.;n.a.;n.a.;n.a.;n.a.;n.a.;n.a.;n.a.;False;False;False;n.a.;n.a.;WarmteAtlas:CondensWarmte;;;
Supermarkt Exploitatie Boon BV;www.boereschuur.nl;013-5186750;23068927.0;RIEL;4711;Supermarkten en dergelijke winkels met een algemeen assortiment voedings- en genotmiddelen;EnergieEfficientie&Recycling;;CirculerendeHandel;75;1.197919;3.935564;138000;260.406;4.99923;176000;328000;159.584;n.a.;n.a.;n.a.;n.a.;n.a.;n.a.;n.a.;n.a.;n.a.;n.a.;n.a.;n.a.;False;False;False;n.a.;n.a.;WarmteAtlas:CondensWarmte;;;
Supermarkt Heemskerk VOF;www.c1000.nl;026-4002160;9138839.0;DOORWERTH;4711;Supermarkten en dergelijke winkels met een algemeen assortiment voedings- en genotmiddelen;EnergieEfficientie&Recycling;;CirculerendeHandel;75;1.197919;3.935564;138000;260.406;4.99923;176000;328000;159.584;n.a.;n.a.;n.a.;n.a.;n.a.;n.a.;n.a.;n.a.;n.a.;n.a.;n.a.;n.a.;False;False;False;n.a.;n.a.;WarmteAtlas:CondensWarmte;;;
VOF Spar Vlieger;www.spar.nl;043-4501706;14086342.0;WIJLRE;4711;Supermarkten en dergelijke winkels met een algemeen assortiment voedings- en genotmiddelen;EnergieEfficientie&Recycling;;CirculerendeHandel;35;0.559029;1.836596;64000;120.768;2.332974;82000;153000;74.256;n.a.;n.a.;n.a.;n.a.;n.a.;n.a.;n.a.;n.a.;n.a.;n.a.;n.a.;n.a.;False;False;False;n.a.;n.a.;WarmteAtlas:CondensWarmte;;;
C1000 Filialen BV;;033-4533600;31036508.0;BERGEN OP ZOOM;4711;Supermarkten en dergelijke winkels met een algemeen assortiment voedings- en genotmiddelen;EnergieEfficientie&Recycling;;CirculerendeHandel;15;0.239584;0.787113;28000;52.836;0.999846;35000;66000;31.329;n.a.;n.a.;n.a.;n.a.;n.a.;n.a.;n.a.;n.a.;n.a.;n.a.;n.a.;n.a.;False;False;False;n.a.;n.a.;WarmteAtlas:CondensWarmte;;;
Kooistra Supermarkten BV;;0517-343160;1058398.0;HARLINGEN;4711;Supermarkten en dergelijke winkels met een algemeen assortiment voedings- en genotmiddelen;EnergieEfficientie&Recycling;;CirculerendeHandel;75;1.197919;3.935564;138000;260.406;4.99923;176000;328000;159.584;n.a.;n.a.;n.a.;n.a.;n.a.;n.a.;n.a.;n.a.;n.a.;n.a.;n.a.;n.a.;False;False;False;n.a.;n.a.;WarmteAtlas:CondensWarmte;;;
Jumbo Supermarkten BV;;0544-371629;16044409.0;LICHTENVOORDE;4711;Supermarkten en dergelijke winkels met een algemeen assortiment voedings- en genotmiddelen;EnergieEfficientie&Recycling;;CirculerendeHandel;75;1.197919;3.935564;138000;260.406;4.99923;176000;328000;159.584;n.a.;n.a.;n.a.;n.a.;n.a.;n.a.;n.a.;n.a.;n.a.;n.a.;n.a.;n.a.;False;False;False;n.a.;n.a.;WarmteAtlas:CondensWarmte;;;
Jumbo Supermarkten BV;;0594-587150;16044409.0;LEEK;4711;Supermarkten en dergelijke winkels met een algemeen assortiment voedings- en genotmiddelen;EnergieEfficientie&Recycling;;CirculerendeHandel;150;2.395838;7.871128;276000;520.812;9.99846;351000;657000;316.755;n.a.;n.a.;n.a.;n.a.;n.a.;n.a.;n.a.;n.a.;n.a.;n.a.;n.a.;n.a.;False;False;False;n.a.;n.a.;WarmteAtlas:CondensWarmte;;;
Jumbo Supermarkten BV;;0180-633897;16044409.0;ZEVENHUIZEN ZH;4711;Supermarkten en dergelijke winkels met een algemeen assortiment voedings- en genotmiddelen;EnergieEfficientie&Recycling;;CirculerendeHandel;35;0.559029;1.836596;64000;120.768;2.332974;82000;153000;74.256;n.a.;n.a.;n.a.;n.a.;n.a.;n.a.;n.a.;n.a.;n.a.;n.a.;n.a.;n.a.;False;False;False;n.a.;n.a.;WarmteAtlas:CondensWarmte;;;
Jumbo Supermarkten BV;;0517-343160;16044409.0;HARLINGEN;4711;Supermarkten en dergelijke winkels met een algemeen assortiment voedings- en genotmiddelen;EnergieEfficientie&Recycling;;CirculerendeHandel;35;0.559029;1.836596;64000;120.768;2.332974;82000;153000;74.256;n.a.;n.a.;n.a.;n.a.;n.a.;n.a.;n.a.;n.a.;n.a.;n.a.;n.a.;n.a.;False;False;False;n.a.;n.a.;WarmteAtlas:CondensWarmte;;;
Jumbo Supermarkten BV;;0524-593660;16044409.0;COEVORDEN;4711;Supermarkten en dergelijke winkels met een algemeen assortiment voedings- en genotmiddelen;EnergieEfficientie&Recycling;;CirculerendeHandel;35;0.559029;1.836596;64000;120.768;2.332974;82000;153000;74.256;n.a.;n.a.;n.a.;n.a.;n.a.;n.a.;n.a.;n.a.;n.a.;n.a.;n.a.;n.a.;False;False;False;n.a.;n.a.;WarmteAtlas:CondensWarmte;;;
Jumbo Supermarkten BV;;0594-587160;16044409.0;LEEK;4711;Supermarkten en dergelijke winkels met een algemeen assortiment voedings- en genotmiddelen;EnergieEfficientie&Recycling;;CirculerendeHandel;75;1.197919;3.935564;138000;260.406;4.99923;176000;328000;159.584;n.a.;n.a.;n.a.;n.a.;n.a.;n.a.;n.a.;n.a.;n.a.;n.a.;n.a.;n.a.;False;False;False;n.a.;n.a.;WarmteAtlas:CondensWarmte;;;
Jumbo Supermarkten BV;;030-6004160;16044409.0;IJSSELSTEIN UT;4711;Supermarkten en dergelijke winkels met een algemeen assortiment voedings- en genotmiddelen;EnergieEfficientie&Recycling;;CirculerendeHandel;15;0.239584;0.787113;28000;52.836;0.999846;35000;66000;31.329;n.a.;n.a.;n.a.;n.a.;n.a.;n.a.;n.a.;n.a.;n.a.;n.a.;n.a.;n.a.;False;False;False;n.a.;n.a.;WarmteAtlas:CondensWarmte;;;
Franchise Handelsmaatschappij BV;;0547-386510;35027707.0;ENTER;4711;Supermarkten en dergelijke winkels met een algemeen assortiment voedings- en genotmiddelen;EnergieEfficientie&Recycling;;CirculerendeHandel;35;0.559029;1.836596;64000;120.768;2.332974;82000;153000;74.256;n.a.;n.a.;n.a.;n.a.;n.a.;n.a.;n.a.;n.a.;n.a.;n.a.;n.a.;n.a.;False;False;False;n.a.;n.a.;WarmteAtlas:CondensWarmte;;;
Plus Retail BV;;0883-446000;30048700.0;ALMELO;4711;Supermarkten en dergelijke winkels met een algemeen assortiment voedings- en genotmiddelen;EnergieEfficientie&Recycling;;CirculerendeHandel;35;0.559029;1.836596;64000;120.768;2.332974;82000;153000;74.256;n.a.;n.a.;n.a.;n.a.;n.a.;n.a.;n.a.;n.a.;n.a.;n.a.;n.a.;n.a.;False;False;False;n.a.;n.a.;WarmteAtlas:CondensWarmte;;;
Jumbo Supermarkten BV;;0598-820030;16044409.0;VEENDAM;4711;Supermarkten en dergelijke winkels met een algemeen assortiment voedings- en genotmiddelen;EnergieEfficientie&Recycling;;CirculerendeHandel;75;1.197919;3.935564;138000;260.406;4.99923;176000;328000;159.584;n.a.;n.a.;n.a.;n.a.;n.a.;n.a.;n.a.;n.a.;n.a.;n.a.;n.a.;n.a.;False;False;False;n.a.;n.a.;WarmteAtlas:CondensWarmte;;;
Plus Retail BV;;0883-446000;30048700.0;BENNEKOM;4711;Supermarkten en dergelijke winkels met een algemeen assortiment voedings- en genotmiddelen;EnergieEfficientie&Recycling;;CirculerendeHandel;75;1.197919;3.935564;138000;260.406;4.99923;176000;328000;159.584;n.a.;n.a.;n.a.;n.a.;n.a.;n.a.;n.a.;n.a.;n.a.;n.a.;n.a.;n.a.;False;False;False;n.a.;n.a.;WarmteAtlas:CondensWarmte;;;
Albert Heijn BV;;075-6591111;35012085.0;ARNHEM;4711;Supermarkten en dergelijke winkels met een algemeen assortiment voedings- en genotmiddelen;EnergieEfficientie&Recycling;;CirculerendeHandel;15;0.239584;0.787113;28000;52.836;0.999846;35000;66000;31.329;n.a.;n.a.;n.a.;n.a.;n.a.;n.a.;n.a.;n.a.;n.a.;n.a.;n.a.;n.a.;False;False;False;n.a.;n.a.;WarmteAtlas:CondensWarmte;;;
Albert Heijn BV;;075-6591111;35012085.0;NIEUWEGEIN;4711;Supermarkten en dergelijke winkels met een algemeen assortiment voedings- en genotmiddelen;EnergieEfficientie&Recycling;;CirculerendeHandel;150;2.395838;7.871128;276000;520.812;9.99846;351000;657000;316.755;n.a.;n.a.;n.a.;n.a.;n.a.;n.a.;n.a.;n.a.;n.a.;n.a.;n.a.;n.a.;False;False;False;n.a.;n.a.;WarmteAtlas:CondensWarmte;;;
Albert Heijn BV;;075-6591111;35012085.0;OIRSCHOT;4711;Supermarkten en dergelijke winkels met een algemeen assortiment voedings- en genotmiddelen;EnergieEfficientie&Recycling;;CirculerendeHandel;150;2.395838;7.871128;276000;520.812;9.99846;351000;657000;316.755;n.a.;n.a.;n.a.;n.a.;n.a.;n.a.;n.a.;n.a.;n.a.;n.a.;n.a.;n.a.;False;False;False;n.a.;n.a.;WarmteAtlas:CondensWarmte;;;
Albert Heijn BV;;075-6591111;35012085.0;'S-HERTOGENBOSCH;4711;Supermarkten en dergelijke winkels met een algemeen assortiment voedings- en genotmiddelen;EnergieEfficientie&Recycling;;CirculerendeHandel;150;2.395838;7.871128;276000;520.812;9.99846;351000;657000;316.755;n.a.;n.a.;n.a.;n.a.;n.a.;n.a.;n.a.;n.a.;n.a.;n.a.;n.a.;n.a.;False;False;False;n.a.;n.a.;WarmteAtlas:CondensWarmte;;;
Albert Heijn BV;;075-6591111;35012085.0;BAARLE-NASSAU;4711;Supermarkten en dergelijke winkels met een algemeen assortiment voedings- en genotmiddelen;EnergieEfficientie&Recycling;;CirculerendeHandel;350;5.59029;18.365965;645000;1217.115;23.329739;819000;1532000;739.621;n.a.;n.a.;n.a.;n.a.;n.a.;n.a.;n.a.;n.a.;n.a.;n.a.;n.a.;n.a.;False;False;False;n.a.;n.a.;WarmteAtlas:CondensWarmte;;;
Hwparticipaties BV;;030-2713606;59748168.0;UTRECHT;4711;Supermarkten en dergelijke winkels met een algemeen assortiment voedings- en genotmiddelen;EnergieEfficientie&Recycling;;CirculerendeHandel;15;0.239584;0.787113;28000;52.836;0.999846;35000;66000;31.329;n.a.;n.a.;n.a.;n.a.;n.a.;n.a.;n.a.;n.a.;n.a.;n.a.;n.a.;n.a.;False;False;False;n.a.;n.a.;WarmteAtlas:CondensWarmte;;;
C1000 Filialen BV;;0513-484220;31036508.0;HEERENVEEN;4711;Supermarkten en dergelijke winkels met een algemeen assortiment voedings- en genotmiddelen;EnergieEfficientie&Recycling;;CirculerendeHandel;35;0.559029;1.836596;64000;120.768;2.332974;82000;153000;74.256;n.a.;n.a.;n.a.;n.a.;n.a.;n.a.;n.a.;n.a.;n.a.;n.a.;n.a.;n.a.;False;False;False;n.a.;n.a.;WarmteAtlas:CondensWarmte;;;
Kooistra Supermarkt Stiens BV;;058-2334980;1050685.0;STIENS;4711;Supermarkten en dergelijke winkels met een algemeen assortiment voedings- en genotmiddelen;EnergieEfficientie&Recycling;;CirculerendeHandel;75;1.197919;3.935564;138000;260.406;4.99923;176000;328000;159.584;n.a.;n.a.;n.a.;n.a.;n.a.;n.a.;n.a.;n.a.;n.a.;n.a.;n.a.;n.a.;False;False;False;n.a.;n.a.;WarmteAtlas:CondensWarmte;;;
Supermarkt Schut BV;;0519-531254;1009272.0;SCHIERMONNIKOOG;4711;Supermarkten en dergelijke winkels met een algemeen assortiment voedings- en genotmiddelen;EnergieEfficientie&Recycling;;CirculerendeHandel;15;0.239584;0.787113;28000;52.836;0.999846;35000;66000;31.329;n.a.;n.a.;n.a.;n.a.;n.a.;n.a.;n.a.;n.a.;n.a.;n.a.;n.a.;n.a.;False;False;False;n.a.;n.a.;WarmteAtlas:CondensWarmte;;;
Fa. Wiegmans;;055-3681818;17152279.0;APELDOORN;4711;Supermarkten en dergelijke winkels met een algemeen assortiment voedings- en genotmiddelen;EnergieEfficientie&Recycling;;CirculerendeHandel;150;2.395838;7.871128;276000;520.812;9.99846;351000;657000;316.755;n.a.;n.a.;n.a.;n.a.;n.a.;n.a.;n.a.;n.a.;n.a.;n.a.;n.a.;n.a.;False;False;False;n.a.;n.a.;WarmteAtlas:CondensWarmte;;;
De Krim Supermarkt BV;;0222-316354;52874702.0;DE COCKSDORP;4711;Supermarkten en dergelijke winkels met een algemeen assortiment voedings- en genotmiddelen;EnergieEfficientie&Recycling;;CirculerendeHandel;15;0.239584;0.787113;28000;52.836;0.999846;35000;66000;31.329;n.a.;n.a.;n.a.;n.a.;n.a.;n.a.;n.a.;n.a.;n.a.;n.a.;n.a.;n.a.;False;False;False;n.a.;n.a.;WarmteAtlas:CondensWarmte;;;
Supermarkt Schelfhorst Almelo BV;;0546-480840;8102660.0;ALMELO;4711;Supermarkten en dergelijke winkels met een algemeen assortiment voedings- en genotmiddelen;EnergieEfficientie&Recycling;;CirculerendeHandel;75;1.197919;3.935564;138000;260.406;4.99923;176000;328000;159.584;n.a.;n.a.;n.a.;n.a.;n.a.;n.a.;n.a.;n.a.;n.a.;n.a.;n.a.;n.a.;False;False;False;n.a.;n.a.;WarmteAtlas:CondensWarmte;;;
Supermarkt Peperkamp BV;;0315-329834;10013720.0;SILVOLDE;4711;Supermarkten en dergelijke winkels met een algemeen assortiment voedings- en genotmiddelen;EnergieEfficientie&Recycling;;CirculerendeHandel;75;1.197919;3.935564;138000;260.406;4.99923;176000;328000;159.584;n.a.;n.a.;n.a.;n.a.;n.a.;n.a.;n.a.;n.a.;n.a.;n.a.;n.a.;n.a.;False;False;False;n.a.;n.a.;WarmteAtlas:CondensWarmte;;;
Jumbo Supermarkten BV;;038-3370390;16044409.0;KAMPEN;4711;Supermarkten en dergelijke winkels met een algemeen assortiment voedings- en genotmiddelen;EnergieEfficientie&Recycling;;CirculerendeHandel;35;0.559029;1.836596;64000;120.768;2.332974;82000;153000;74.256;n.a.;n.a.;n.a.;n.a.;n.a.;n.a.;n.a.;n.a.;n.a.;n.a.;n.a.;n.a.;False;False;False;n.a.;n.a.;WarmteAtlas:CondensWarmte;;;
Jumbo Supermarkten BV;;038-3396160;16044409.0;KAMPEN;4711;Supermarkten en dergelijke winkels met een algemeen assortiment voedings- en genotmiddelen;EnergieEfficientie&Recycling;;CirculerendeHandel;75;1.197919;3.935564;138000;260.406;4.99923;176000;328000;159.584;n.a.;n.a.;n.a.;n.a.;n.a.;n.a.;n.a.;n.a.;n.a.;n.a.;n.a.;n.a.;False;False;False;n.a.;n.a.;WarmteAtlas:CondensWarmte;;;
Patrick & Peter's Dagwinkel;;06-44524708;63393999.0;LEUSDEN;4711;Supermarkten en dergelijke winkels met een algemeen assortiment voedings- en genotmiddelen;EnergieEfficientie&Recycling;;CirculerendeHandel;15;0.239584;0.787113;28000;52.836;0.999846;35000;66000;31.329;n.a.;n.a.;n.a.;n.a.;n.a.;n.a.;n.a.;n.a.;n.a.;n.a.;n.a.;n.a.;False;False;False;n.a.;n.a.;WarmteAtlas:CondensWarmte;;;
Plus Markwat BV;;0314-641148;9129677.0;DOETINCHEM;4711;Supermarkten en dergelijke winkels met een algemeen assortiment voedings- en genotmiddelen;EnergieEfficientie&Recycling;;CirculerendeHandel;75;1.197919;3.935564;138000;260.406;4.99923;176000;328000;159.584;n.a.;n.a.;n.a.;n.a.;n.a.;n.a.;n.a.;n.a.;n.a.;n.a.;n.a.;n.a.;False;False;False;n.a.;n.a.;WarmteAtlas:CondensWarmte;;;
VOF Zweers Jordens;;026-3610801;9138576.0;ARNHEM;4711;Supermarkten en dergelijke winkels met een algemeen assortiment voedings- en genotmiddelen;EnergieEfficientie&Recycling;;CirculerendeHandel;15;0.239584;0.787113;28000;52.836;0.999846;35000;66000;31.329;n.a.;n.a.;n.a.;n.a.;n.a.;n.a.;n.a.;n.a.;n.a.;n.a.;n.a.;n.a.;False;False;False;n.a.;n.a.;WarmteAtlas:CondensWarmte;;;
VOF Oomen De Rooij Koopcentrum De Boerenschuur;;013-5906010;64545016.0;CHAAM;4711;Supermarkten en dergelijke winkels met een algemeen assortiment voedings- en genotmiddelen;EnergieEfficientie&Recycling;;CirculerendeHandel;75;1.197919;3.935564;138000;260.406;4.99923;176000;328000;159.584;n.a.;n.a.;n.a.;n.a.;n.a.;n.a.;n.a.;n.a.;n.a.;n.a.;n.a.;n.a.;False;False;False;n.a.;n.a.;WarmteAtlas:CondensWarmte;;;
Albert Heijn Enter;;0547-386510;63450585.0;ENTER;4711;Supermarkten en dergelijke winkels met een algemeen assortiment voedings- en genotmiddelen;EnergieEfficientie&Recycling;;CirculerendeHandel;75;1.197919;3.935564;138000;260.406;4.99923;176000;328000;159.584;n.a.;n.a.;n.a.;n.a.;n.a.;n.a.;n.a.;n.a.;n.a.;n.a.;n.a.;n.a.;False;False;False;n.a.;n.a.;WarmteAtlas:CondensWarmte;;;
Faxgids Nederland BV;www.faxgids.nl;0224-273060;37058205.0;SCHAGEN;6311;Gegevensverwerking, webhosting en aanverwante activiteiten;EnergieEfficientie&Recycling;Gemengd;Dienstverlenend;35;1.340534;27.564471;968000;1826.616;35.014329;1229000;2299000;1109.849;n.a.;n.a.;n.a.;n.a.;n.a.;n.a.;n.a.;n.a.;n.a.;n.a.;n.a.;n.a.;False;False;False;n.a.;n.a.;WarmteAtlas:CondensWarmte;;;
Traffic4U BV;www.traffic4u.nl;020-4626080;2071911.0;AMSTERDAM;6312;Webportals;EnergieEfficientie&Recycling;Gemengd;Dienstverlenend;35;1.340534;27.564471;968000;1826.616;35.014329;1229000;2299000;1109.849;n.a.;n.a.;n.a.;n.a.;n.a.;n.a.;n.a.;n.a.;n.a.;n.a.;n.a.;n.a.;False;False;False;n.a.;n.a.;WarmteAtlas:CondensWarmte;;;
Weblab.NL BV;;010-4977999;63217090.0;ROTTERDAM;6312;Webportals;EnergieEfficientie&Recycling;Gemengd;Dienstverlenend;15;0.574515;11.813345;415000;783.105;15.006141;527000;985000;476.339;n.a.;n.a.;n.a.;n.a.;n.a.;n.a.;n.a.;n.a.;n.a.;n.a.;n.a.;n.a.;False;False;False;n.a.;n.a.;WarmteAtlas:CondensWarmte;;;
