etm_area;gemeentecode;analysis_year;type;periode;etm_present_number;etm_typical_useful_demand_kWh_m2;etm_present_share_in_useful_demand
GM0482_alblasserdam;GM0482;2023;apartments;before_1945;42.0;88.74039118606795;0.00512
GM0482_alblasserdam;GM0482;2023;apartments;1945_1964;323.0;95.81801584293515;0.03169
GM0482_alblasserdam;GM0482;2023;apartments;1965_1984;1127.0;74.44254759937562;0.08674
GM0482_alblasserdam;GM0482;2023;apartments;1985_2004;683.0;56.836404295295544;0.04654
GM0482_alblasserdam;GM0482;2023;apartments;2005_present;465.0;42.82986903368299;0.02895
GM0482_alblasserdam;GM0482;2023;apartments;future;;65.0;
GM0482_alblasserdam;GM0482;2023;terraced_houses;before_1945;245.0;101.541325574241;0.03219
GM0482_alblasserdam;GM0482;2023;terraced_houses;1945_1964;1050.0;98.76804048536454;0.1308
GM0482_alblasserdam;GM0482;2023;terraced_houses;1965_1984;986.0;78.78134521485717;0.12728
GM0482_alblasserdam;GM0482;2023;terraced_houses;1985_2004;792.0;63.93087132906752;0.07914
GM0482_alblasserdam;GM0482;2023;terraced_houses;2005_present;324.0;48.08923926536404;0.03002
GM0482_alblasserdam;GM0482;2023;terraced_houses;future;;55.0;
GM0482_alblasserdam;GM0482;2023;semi_detached_houses;before_1945;332.0;114.36826497526437;0.05891
GM0482_alblasserdam;GM0482;2023;semi_detached_houses;1945_1964;567.0;117.3753233272906;0.09006
GM0482_alblasserdam;GM0482;2023;semi_detached_houses;1965_1984;357.0;93.3352210170924;0.0589
GM0482_alblasserdam;GM0482;2023;semi_detached_houses;1985_2004;410.0;75.43361455710516;0.05405
GM0482_alblasserdam;GM0482;2023;semi_detached_houses;2005_present;199.0;53.69206993112546;0.02444
GM0482_alblasserdam;GM0482;2023;semi_detached_houses;future;;55.0;
GM0482_alblasserdam;GM0482;2023;detached_houses;before_1945;154.0;95.19416403548108;0.03728
GM0482_alblasserdam;GM0482;2023;detached_houses;1945_1964;52.0;84.38661651361191;0.01333
GM0482_alblasserdam;GM0482;2023;detached_houses;1965_1984;51.0;92.21600874217484;0.01256
GM0482_alblasserdam;GM0482;2023;detached_houses;1985_2004;145.0;82.10949047146939;0.03051
GM0482_alblasserdam;GM0482;2023;detached_houses;2005_present;102.0;56.97567478147597;0.02149
GM0482_alblasserdam;GM0482;2023;detached_houses;future;;55.0;
GM0505_dordrecht;GM0505;2023;apartments;before_1945;3380.0;97.8768320322667;0.06393
GM0505_dordrecht;GM0505;2023;apartments;1945_1964;5556.0;99.850079190995;0.07917
GM0505_dordrecht;GM0505;2023;apartments;1965_1984;8566.0;85.16214442736299;0.11546
GM0505_dordrecht;GM0505;2023;apartments;1985_2004;4392.0;64.3730997836717;0.04959
GM0505_dordrecht;GM0505;2023;apartments;2005_present;2136.0;45.9836087365673;0.01825
GM0505_dordrecht;GM0505;2023;apartments;future;;65.0;
GM0505_dordrecht;GM0505;2023;terraced_houses;before_1945;6233.0;92.16915786364834;0.14151
GM0505_dordrecht;GM0505;2023;terraced_houses;1945_1964;2275.0;94.81561606756544;0.04454
GM0505_dordrecht;GM0505;2023;terraced_houses;1965_1984;6447.0;76.66639052925132;0.1231
GM0505_dordrecht;GM0505;2023;terraced_houses;1985_2004;4962.0;61.76348950038716;0.0789
GM0505_dordrecht;GM0505;2023;terraced_houses;2005_present;1326.0;49.08719329669725;0.01826
GM0505_dordrecht;GM0505;2023;terraced_houses;future;;55.0;
GM0505_dordrecht;GM0505;2023;semi_detached_houses;before_1945;2212.0;109.2801320884384;0.06344
GM0505_dordrecht;GM0505;2023;semi_detached_houses;1945_1964;1462.0;108.02737688865558;0.03635
GM0505_dordrecht;GM0505;2023;semi_detached_houses;1965_1984;2621.0;90.81233921395284;0.0631
GM0505_dordrecht;GM0505;2023;semi_detached_houses;1985_2004;1908.0;71.1201105673669;0.03799
GM0505_dordrecht;GM0505;2023;semi_detached_houses;2005_present;767.0;56.47502266791889;0.01431
GM0505_dordrecht;GM0505;2023;semi_detached_houses;future;;55.0;
GM0505_dordrecht;GM0505;2023;detached_houses;before_1945;463.0;98.36675672413128;0.01646
GM0505_dordrecht;GM0505;2023;detached_houses;1945_1964;145.0;101.93525671011088;0.00538
GM0505_dordrecht;GM0505;2023;detached_houses;1965_1984;160.0;89.24539501241081;0.00611
GM0505_dordrecht;GM0505;2023;detached_houses;1985_2004;359.0;82.99306776217642;0.01154
GM0505_dordrecht;GM0505;2023;detached_houses;2005_present;413.0;69.89403893680164;0.01261
GM0505_dordrecht;GM0505;2023;detached_houses;future;;55.0;
GM0523_hardinxveld_giessendam;GM0523;2023;apartments;before_1945;95.0;84.06812803714274;0.01359
GM0523_hardinxveld_giessendam;GM0523;2023;apartments;1945_1964;104.0;75.66046766695027;0.01075
GM0523_hardinxveld_giessendam;GM0523;2023;apartments;1965_1984;778.0;70.17002144753448;0.06182
GM0523_hardinxveld_giessendam;GM0523;2023;apartments;1985_2004;484.0;59.61002291867349;0.03582
GM0523_hardinxveld_giessendam;GM0523;2023;apartments;2005_present;358.0;47.578277995678846;0.02202
GM0523_hardinxveld_giessendam;GM0523;2023;apartments;future;;65.0;
GM0523_hardinxveld_giessendam;GM0523;2023;terraced_houses;before_1945;129.0;99.11473491662652;0.01752
GM0523_hardinxveld_giessendam;GM0523;2023;terraced_houses;1945_1964;331.0;91.5427598284171;0.0395
GM0523_hardinxveld_giessendam;GM0523;2023;terraced_houses;1965_1984;1039.0;73.65522588677095;0.13294
GM0523_hardinxveld_giessendam;GM0523;2023;terraced_houses;1985_2004;461.0;64.01043596661201;0.05372
GM0523_hardinxveld_giessendam;GM0523;2023;terraced_houses;2005_present;270.0;43.81761486521398;0.0211299999999999
GM0523_hardinxveld_giessendam;GM0523;2023;terraced_houses;future;;55.0;
GM0523_hardinxveld_giessendam;GM0523;2023;semi_detached_houses;before_1945;710.0;110.77139917578674;0.12386
GM0523_hardinxveld_giessendam;GM0523;2023;semi_detached_houses;1945_1964;462.0;108.7023676169129;0.06976
GM0523_hardinxveld_giessendam;GM0523;2023;semi_detached_houses;1965_1984;529.0;86.18484417997534;0.08157
GM0523_hardinxveld_giessendam;GM0523;2023;semi_detached_houses;1985_2004;362.0;71.3592751666398;0.05224
GM0523_hardinxveld_giessendam;GM0523;2023;semi_detached_houses;2005_present;245.0;50.7521354917476;0.02612
GM0523_hardinxveld_giessendam;GM0523;2023;semi_detached_houses;future;;55.0;
GM0523_hardinxveld_giessendam;GM0523;2023;detached_houses;before_1945;505.0;101.7943990934684;0.10594
GM0523_hardinxveld_giessendam;GM0523;2023;detached_houses;1945_1964;89.0;101.6535689898568;0.01955
GM0523_hardinxveld_giessendam;GM0523;2023;detached_houses;1965_1984;147.0;82.34515851706298;0.03457
GM0523_hardinxveld_giessendam;GM0523;2023;detached_houses;1985_2004;282.0;73.32245718557984;0.05701
GM0523_hardinxveld_giessendam;GM0523;2023;detached_houses;2005_present;128.0;57.91509392674668;0.02057
GM0523_hardinxveld_giessendam;GM0523;2023;detached_houses;future;;55.0;
GM0531_hendrik_ido_ambacht;GM0531;2023;apartments;before_1945;5.0;73.95061657332504;0.00049
GM0531_hendrik_ido_ambacht;GM0531;2023;apartments;1945_1964;229.0;88.4083133712583;0.01629
GM0531_hendrik_ido_ambacht;GM0531;2023;apartments;1965_1984;1040.0;75.03742437743098;0.0561
GM0531_hendrik_ido_ambacht;GM0531;2023;apartments;1985_2004;540.0;60.309645910429566;0.02838
GM0531_hendrik_ido_ambacht;GM0531;2023;apartments;2005_present;1021.0;48.690224730464735;0.04731
GM0531_hendrik_ido_ambacht;GM0531;2023;apartments;future;;65.0;
GM0531_hendrik_ido_ambacht;GM0531;2023;terraced_houses;before_1945;78.0;100.67083011049245;0.00704
GM0531_hendrik_ido_ambacht;GM0531;2023;terraced_houses;1945_1964;1068.0;91.04469612486662;0.09268
GM0531_hendrik_ido_ambacht;GM0531;2023;terraced_houses;1965_1984;1760.0;72.8160989038727;0.15534
GM0531_hendrik_ido_ambacht;GM0531;2023;terraced_houses;1985_2004;1335.0;60.69577384117015;0.09522
GM0531_hendrik_ido_ambacht;GM0531;2023;terraced_houses;2005_present;1583.0;48.924788450863005;0.09418
GM0531_hendrik_ido_ambacht;GM0531;2023;terraced_houses;future;;55.0;
GM0531_hendrik_ido_ambacht;GM0531;2023;semi_detached_houses;before_1945;237.0;114.74221089299292;0.02801
GM0531_hendrik_ido_ambacht;GM0531;2023;semi_detached_houses;1945_1964;519.0;102.95110076256552;0.05417
GM0531_hendrik_ido_ambacht;GM0531;2023;semi_detached_houses;1965_1984;817.0;85.09579174303771;0.09011
GM0531_hendrik_ido_ambacht;GM0531;2023;semi_detached_houses;1985_2004;600.0;69.72795892124549;0.0571
GM0531_hendrik_ido_ambacht;GM0531;2023;semi_detached_houses;2005_present;677.0;54.939911351314834;0.05372
GM0531_hendrik_ido_ambacht;GM0531;2023;semi_detached_houses;future;;55.0;
GM0531_hendrik_ido_ambacht;GM0531;2023;detached_houses;before_1945;177.0;99.24630829827704;0.02809
GM0531_hendrik_ido_ambacht;GM0531;2023;detached_houses;1945_1964;55.0;93.7767656705824;0.00928
GM0531_hendrik_ido_ambacht;GM0531;2023;detached_houses;1965_1984;134.0;86.25980151856379;0.02364
GM0531_hendrik_ido_ambacht;GM0531;2023;detached_houses;1985_2004;198.0;72.94388685234874;0.02889
GM0531_hendrik_ido_ambacht;GM0531;2023;detached_houses;2005_present;257.0;58.06279207541211;0.03396
GM0531_hendrik_ido_ambacht;GM0531;2023;detached_houses;future;;55.0;
GM0590_papendrecht;GM0590;2023;apartments;before_1945;14.0;89.08953255907447;0.00119
GM0590_papendrecht;GM0590;2023;apartments;1945_1964;466.0;84.93964644587382;0.02613
GM0590_papendrecht;GM0590;2023;apartments;1965_1984;2218.0;81.95149810251704;0.11933
GM0590_papendrecht;GM0590;2023;apartments;1985_2004;1214.0;66.21907372485343;0.05321
GM0590_papendrecht;GM0590;2023;apartments;2005_present;920.0;49.49815108327904;0.03858
GM0590_papendrecht;GM0590;2023;apartments;future;;65.0;
GM0590_papendrecht;GM0590;2023;terraced_houses;before_1945;112.0;92.65080013266092;0.00859
GM0590_papendrecht;GM0590;2023;terraced_houses;1945_1964;1112.0;88.87137783366484;0.07896
GM0590_papendrecht;GM0590;2023;terraced_houses;1965_1984;2918.0;74.1346218857747;0.22074
GM0590_papendrecht;GM0590;2023;terraced_houses;1985_2004;1809.0;62.22935032140884;0.11882
GM0590_papendrecht;GM0590;2023;terraced_houses;2005_present;397.0;47.201594102541115;0.02173
GM0590_papendrecht;GM0590;2023;terraced_houses;future;;55.0;
GM0590_papendrecht;GM0590;2023;semi_detached_houses;before_1945;204.0;97.5591572368885;0.02164
GM0590_papendrecht;GM0590;2023;semi_detached_houses;1945_1964;496.0;104.3840492294696;0.04378
GM0590_papendrecht;GM0590;2023;semi_detached_houses;1965_1984;1125.0;85.81096222959587;0.10395
GM0590_papendrecht;GM0590;2023;semi_detached_houses;1985_2004;857.0;67.70091882523718;0.07201
GM0590_papendrecht;GM0590;2023;semi_detached_houses;2005_present;117.0;50.820550651654926;0.00803
GM0590_papendrecht;GM0590;2023;semi_detached_houses;future;;55.0;
GM0590_papendrecht;GM0590;2023;detached_houses;before_1945;134.0;87.70645347461652;0.01837
GM0590_papendrecht;GM0590;2023;detached_houses;1945_1964;34.0;99.71413576816364;0.0045
GM0590_papendrecht;GM0590;2023;detached_houses;1965_1984;64.0;78.1320872158556;0.00917
GM0590_papendrecht;GM0590;2023;detached_houses;1985_2004;201.0;73.56979114063134;0.02467
GM0590_papendrecht;GM0590;2023;detached_houses;2005_present;62.0;57.41824151460361;0.0066
GM0590_papendrecht;GM0590;2023;detached_houses;future;;55.0;
GM0610_sliedrecht;GM0610;2023;apartments;before_1945;56.0;76.21254725511068;0.0061
GM0610_sliedrecht;GM0610;2023;apartments;1945_1964;577.0;91.22110402487152;0.04253
GM0610_sliedrecht;GM0610;2023;apartments;1965_1984;1783.0;84.60875845227334;0.11337
GM0610_sliedrecht;GM0610;2023;apartments;1985_2004;666.0;63.45062453311002;0.03989
GM0610_sliedrecht;GM0610;2023;apartments;2005_present;1135.0;47.704629295576574;0.05386
GM0610_sliedrecht;GM0610;2023;apartments;future;;65.0;
GM0610_sliedrecht;GM0610;2023;terraced_houses;before_1945;522.0;96.7824700517173;0.0519
GM0610_sliedrecht;GM0610;2023;terraced_houses;1945_1964;523.0;90.95157867108917;0.04986
GM0610_sliedrecht;GM0610;2023;terraced_houses;1965_1984;1340.0;75.0504794258381;0.1283
GM0610_sliedrecht;GM0610;2023;terraced_houses;1985_2004;796.0;65.24068297215862;0.06759
GM0610_sliedrecht;GM0610;2023;terraced_houses;2005_present;530.0;44.647839530573414;0.03247
GM0610_sliedrecht;GM0610;2023;terraced_houses;future;;55.0;
GM0610_sliedrecht;GM0610;2023;semi_detached_houses;before_1945;933.0;104.50630577460004;0.12741
GM0610_sliedrecht;GM0610;2023;semi_detached_houses;1945_1964;293.0;100.04873896632829;0.03503
GM0610_sliedrecht;GM0610;2023;semi_detached_houses;1965_1984;591.0;87.54369694662762;0.07077
GM0610_sliedrecht;GM0610;2023;semi_detached_houses;1985_2004;488.0;70.36330144139731;0.05415
GM0610_sliedrecht;GM0610;2023;semi_detached_houses;2005_present;235.0;50.76667456079747;0.02306
GM0610_sliedrecht;GM0610;2023;semi_detached_houses;future;;55.0;
GM0610_sliedrecht;GM0610;2023;detached_houses;before_1945;298.0;94.35186789131708;0.05223
GM0610_sliedrecht;GM0610;2023;detached_houses;1945_1964;62.0;94.99633111844044;0.01121
GM0610_sliedrecht;GM0610;2023;detached_houses;1965_1984;54.0;79.16317327262011;0.01131
GM0610_sliedrecht;GM0610;2023;detached_houses;1985_2004;154.0;73.9692526596561;0.02358
GM0610_sliedrecht;GM0610;2023;detached_houses;2005_present;42.0;60.568115168835384;0.00538
GM0610_sliedrecht;GM0610;2023;detached_houses;future;;55.0;
GM0642_zwijndrecht;GM0642;2023;apartments;before_1945;72.0;94.1153098767527;0.00331
GM0642_zwijndrecht;GM0642;2023;apartments;1945_1964;2041.0;99.4639299127648;0.08039
GM0642_zwijndrecht;GM0642;2023;apartments;1965_1984;3730.0;76.0060460411625;0.13277
GM0642_zwijndrecht;GM0642;2023;apartments;1985_2004;1382.0;63.76794645941246;0.04235
GM0642_zwijndrecht;GM0642;2023;apartments;2005_present;928.0;48.84338155562492;0.02467
GM0642_zwijndrecht;GM0642;2023;apartments;future;;65.0;
GM0642_zwijndrecht;GM0642;2023;terraced_houses;before_1945;623.0;94.00230318409238;0.03334
GM0642_zwijndrecht;GM0642;2023;terraced_houses;1945_1964;1955.0;90.435301631383;0.09853
GM0642_zwijndrecht;GM0642;2023;terraced_houses;1965_1984;3340.0;75.70378784359526;0.17365
GM0642_zwijndrecht;GM0642;2023;terraced_houses;1985_2004;1618.0;63.549006912009354;0.07299
GM0642_zwijndrecht;GM0642;2023;terraced_houses;2005_present;212.0;48.139802743178755;0.00763
GM0642_zwijndrecht;GM0642;2023;terraced_houses;future;;55.0;
GM0642_zwijndrecht;GM0642;2023;semi_detached_houses;before_1945;587.0;113.59779877921596;0.04194
GM0642_zwijndrecht;GM0642;2023;semi_detached_houses;1945_1964;1126.0;103.74936265871708;0.07325
GM0642_zwijndrecht;GM0642;2023;semi_detached_houses;1965_1984;1552.0;88.31189199197983;0.10167
GM0642_zwijndrecht;GM0642;2023;semi_detached_houses;1985_2004;788.0;72.6332308219689;0.04513
GM0642_zwijndrecht;GM0642;2023;semi_detached_houses;2005_present;89.0;55.23308470903924;0.00399
GM0642_zwijndrecht;GM0642;2023;semi_detached_houses;future;;55.0;
GM0642_zwijndrecht;GM0642;2023;detached_houses;before_1945;184.0;91.0690766497577;0.01722
GM0642_zwijndrecht;GM0642;2023;detached_houses;1945_1964;97.0;89.96027199480586;0.00954
GM0642_zwijndrecht;GM0642;2023;detached_houses;1965_1984;205.0;81.31016861408096;0.02098
GM0642_zwijndrecht;GM0642;2023;detached_houses;1985_2004;145.0;70.10837442156779;0.01295
GM0642_zwijndrecht;GM0642;2023;detached_houses;2005_present;43.0;58.77360273646338;0.0037
GM0642_zwijndrecht;GM0642;2023;detached_houses;future;;55.0;
ES18_drechtsteden;ES18_drechtsteden;2023;apartments;before_1945;3664.0;96.94281451;0.02970693
ES18_drechtsteden;ES18_drechtsteden;2023;apartments;1945_1964;9296.0;97.78967133;0.05740073
ES18_drechtsteden;ES18_drechtsteden;2023;apartments;1965_1984;19242.0;81.18466216;0.10790347
ES18_drechtsteden;ES18_drechtsteden;2023;apartments;1985_2004;9361.0;63.42695777;0.04501891
ES18_drechtsteden;ES18_drechtsteden;2023;apartments;2005_present;6963.0;47.37790201;0.02821428
ES18_drechtsteden;ES18_drechtsteden;2023;apartments;future;;65.0;
ES18_drechtsteden;ES18_drechtsteden;2023;terraced_houses;before_1945;7942.0;93.10839652;0.07500437
ES18_drechtsteden;ES18_drechtsteden;2023;terraced_houses;1945_1964;8314.0;92.63194858;0.0672304
ES18_drechtsteden;ES18_drechtsteden;2023;terraced_houses;1965_1984;17830.0;75.51171399;0.1463135
ES18_drechtsteden;ES18_drechtsteden;2023;terraced_houses;1985_2004;11773.0;62.42827874;0.08154217
ES18_drechtsteden;ES18_drechtsteden;2023;terraced_houses;2005_present;4642.0;47.94425979;0.02627189
ES18_drechtsteden;ES18_drechtsteden;2023;terraced_houses;future;;55.0;
ES18_drechtsteden;ES18_drechtsteden;2023;semi_detached_houses;before_1945;5215.0;109.22873879;0.06065352
ES18_drechtsteden;ES18_drechtsteden;2023;semi_detached_houses;1945_1964;4925.0;106.81228422;0.05000679
ES18_drechtsteden;ES18_drechtsteden;2023;semi_detached_houses;1965_1984;7592.0;88.4866403;0.07777188
ES18_drechtsteden;ES18_drechtsteden;2023;semi_detached_houses;1985_2004;5413.0;70.9192223;0.04794396
ES18_drechtsteden;ES18_drechtsteden;2023;semi_detached_houses;2005_present;2329.0;54.28148346;0.0177789
ES18_drechtsteden;ES18_drechtsteden;2023;semi_detached_houses;future;;55.0;
ES18_drechtsteden;ES18_drechtsteden;2023;detached_houses;before_1945;1915.0;97.02491344;0.02743407
ES18_drechtsteden;ES18_drechtsteden;2023;detached_houses;1945_1964;534.0;96.21686435;0.00813783
ES18_drechtsteden;ES18_drechtsteden;2023;detached_houses;1965_1984;815.0;84.15911762;0.01297129
ES18_drechtsteden;ES18_drechtsteden;2023;detached_houses;1985_2004;1484.0;76.25654797;0.01973219
ES18_drechtsteden;ES18_drechtsteden;2023;detached_houses;2005_present;1047.0;62.69730967;0.01296292
ES18_drechtsteden;ES18_drechtsteden;2023;detached_houses;future;;55.0;
