Referentie;Aanvrager;SDE_ronde;Categorie;Cat_Soort;Cat_SubSrt;Cat_narrat;Status;Realisatie;Instal_Jr;Ingebruikn;E_drager_s;E_bron;Glas;V_MW;E_MWhpa;Eenh_verm;Vollast;Budget;Looptijd;Plaats;Gemeente;Provincie;RES_regio;Zon_PV;SBI_2dig;Klim_tafel;buurtcode_2023;gemeentecode_2023;pc4_code_2023;pc6_code_2023;buurtcode_2024;gemeentecode_2024;pc4_code_2024;pc6_code_2024;buurtcode_2025;gemeentecode_2025;pc4_code_2025;pc6_code_2025;buurtcode_gewijzigd;gemeentecode_gewijzigd;pc4_gewijzigd;lat;lon;meta_source_layer;meta_source_wfs_url;meta_retrieved_at;meta_source_last_modified
SDE2020697;USG Operations V.O.F.;2020 II;CO2-arme warmte;CO2armEnergieGebruik;CO2armeWarmte;Elektrische boiler;Nog te realiseren;Nee;n.a.;01-03-2021;warmte;elektriciteit;;21.186;42372.0;MWh;2000;30507840.0;15;GELEEN;SITTARD-GELEEN;LIMBURG;ZUID-LIMBURG;Nvt;35;ELEK;BU18830501;GM1883;6161.0;6161RB;BU18830501;GM1883;6161.0;6161RB;BU18830501;GM1883;6161.0;6161RB;False;False;False;50.961152089187074;5.806423431009049;WarmteAtlas:SDE_CO2arm;https://www.warmteatlas.nl/geoserver/WarmteAtlas/wfs;2026-06-24T11:54:51;
SDE2029233;Plukon Goor B.V.;2020 II;CO2-arme warmte;CO2armEnergieGebruik;CO2armeWarmte;Industriele warmtepomp;Nog te realiseren;Nee;n.a.;01-03-2021;warmte;industriële warmte;;0.65;3900.0;MWh;6000;664560.0;12;GOOR;HOF VAN TWENTE;OVERIJSSEL;TWENTE;Nvt;10;IND;BU17350007;GM1735;7471.0;7471ST;BU17350007;GM1735;7471.0;7471ST;BU17350007;GM1735;7471.0;7471ST;False;False;False;52.24761530389706;6.588503577930773;WarmteAtlas:SDE_CO2arm;https://www.warmteatlas.nl/geoserver/WarmteAtlas/wfs;2026-06-24T11:54:51;
SDE2112077;Polderwarmte R&S B.V.;2021;CO2-arme warmte;CO2armEnergieGebruik;CO2armeWarmte;Restwarmte;Nog te realiseren;Nee;n.a.;;warmte;restwarmte;;5.79;34740.0;MWh;6000;12819060.0;15;SCHIPHOL-RIJK;HAARLEMMERMEER;NOORD-HOLLAND;NOORD-HOLLANDZUID;Nvt;35;ELEK;BU03940674;GM0394;1119.0;1119PA;BU03940674;GM0394;1119.0;1119PA;BU03940674;GM0394;1119.0;1119PA;False;False;False;52.281043997960694;4.754756080117076;WarmteAtlas:SDE_CO2arm;https://www.warmteatlas.nl/geoserver/WarmteAtlas/wfs;2026-06-24T11:54:51;
SDE2029711;Warmtenet Noordwest B.V.;2020 II;CO2-arme warmte;CO2armEnergieGebruik;CO2armeWarmte;Restwarmte;Nog te realiseren;Nee;n.a.;01-03-2021;warmte;restwarmte;;12.47;71108.0;MWh;5702;23358978.0;15;GRONINGEN;GRONINGEN;GRONINGEN;GRONINGEN;Nvt;35;ELEK;BU00141003;GM0014;9747.0;9747AA;BU00141003;GM0014;9747.0;9747AA;BU00141003;GM0014;9747.0;9747AA;False;False;False;53.24656342331258;6.531018561206826;WarmteAtlas:SDE_CO2arm;https://www.warmteatlas.nl/geoserver/WarmteAtlas/wfs;2026-06-24T11:54:51;
SDE2114412;N.V. HVC;2021;CO2-arme warmte;CO2armEnergieGebruik;CO2armeWarmte;Aquathermie;Nog te realiseren;Nee;n.a.;;warmte;drink- of afvalwater;;3.0;18000.0;MWh;6000;14661000.0;15;GORINCHEM;GORINCHEM;ZUID-HOLLAND;ALBLASSERWAARD;Nvt;38;IND;BU05120700;GM0512;4203.0;4203NB;BU05120700;GM0512;4203.0;4203NB;BU05120700;GM0512;4203.0;4203NB;False;False;False;51.831699225672786;4.962995416902357;WarmteAtlas:SDE_CO2arm;https://www.warmteatlas.nl/geoserver/WarmteAtlas/wfs;2026-06-24T11:54:51;
SDE2110240;Vopak Terminal Vlaardingen B.V.;2021;CO2-arme warmte;CO2armEnergieGebruik;CO2armeWarmte;Elektrische boiler;Nog te realiseren;Nee;n.a.;;warmte;elektriciteit;;10.0;30000.0;MWh;3000;16065000.0;15;VLAARDINGEN;VLAARDINGEN;ZUID-HOLLAND;ROTTERDAM/DENHAAG;Nvt;52;GO;BU06220403;GM0622;3134.0;3134KH;BU06220403;GM0622;3134.0;3134KH;BU06220403;GM0622;3134.0;3134KH;False;False;False;51.90284795236589;4.358751035162314;WarmteAtlas:SDE_CO2arm;https://www.warmteatlas.nl/geoserver/WarmteAtlas/wfs;2026-06-24T11:54:51;
SDE2111637;Grubbenvorst Biomassa B.V.;2021;CO2-arme productie;CO2armEnergieGebruik;CO2armeProductie;CO2-afvang en -opslag;Nog te realiseren;Nee;n.a.;;CCS;co2;;5.5;22000.0;TON;4000;9240726.0;15;GRUBBENVORST;HORST AAN DE MAAS;LIMBURG;NOORD-ENMIDDEN-LIMBURG;Nvt;38;IND;BU15070809;GM1507;5971.0;5971NJ;BU15070809;GM1507;5971.0;5971NJ;BU15070809;GM1507;5971.0;5971NJ;False;False;False;51.42483307596912;6.093680345315589;WarmteAtlas:SDE_CO2arm;https://www.warmteatlas.nl/geoserver/WarmteAtlas/wfs;2026-06-24T11:54:51;
SDE2113064;Prezero Energy Roosendaal B.V.;2021;CO2-arme warmte;CO2armEnergieGebruik;CO2armeWarmte;Restwarmte;Nog te realiseren;Nee;n.a.;;warmte;restwarmte;;58.6;351600.0;MWh;6000;80164800.0;15;ROOSENDAAL;ROOSENDAAL;NOORD-BRABANT;WEST-BRABANT;Nvt;38;IND;BU16740309;GM1674;4703.0;4703RK;BU16740309;GM1674;4703.0;4703RK;BU16740309;GM1674;4703.0;4703RK;False;False;False;51.5488536590225;4.441579222849639;WarmteAtlas:SDE_CO2arm;https://www.warmteatlas.nl/geoserver/WarmteAtlas/wfs;2026-06-24T11:54:51;
SDE2113507;Ausnutria Operations B.V.;2021;CO2-arme warmte;CO2armEnergieGebruik;CO2armeWarmte;Industriele warmtepomp;Nog te realiseren;Nee;n.a.;;warmte;industriële warmte;;7.0;49000.0;MWh;7000;9819600.0;12;HEERENVEEN;HEERENVEEN;FRIESLAND;FRIESLAND;Nvt;64;GO;BU00740108;GM0074;8448.0;8448CW;BU00740108;GM0074;8448.0;8448CW;BU00740108;GM0074;8448.0;8448CW;False;False;False;52.97967327833343;5.940330673248034;WarmteAtlas:SDE_CO2arm;https://www.warmteatlas.nl/geoserver/WarmteAtlas/wfs;2026-06-24T11:54:51;
SDE2114896;Groenleven;2021;Waterstof;CO2armEnergieGebruik;waterstof;Waterstof;Nog te realiseren;Nee;n.a.;;elektriciteit;elektriciteit;;0.955;2865.0;MWh;3000;1147433.0;15;OOSTERWOLDE FR;OOSTSTELLINGWERF;FRIESLAND;FRIESLAND;Nvt;46;GO;BU00851118;GM0085;8431.0;8431LL;BU00851118;GM0085;8431.0;8431LL;BU00851118;GM0085;8431.0;8431LL;False;False;False;53.00308328909155;6.306769547766249;WarmteAtlas:SDE_CO2arm;https://www.warmteatlas.nl/geoserver/WarmteAtlas/wfs;2026-06-24T11:54:51;
SDE2110331;Twence B.V.;2021;CO2-arme productie;CO2armEnergieGebruik;CO2armeProductie;CO2-afvang en -opslag;Nog te realiseren;Nee;n.a.;;CCS;co2;;12.5;50000.0;TON;4000;49072725.0;15;HENGELO OV;HENGELO;OVERIJSSEL;REGIO TWENTE;Nvt;38;IND;BU01640600;GM0164;7554.0;7554TA;BU01640600;GM0164;7554.0;7554TA;BU01640600;GM0164;7554.0;7554TA;False;False;False;52.23759361392649;6.786973899216731;WarmteAtlas:SDE_CO2arm;https://www.warmteatlas.nl/geoserver/WarmteAtlas/wfs;2026-06-24T11:54:51;
SDE2021114;DSM Engineering Plastics (Emmen) B.V.;2020 II;CO2-arme warmte;CO2armEnergieGebruik;CO2armeWarmte;Industriele warmtepomp;Gerealiseerd;Ja;2022.0;01-06-2022;warmte;industriële warmte;;0.7006;5604.8;MWh;8000;1479668.0;12;EMMEN;EMMEN;DRENTHE;DRENTHE;Nvt;20;IND;BU01144000;GM0114;7811.0;7811EA;BU01144000;GM0114;7811.0;7811EA;BU01144000;GM0114;7811.0;7811EA;False;False;False;52.78370460075939;6.896267427617749;WarmteAtlas:SDE_CO2arm;https://www.warmteatlas.nl/geoserver/WarmteAtlas/wfs;2026-06-24T11:54:51;
SDE2114534;ESCOM.Nu B.V.;2021;CO2-arme warmte;CO2armEnergieGebruik;CO2armeWarmte;Restwarmte;Nog te realiseren;Nee;n.a.;;elektriciteit;zon;;3.75;12500.0;MWh;3333;3131250.0;15;AMSTERDAM;AMSTERDAM;NOORD-HOLLAND;NOORD-HOLLANDZUID;Nvt;62;GO;BU0363AF03;GM0363;1011.0;1011BP;BU0363AF03;GM0363;1011.0;1011BP;BU0363AF03;GM0363;1011.0;1011BP;False;False;False;52.372558386725764;4.905704202210106;WarmteAtlas:SDE_CO2arm;https://www.warmteatlas.nl/geoserver/WarmteAtlas/wfs;2026-06-24T11:54:51;
SDE2114963;Prezero Energy Roosendaal B.V.;2021;CO2-arme productie;CO2armEnergieGebruik;CO2armeProductie;CO2-afvang en -opslag;Nog te realiseren;Nee;n.a.;;CCS;co2;;21.3;85200.0;TON;4000;205155679.0;15;ROOSENDAAL;ROOSENDAAL;NOORD-BRABANT;WEST-BRABANT;Nvt;38;IND;BU16740309;GM1674;4703.0;4703RK;BU16740309;GM1674;4703.0;4703RK;BU16740309;GM1674;4703.0;4703RK;False;False;False;51.5488536590225;4.441579222849639;WarmteAtlas:SDE_CO2arm;https://www.warmteatlas.nl/geoserver/WarmteAtlas/wfs;2026-06-24T11:54:51;
SDE2110894;Zuivelcoöperatie Deltamilk BA;2021;CO2-arme warmte;CO2armEnergieGebruik;CO2armeWarmte;Industriele warmtepomp;Nog te realiseren;Nee;n.a.;;warmte;industriële warmte;;3.384;16920.0;MWh;5000;3390768.0;12;BLESKENSGRAAF CA;MOLENLANDEN;ZUID-HOLLAND;ALBLASSERWAARD;Nvt;94;GO;BU19780204;GM1978;2971.0;2971AD;BU19780204;GM1978;2971.0;2971VK;BU19780204;GM1978;2971.0;2971VK;False;False;False;51.8697523393456;4.7776964903618175;WarmteAtlas:SDE_CO2arm;https://www.warmteatlas.nl/geoserver/WarmteAtlas/wfs;2026-06-24T11:54:51;
SDE2029475;Grozette B.V.;2020 II;CO2-arme warmte;CO2armEnergieGebruik;CO2armeWarmte;Industriele warmtepomp;Gerealiseerd;Ja;2021.0;01-12-2021;warmte;industriële warmte;;1.035;5175.0;MWh;5000;881820.0;12;WOERDEN;WOERDEN;UTRECHT;U16;Nvt;10;IND;BU06320103;GM0632;3442.0;3442AA;BU06320103;GM0632;3442.0;3442AA;BU06320103;GM0632;3442.0;3442AA;False;False;False;52.07825835935499;4.880238524988932;WarmteAtlas:SDE_CO2arm;https://www.warmteatlas.nl/geoserver/WarmteAtlas/wfs;2026-06-24T11:54:51;
SDE2111342;Vastgoed Wâlterswâld B.V.;2021;CO2-arme warmte;CO2armEnergieGebruik;CO2armeWarmte;Industriele warmtepomp;Nog te realiseren;Nee;n.a.;;warmte;industriële warmte;;4.9752;39801.6;MWh;8000;7976241.0;12;WALTERSWALD;DANTUMADIEL;FRIESLAND;FRIESLAND;Nvt;70;GO;BU18910109;GM1891;9113.0;9113AV;BU18910109;GM1891;9113.0;9113AV;BU18910109;GM1891;9113.0;9113AV;False;False;False;53.2814069511521;6.0308147530973715;WarmteAtlas:SDE_CO2arm;https://www.warmteatlas.nl/geoserver/WarmteAtlas/wfs;2026-06-24T11:54:51;
SDE2112802;B.V. Landgoed De Princepeel;2021;CO2-arme productie;CO2armEnergieGebruik;CO2armeProductie;CO2-afvang en -opslag;Nog te realiseren;Nee;n.a.;;CCS;co2;;2.0;8000.0;TON;4000;11097972.0;15;WILBERTOORD;LAND VAN CUIJK;NOORD-BRABANT;NOORDOOST-BRABANT;Nvt;1;LAND;BU19821603;GM1982;5455.0;5455RK;BU19821603;GM1982;5455.0;5455RK;BU19821603;GM1982;5455.0;5455RK;False;False;False;51.662508877550266;5.745883269955198;WarmteAtlas:SDE_CO2arm;https://www.warmteatlas.nl/geoserver/WarmteAtlas/wfs;2026-06-24T11:54:51;
SDE2112366;Frieslandcampina Nederland B.V.;2021;CO2-arme warmte;CO2armEnergieGebruik;CO2armeWarmte;Industriele warmtepomp;Nog te realiseren;Nee;n.a.;;warmte;industriële warmte;;0.989;7008.0;MWh;7086;1892160.0;12;BEDUM;HET HOGELAND;GRONINGEN;GRONINGEN;Nvt;77;GO;BU19660809;GM1966;9781.0;9781EL;BU19660809;GM1966;9781.0;9781EL;BU19660809;GM1966;9781.0;9781EL;False;False;False;53.31133627265257;6.598772919239219;WarmteAtlas:SDE_CO2arm;https://www.warmteatlas.nl/geoserver/WarmteAtlas/wfs;2026-06-24T11:54:51;
SDE2110043;Pergen V.O.F.;2021;CO2-arme warmte;CO2armEnergieGebruik;CO2armeWarmte;Elektrische boiler;Nog te realiseren;Nee;n.a.;;warmte;elektriciteit;;56.77;170310.0;MWh;3000;69997410.0;15;VONDELINGENPLAAT RT;ROTTERDAM;ZUID-HOLLAND;ROTTERDAM/DENHAAG;Nvt;35;ELEK;BU05992295;GM0599;3196.0;3196KK;BU05992295;GM0599;3196.0;3196KK;BU05992295;GM0599;3196.0;3196KK;False;False;False;51.88461078225806;4.331361236140584;WarmteAtlas:SDE_CO2arm;https://www.warmteatlas.nl/geoserver/WarmteAtlas/wfs;2026-06-24T11:54:51;
SDE2111976;AVR-Afvalverwerking (Locatie Duiven);2021;CO2-arme productie;CO2armEnergieGebruik;CO2armeProductie;CO2-afvang en -opslag;Nog te realiseren;Nee;n.a.;;CCS;co2;;15.0;60000.0;TON;4000;98514270.0;15;DUIVEN;DUIVEN;GELDERLAND;ARNHEM/NIJMEGEN;Nvt;38;IND;BU02260101;GM0226;6921.0;6921RG;BU02260101;GM0226;6921.0;6921RG;BU02260101;GM0226;6921.0;6921RG;False;False;False;51.97172474871746;6.000023610398218;WarmteAtlas:SDE_CO2arm;https://www.warmteatlas.nl/geoserver/WarmteAtlas/wfs;2026-06-24T11:54:51;
SDE2214267;Geothermie Plukmade B.V.;2022;CO2-arme warmte;CO2armEnergieGebruik;CO2armeWarmte;Geothermische energie;Nog te realiseren;Nee;n.a.;;warmte;aardwarmte;Nee;16.703;100218.0;MWh;6000;130333509.0;15;DRIMMELEN;DRIMMELEN;NOORD-BRABANT;WEST-BRABANT;Nvt;71;GO;BU17190101;GM1719;4924.0;4924AA;BU17190101;GM1719;4924.0;4924AA;BU17190101;GM1719;4924.0;4924AA;False;False;False;51.72983612478341;4.791536573611292;WarmteAtlas:SDE_CO2arm;https://www.warmteatlas.nl/geoserver/WarmteAtlas/wfs;2026-06-24T11:54:51;
SDE2020264;ECW Geomanagement B.V.;2020 II;CO2-arme warmte;CO2armEnergieGebruik;CO2armeWarmte;Elektrische boiler;Nog te realiseren;Nee;n.a.;01-03-2021;warmte;elektriciteit;;19.96;39920.0;MWh;2000;28742400.0;15;MIDDENMEER;HOLLANDS KROON;NOORD-HOLLAND;NOORD-HOLLANDNOORD;Nvt;71;GO;BU19111090;GM1911;1775.0;1775PP;BU19111090;GM1911;1775.0;1775PP;BU19111090;GM1911;1775.0;1775PP;False;False;False;52.7892499816335;4.994332734475387;WarmteAtlas:SDE_CO2arm;https://www.warmteatlas.nl/geoserver/WarmteAtlas/wfs;2026-06-24T11:54:51;
SDE2215015;Eerste Traais Warmtebedrijf B.V.;2022;CO2-arme warmte;CO2armEnergieGebruik;CO2armeWarmte;Aquathermie;Nog te realiseren;Nee;n.a.;;warmte;oppervlaktewater;;2.6;11300.0;MWh;4346;6051150.0;15;TERHEIJDEN;DRIMMELEN;NOORD-BRABANT;WEST-BRABANT;Nvt;35;ELEK;BU17190309;GM1719;4844.0;4844AR;BU17190309;GM1719;4844.0;4844AR;BU17190309;GM1719;4844.0;4844AR;False;False;False;51.644489028114705;4.748022132800335;WarmteAtlas:SDE_CO2arm;https://www.warmteatlas.nl/geoserver/WarmteAtlas/wfs;2026-06-24T11:54:51;
SDE2215897;Hogeslag-Olst Holding B.V.;2022;CO2-arme warmte;CO2armEnergieGebruik;CO2armeWarmte;Industriele warmtepomp;Nog te realiseren;Nee;n.a.;;warmte;industriële warmte;;0.518;1554.0;MWh;3000;1184148.0;12;OLST;OLST-WIJHE;OVERIJSSEL;WEST-OVERIJSSEL;Nvt;10;IND;BU17730113;GM1773;8121.0;8121BZ;BU17730113;GM1773;8121.0;8121BZ;BU17730113;GM1773;8121.0;8121BZ;False;False;False;52.33519230402122;6.115585091063785;WarmteAtlas:SDE_CO2arm;https://www.warmteatlas.nl/geoserver/WarmteAtlas/wfs;2026-06-24T11:54:51;
SDE2210207;Rixona B.V.;2022;CO2-arme warmte;CO2armEnergieGebruik;CO2armeWarmte;Elektrische boiler;Nog te realiseren;Nee;n.a.;;warmte;elektriciteit;;29.7;127710.0;MWh;4300;77200695.0;15;OOSTRUM LB;VENRAY;LIMBURG;NOORD-ENMIDDEN-LIMBURG;Nvt;10;IND;BU09840601;GM0984;5807.0;5807EJ;BU09840601;GM0984;5807.0;5807EJ;BU09840601;GM0984;5807.0;5807EJ;False;False;False;51.522956519068835;6.0253425177463775;WarmteAtlas:SDE_CO2arm;https://www.warmteatlas.nl/geoserver/WarmteAtlas/wfs;2026-06-24T11:54:51;
SDE2213339;Ekro B.V.;2022;CO2-arme warmte;CO2armEnergieGebruik;CO2armeWarmte;Industriele warmtepomp;Nog te realiseren;Nee;n.a.;;warmte;industriële warmte;;0.56;1678.0;MWh;2996;1278636.0;12;APELDOORN;APELDOORN;GELDERLAND;CLEANTECH;Nvt;10;IND;BU02000406;GM0200;7333.0;7333NR;BU02000406;GM0200;7333.0;7333NR;BU02000406;GM0200;7333.0;7333NR;False;False;False;52.17890046500267;5.965882207596967;WarmteAtlas:SDE_CO2arm;https://www.warmteatlas.nl/geoserver/WarmteAtlas/wfs;2026-06-24T11:54:51;
SDE2118829;Gicom Ketelhaven B.V.;2021;CO2-arme warmte;CO2armEnergieGebruik;CO2armeWarmte;Industriele warmtepomp;Nog te realiseren;Nee;n.a.;;warmte;industriële warmte;;0.733;5864.0;MWh;8000;1618464.0;12;DRONTEN;DRONTEN;FLEVOLAND;FLEVOLAND;Nvt;64;GO;BU03030550;GM0303;8251.0;8251PK;BU03030550;GM0303;8251.0;8251PK;BU03030550;GM0303;8251.0;8251PK;False;False;False;52.56414552380142;5.745118962907585;WarmteAtlas:SDE_CO2arm;https://www.warmteatlas.nl/geoserver/WarmteAtlas/wfs;2026-06-24T11:54:51;
SDE2119705;Frieslandcampina Nederland B.V.;2021;CO2-arme warmte;CO2armEnergieGebruik;CO2armeWarmte;Elektrische boiler;Nog te realiseren;Nee;n.a.;;warmte;elektriciteit;;9.89;29658.0;MWh;2999;14547249.0;15;LEEUWARDEN;LEEUWARDEN;FRIESLAND;FRIESLAND;Nvt;77;GO;BU00801104;GM0080;8937.0;8937AC;BU00801104;GM0080;8937.0;8937AC;BU00801104;GM0080;8937.0;8937AC;False;False;False;53.198856619539775;5.818540995514406;WarmteAtlas:SDE_CO2arm;https://www.warmteatlas.nl/geoserver/WarmteAtlas/wfs;2026-06-24T11:54:51;
SDE2210247;Aardwarmte Amersfoort B.V.;2022;CO2-arme warmte;CO2armEnergieGebruik;CO2armeWarmte;Geothermische energie;Nog te realiseren;Nee;n.a.;;warmte;aardwarmte;Nee;8.184;49101.43;MWh;6000;63782757.0;15;AMERSFOORT;AMERSFOORT;UTRECHT;AMERSFOORT;Nvt;35;ELEK;BU03070100;GM0307;3811.0;3811CD;BU03070100;GM0307;3811.0;3811CD;BU03070100;GM0307;3811.0;3811CD;False;False;False;52.15659210697071;5.388066980963519;WarmteAtlas:SDE_CO2arm;https://www.warmteatlas.nl/geoserver/WarmteAtlas/wfs;2026-06-24T11:54:51;
SDE2214349;AVR-Afvalverwerking B.V.;2022;CO2-arme productie;CO2armEnergieGebruik;CO2armeProductie;CO2-afvang en -opslag;Nog te realiseren;Nee;n.a.;;CCS;co2;;55.0;220000.0;TON;4000;422491740.0;15;BOTLEK ROTTERDAM;ROTTERDAM;ZUID-HOLLAND;ROTTERDAM/DENHAAG;Nvt;38;IND;BU05992306;GM0599;3197.0;3197KK;BU05992306;GM0599;3197.0;3197KK;BU05992306;GM0599;3197.0;3197KK;False;False;False;51.896489368181236;4.288448475573656;WarmteAtlas:SDE_CO2arm;https://www.warmteatlas.nl/geoserver/WarmteAtlas/wfs;2026-06-24T11:54:51;
SDE2211865;Bio-Energie Almere B.V.;2022;CO2-arme productie;CO2armEnergieGebruik;CO2armeProductie;CO2-afvang en -opslag;Nog te realiseren;Nee;n.a.;;CCS;co2;;4.8;19200.0;TON;4000;31031712.0;15;ALMERE;ALMERE;FLEVOLAND;FLEVOLAND;Nvt;35;ELEK;BU00345702;GM0034;1332.0;1332AM;BU00345702;GM0034;1332.0;1332AM;BU00345702;GM0034;1332.0;1332AM;False;False;False;52.40606822500306;5.249851797622479;WarmteAtlas:SDE_CO2arm;https://www.warmteatlas.nl/geoserver/WarmteAtlas/wfs;2026-06-24T11:54:51;
SDE2214412;Ennatuurlijk B.V.;2022;CO2-arme warmte;CO2armEnergieGebruik;CO2armeWarmte;Aquathermie;Nog te realiseren;Nee;n.a.;;warmte;oppervlaktewater;;12.0;72000.0;MWh;6000;65016000.0;15;HELMOND;HELMOND;NOORD-BRABANT;METROPOOLREGIOEINDHOVEN;Nvt;35;ELEK;BU07942901;GM0794;5705.0;5705CL;BU07942901;GM0794;5705.0;5705CL;BU07942901;GM0794;5705.0;5705CL;False;False;False;51.46357637498178;5.6857602671326735;WarmteAtlas:SDE_CO2arm;https://www.warmteatlas.nl/geoserver/WarmteAtlas/wfs;2026-06-24T11:54:51;
SDE2020901;Westfort Slachterij B.V.;2020 II;CO2-arme warmte;CO2armEnergieGebruik;CO2armeWarmte;Industriele warmtepomp;Nog te realiseren;Nee;n.a.;01-03-2021;warmte;industriële warmte;;1.374;6870.0;MWh;5000;1170648.0;12;IJSSELSTEIN UT;IJSSELSTEIN;UTRECHT;U16;Nvt;10;IND;BU03530014;GM0353;3401.0;3401MZ;BU03530014;GM0353;3401.0;3401MZ;BU03530014;GM0353;3401.0;3401MZ;False;False;False;52.01265879887366;5.0643722612022355;WarmteAtlas:SDE_CO2arm;https://www.warmteatlas.nl/geoserver/WarmteAtlas/wfs;2026-06-24T11:54:51;
SDE2117042;Ausnutria Operations B.V.;2021;CO2-arme warmte;CO2armEnergieGebruik;CO2armeWarmte;Industriele warmtepomp;Nog te realiseren;Nee;n.a.;;warmte;industriële warmte;;1.833;12833.8;MWh;7002;2849104.0;12;HEERENVEEN;HEERENVEEN;FRIESLAND;FRIESLAND;Nvt;64;GO;BU00740108;GM0074;8448.0;8448CW;BU00740108;GM0074;8448.0;8448CW;BU00740108;GM0074;8448.0;8448CW;False;False;False;52.97967327833343;5.940330673248034;WarmteAtlas:SDE_CO2arm;https://www.warmteatlas.nl/geoserver/WarmteAtlas/wfs;2026-06-24T11:54:51;
SDE2211971;Facilitair B.V.;2022;CO2-arme warmte;CO2armEnergieGebruik;CO2armeWarmte;Industriele warmtepomp;Nog te realiseren;Nee;n.a.;;warmte;industriële warmte;;2.074;6222.0;MWh;3000;4741164.0;12;WASPIK;WAALWIJK;NOORD-BRABANT;HARTVANBRABANT;Nvt;52;GO;BU08670202;GM0867;5165.0;5165NH;BU08670202;GM0867;5165.0;5165NH;BU08670202;GM0867;5165.0;5165NH;False;False;False;51.70188619619101;4.944013699303876;WarmteAtlas:SDE_CO2arm;https://www.warmteatlas.nl/geoserver/WarmteAtlas/wfs;2026-06-24T11:54:51;
SDE2118479;Smartdc B.V.;2021;CO2-arme warmte;CO2armEnergieGebruik;CO2armeWarmte;Restwarmte;Gerealiseerd;Ja;2024.0;01-01-2024;warmte;restwarmte;;2.8;7000.0;MWh;2500;2688000.0;15;ROTTERDAM;ROTTERDAM;ZUID-HOLLAND;ROTTERDAM/DENHAAG;Nvt;64;GO;BU05991853;GM0599;3044.0;3044BC;BU05991853;GM0599;3044.0;3044BC;BU05991853;GM0599;3044.0;3044BC;False;False;False;51.92465653482237;4.4333320510038225;WarmteAtlas:SDE_CO2arm;https://www.warmteatlas.nl/geoserver/WarmteAtlas/wfs;2026-06-24T11:54:51;
SDE2119357;Bio LNG ECL B.V.;2021;CO2-arme productie;CO2armEnergieGebruik;CO2armeProductie;CO2-afvang en -opslag;Nog te realiseren;Nee;n.a.;;CCS;co2;;1.75;7000.0;TON;4000;9039167.0;15;LEEUWARDEN;LEEUWARDEN;FRIESLAND;FRIESLAND;Nvt;35;ELEK;BU00801001;GM0080;8911.0;8911HJ;BU00801001;GM0080;8911.0;8911HJ;BU00801001;GM0080;8911.0;8911HJ;False;False;False;53.202300910830196;5.795949431914521;WarmteAtlas:SDE_CO2arm;https://www.warmteatlas.nl/geoserver/WarmteAtlas/wfs;2026-06-24T11:54:51;
SDE2216432;Duurzaam Opwekken Amersfoort B.V.;2022;CO2-arme warmte;CO2armEnergieGebruik;CO2armeWarmte;Aquathermie;Nog te realiseren;Nee;n.a.;;warmte;drink- of afvalwater;;15.03;69444.44;MWh;4620;64479167.0;15;AMERSFOORT;AMERSFOORT;UTRECHT;AMERSFOORT;Nvt;35;ELEK;BU03070505;GM0307;3812.0;3812RH;BU03070505;GM0307;3812.0;3812RH;BU03070505;GM0307;3812.0;3812RH;False;False;False;52.17409712418871;5.35150830004322;WarmteAtlas:SDE_CO2arm;https://www.warmteatlas.nl/geoserver/WarmteAtlas/wfs;2026-06-24T11:54:51;
SDE2210516;Orgaworld Nederland B.V.;2022;CO2-arme productie;CO2armEnergieGebruik;CO2armeProductie;CO2-afvang en -opslag;Nog te realiseren;Nee;n.a.;;CCS;co2;;1.365;5460.0;TON;4000;6844736.0;15;AMSTERDAM;AMSTERDAM;NOORD-HOLLAND;NOORD-HOLLANDZUID;Nvt;38;IND;BU0363AF03;GM0363;1011.0;1011BP;BU0363AF03;GM0363;1011.0;1011BP;BU0363AF03;GM0363;1011.0;1011BP;False;False;False;52.372558386725764;4.905704202210106;WarmteAtlas:SDE_CO2arm;https://www.warmteatlas.nl/geoserver/WarmteAtlas/wfs;2026-06-24T11:54:51;
SDE2212850;Compaxo Vlees Zevenaar B.V.;2022;CO2-arme warmte;CO2armEnergieGebruik;CO2armeWarmte;Industriele warmtepomp;Nog te realiseren;Nee;n.a.;;warmte;industriële warmte;;0.846;5279.04;MWh;6240;1507694.0;12;ZEVENAAR;ZEVENAAR;GELDERLAND;ARNHEM/NIJMEGEN;Nvt;10;IND;BU02990012;GM0299;6902.0;6902PK;BU02990012;GM0299;6902.0;6902PK;BU02990012;GM0299;6902.0;6902PK;False;False;False;51.934811900270304;6.097714044203155;WarmteAtlas:SDE_CO2arm;https://www.warmteatlas.nl/geoserver/WarmteAtlas/wfs;2026-06-24T11:54:51;
SDE2212878;Do Spierynck Meer B.V.;2022;CO2-arme warmte;CO2armEnergieGebruik;CO2armeWarmte;Restwarmte;Nog te realiseren;Nee;n.a.;;warmte;restwarmte;;4.96;27280.0;MWh;5500;15917880.0;15;OUDE MEER;HAARLEMMERMEER;NOORD-HOLLAND;NOORD-HOLLANDZUID;Nvt;35;ELEK;BU03940675;GM0394;1438.0;1438AD;BU03940675;GM0394;1438.0;1438AG;BU03940675;GM0394;1438.0;1438AG;False;False;False;52.291562782952575;4.784484306044532;WarmteAtlas:SDE_CO2arm;https://www.warmteatlas.nl/geoserver/WarmteAtlas/wfs;2026-06-24T11:54:51;
SDE2214540;Coroos Productie B.V.;2022;CO2-arme warmte;CO2armEnergieGebruik;CO2armeWarmte;Industriele warmtepomp;Nog te realiseren;Nee;n.a.;;warmte;industriële warmte;;1.2;3600.0;MWh;3000;2743200.0;12;GELDERMALSEN;WEST BETUWE;GELDERLAND;FRUITDELTARIVIERENLAND;Nvt;10;IND;BU19600006;GM1960;4191.0;4191PL;BU19600006;GM1960;4191.0;4191PL;BU19600006;GM1960;4191.0;4191PL;False;False;False;51.87701506295257;5.270268299066239;WarmteAtlas:SDE_CO2arm;https://www.warmteatlas.nl/geoserver/WarmteAtlas/wfs;2026-06-24T11:54:51;
SDE2216280;Frieslandcampina Nederland B.V.;2022;CO2-arme warmte;CO2armEnergieGebruik;CO2armeWarmte;Industriele warmtepomp;Nog te realiseren;Nee;n.a.;;warmte;industriële warmte;;2.5;19272.0;MWh;7709;4925924.0;12;WORKUM;SÚDWEST-FRYSLÂN;FRIESLAND;FRIESLAND;Nvt;77;GO;BU19000200;GM1900;8711.0;8711CK;BU19000200;GM1900;8711.0;8711CK;BU19000200;GM1900;8711.0;8711CK;False;False;False;52.9756156011935;5.453583006016313;WarmteAtlas:SDE_CO2arm;https://www.warmteatlas.nl/geoserver/WarmteAtlas/wfs;2026-06-24T11:54:51;
SDE2021212;ECW Geomanagement B.V.;2020 II;CO2-arme warmte;CO2armEnergieGebruik;CO2armeWarmte;Elektrische boiler;Nog te realiseren;Nee;n.a.;01-03-2021;warmte;elektriciteit;;9.98;17520.44;MWh;1756;15568800.0;15;MIDDENMEER;HOLLANDS KROON;NOORD-HOLLAND;NOORD-HOLLANDNOORD;Nvt;71;GO;BU19111080;GM1911;1775.0;1775RJ;BU19111080;GM1911;1775.0;1775RJ;BU19111080;GM1911;1775.0;1775RJ;False;False;False;52.78197907903155;5.058053053136138;WarmteAtlas:SDE_CO2arm;https://www.warmteatlas.nl/geoserver/WarmteAtlas/wfs;2026-06-24T11:54:51;
SDE2116718;Duurzaam Opwekken Veenendaal;2021;CO2-arme warmte;CO2armEnergieGebruik;CO2armeWarmte;Restwarmte;Nog te realiseren;Nee;n.a.;;warmte;restwarmte;;2.0;5481.0;MWh;2741;2096483.0;15;VEENENDAAL;VEENENDAAL;UTRECHT;FOODVALLEY;Nvt;35;ELEK;BU03450099;GM0345;3901.0;3901TJ;BU03450099;GM0345;3901.0;3901TJ;BU03450099;GM0345;3901.0;3901TJ;False;False;False;52.024896032240264;5.558004846994534;WarmteAtlas:SDE_CO2arm;https://www.warmteatlas.nl/geoserver/WarmteAtlas/wfs;2026-06-24T11:54:51;
SDE2020937;Rixona B.V.;2020 II;CO2-arme warmte;CO2armEnergieGebruik;CO2armeWarmte;Industriele warmtepomp;Gerealiseerd;Ja;2022.0;01-11-2022;warmte;industriële warmte;;0.72;5760.0;MWh;8000;1520640.0;12;WARFFUM;HET HOGELAND;GRONINGEN;GRONINGEN;Nvt;10;IND;BU19660901;GM1966;9989.0;9989EE;BU19660901;GM1966;9989.0;9989EE;BU19660901;GM1966;9989.0;9989EE;False;False;False;53.396625544776896;6.529455868930394;WarmteAtlas:SDE_CO2arm;https://www.warmteatlas.nl/geoserver/WarmteAtlas/wfs;2026-06-24T11:54:51;
SDE2021252;DRSH Zuiveringsslib N.V.;2020 II;CO2-arme warmte;CO2armEnergieGebruik;CO2armeWarmte;Restwarmte;Nog te realiseren;Nee;n.a.;01-03-2021;warmte;restwarmte;;10.1;60600.0;MWh;6000;15453000.0;15;DORDRECHT;DORDRECHT;ZUID-HOLLAND;DRECHTSTEDEN;Nvt;38;IND;BU05059800;GM0505;3313.0;3313LP;BU05059800;GM0505;3313.0;3313LP;BU05059800;GM0505;3313.0;3313LP;False;False;False;51.805932304217805;4.763961213576622;WarmteAtlas:SDE_CO2arm;https://www.warmteatlas.nl/geoserver/WarmteAtlas/wfs;2026-06-24T11:54:51;
SDE2116051;N.V. HVC;2021;CO2-arme productie;CO2armEnergieGebruik;CO2armeProductie;CO2-afvang en -opslag;Nog te realiseren;Nee;n.a.;;CCS;co2;;11.784005;47136.0;TON;4000;118022158.0;15;ALKMAAR;ALKMAAR;NOORD-HOLLAND;NOORD-HOLLANDNOORD;Nvt;38;IND;BU03610309;GM0361;1812.0;1812RD;BU03610309;GM0361;1812.0;1812RD;BU03610309;GM0361;1812.0;1812RD;False;False;False;52.61091831845492;4.7617072316181694;WarmteAtlas:SDE_CO2arm;https://www.warmteatlas.nl/geoserver/WarmteAtlas/wfs;2026-06-24T11:54:51;
SDE2111497;Wijnen Facilities B.V.;2021;CO2-arme productie;CO2armEnergieGebruik;CO2armeProductie;CO2-afvang en -opslag;Nog te realiseren;Nee;n.a.;;CCS;co2;;2.75;11000.0;TON;4000;4620363.0;15;EGCHEL;PEEL EN MAAS;LIMBURG;NOORD-ENMIDDEN-LIMBURG;Nvt;70;GO;BU18940109;GM1894;5987.0;5987AP;BU18941002;GM1894;5987.0;5987AP;BU18941002;GM1894;5987.0;5987AP;True;False;False;51.31720949394893;5.981049992262349;WarmteAtlas:SDE_CO2arm;https://www.warmteatlas.nl/geoserver/WarmteAtlas/wfs;2026-06-24T11:54:51;
SDE2218479;KCV Vastgoed B.V.;2022;CO2-arme warmte;CO2armEnergieGebruik;CO2armeWarmte;Industriele warmtepomp;Nog te realiseren;Nee;n.a.;;warmte;industriële warmte;;1.2;3600.0;MWh;3000;2743200.0;12;NIEUWDORP ZLD;BORSELE;ZEELAND;ZEELAND;Nvt;64;GO;BU06540903;GM0654;4455.0;4455SP;BU06540903;GM0654;4455.0;4455SP;BU06540903;GM0654;4455.0;4455SP;False;False;False;51.4724378233671;3.701612307866029;WarmteAtlas:SDE_CO2arm;https://www.warmteatlas.nl/geoserver/WarmteAtlas/wfs;2026-06-24T11:54:51;
SDE2310677;Pluimveeverwerking Jan van Ee B.V.;2023;CO2-arme warmte;CO2armEnergieGebruik;CO2armeWarmte;Industriele warmtepomp;Nog te realiseren;Nee;n.a.;;warmte;industriële warmte;;0.688;2064.0;MWh;3000;1825402.0;12;STROE;BARNEVELD;GELDERLAND;FOODVALLEY;Nvt;10;IND;BU02035960;GM0203;3776.0;3776LP;BU02035960;GM0203;3776.0;3776LX;BU02035960;GM0203;3776.0;3776LX;False;False;False;52.18036957131661;5.6978514793877855;WarmteAtlas:SDE_CO2arm;https://www.warmteatlas.nl/geoserver/WarmteAtlas/wfs;2026-06-24T11:54:51;
SDE2310682;Eneco Heat Production & Industrials B.V.;2023;CO2-arme warmte;CO2armEnergieGebruik;CO2armeWarmte;Elektrische boiler;Nog te realiseren;Nee;n.a.;;warmte;elektriciteit;;25.0;90000.0;MWh;3600;80325000.0;15;VELSEN-NOORD;VELSEN;NOORD-HOLLAND;NOORD-HOLLANDZUID;Nvt;36;IND;BU04530502;GM0453;1951.0;1951AZ;BU04530502;GM0453;1951.0;1951AZ;BU04530502;GM0453;1951.0;1951AZ;False;False;False;52.46709872669831;4.637312253474343;WarmteAtlas:SDE_CO2arm;https://www.warmteatlas.nl/geoserver/WarmteAtlas/wfs;2026-06-24T11:54:51;
SDE2217683;Exportslachterij Clazing B.V.;2022;CO2-arme warmte;CO2armEnergieGebruik;CO2armeWarmte;Industriele warmtepomp;Nog te realiseren;Nee;n.a.;;warmte;industriële warmte;;1.77;5310.0;MWh;3000;4046220.0;12;ZEVENHUIZEN ZH;ZUIDPLAS;ZUID-HOLLAND;MIDDEN-HOLLAND;Nvt;10;IND;BU18920292;GM1892;2761.0;2761JH;BU18920292;GM1892;2761.0;2761JH;BU18920292;GM1892;2761.0;2761JH;False;False;False;52.00068083085645;4.603641439634725;WarmteAtlas:SDE_CO2arm;https://www.warmteatlas.nl/geoserver/WarmteAtlas/wfs;2026-06-24T11:54:51;
SDE2319103;Farm Frites B.V.;2023;CO2-arme warmte;CO2armEnergieGebruik;CO2armeWarmte;Elektrische boiler;Nog te realiseren;Nee;n.a.;;warmte;elektriciteit;;10.0;36000.0;MWh;3600;35208000.0;15;OUDENHOORN;VOORNE AAN ZEE;ZUID-HOLLAND;METROPOOLREGIO ROTTERDAM - DEN HAAG (MRDH);Nvt;10;IND;BU19921003;GM1992;3227.0;3227CD;BU19921003;GM1992;3227.0;3227CD;BU19921003;GM1992;3227.0;3227CD;False;False;False;51.828169926564165;4.175207365205903;WarmteAtlas:SDE_CO2arm;https://www.warmteatlas.nl/geoserver/WarmteAtlas/wfs;2026-06-24T11:54:51;
SDE2319126;Biologische Industriële Reststoffenverwerking B.V.;2023;CO2-arme warmte;CO2armEnergieGebruik;CO2armeWarmte;Industriele warmtepomp;Nog te realiseren;Nee;n.a.;;warmte;drink- of afvalwater;;0.55;3300.0;MWh;6000;2806650.0;15;LICHTENVOORDE;OOST GELRE;GELDERLAND;ACHTERHOEK;Nvt;81;GO;BU15860116;GM1586;7131.0;7131RB;BU15860116;GM1586;7131.0;7131RB;BU15860116;GM1586;7131.0;7131RB;False;False;False;51.999067226602406;6.560871616170079;WarmteAtlas:SDE_CO2arm;https://www.warmteatlas.nl/geoserver/WarmteAtlas/wfs;2026-06-24T11:54:51;
SDE2319927;Ad van Geloven B.V.;2023;CO2-arme warmte;CO2armEnergieGebruik;CO2armeWarmte;Industriele warmtepomp;Nog te realiseren;Nee;n.a.;;warmte;industriële warmte;;1.5;9000.0;MWh;6000;3207600.0;12;TILBURG;TILBURG;NOORD-BRABANT;HARTVANBRABANT;Nvt;10;IND;BU08555905;GM0855;5048.0;5048AB;BU08555905;GM0855;5048.0;5048AB;BU08555905;GM0855;5048.0;5048AB;False;False;False;51.58563369350385;5.066418629839767;WarmteAtlas:SDE_CO2arm;https://www.warmteatlas.nl/geoserver/WarmteAtlas/wfs;2026-06-24T11:54:51;
SDE2217725;Bio-Energie Scherpenzeel B.V.;2022;CO2-arme warmte;CO2armEnergieGebruik;CO2armeWarmte;Aquathermie;Nog te realiseren;Nee;n.a.;;warmte;oppervlaktewater;;0.807;3333.33;MWh;4131;2175000.0;15;SCHERPENZEEL GLD;SCHERPENZEEL;GELDERLAND;FOODVALLEY;Nvt;35;ELEK;BU02790009;GM0279;3925.0;3925MJ;BU02790009;GM0279;3925.0;3925MJ;BU02790009;GM0279;3925.0;3925MJ;False;False;False;52.09019961216292;5.500758599477538;WarmteAtlas:SDE_CO2arm;https://www.warmteatlas.nl/geoserver/WarmteAtlas/wfs;2026-06-24T11:54:51;
SDE2311721;Rixona B.V.;2023;CO2-arme warmte;CO2armEnergieGebruik;CO2armeWarmte;Elektrische boiler;Nog te realiseren;Nee;n.a.;;warmte;elektriciteit;;5.0;18000.0;MWh;3600;14823000.0;15;WARFFUM;HET HOGELAND;GRONINGEN;GRONINGEN;Nvt;10;IND;BU19660901;GM1966;9989.0;9989EE;BU19660901;GM1966;9989.0;9989EE;BU19660901;GM1966;9989.0;9989EE;False;False;False;53.396625544776896;6.529455868930394;WarmteAtlas:SDE_CO2arm;https://www.warmteatlas.nl/geoserver/WarmteAtlas/wfs;2026-06-24T11:54:51;
SDE2314439;Holmel B.V.;2023;CO2-arme productie;CO2armEnergieGebruik;CO2armeProductie;CO2-afvang en -opslag;Nog te realiseren;Nee;n.a.;;CCS;co2;;0.6;2400.0;TON;4000;3213890.0;15;HEYTHUYSEN;LEUDAL;LIMBURG;NOORD-ENMIDDEN-LIMBURG;Nvt;35;ELEK;BU16400001;GM1640;6093.0;6093PE;BU16400001;GM1640;6093.0;6093PE;BU16400001;GM1640;6093.0;6093PE;False;False;False;51.30258595765304;5.8818954647704835;WarmteAtlas:SDE_CO2arm;https://www.warmteatlas.nl/geoserver/WarmteAtlas/wfs;2026-06-24T11:54:51;
SDE2319170;Jorritsma Biogas B.V.;2023;CO2-arme productie;CO2armEnergieGebruik;CO2armeProductie;CO2-afvang en -opslag;Nog te realiseren;Nee;n.a.;;CCS;co2;;1.198;4792.0;TON;4000;4448036.0;15;TZUMMARUM;WAADHOEKE;FRIESLAND;FRIESLAND;Nvt;35;ELEK;BU19494900;GM1949;8851.0;8851RN;BU19494900;GM1949;8851.0;8851RN;BU19494900;GM1949;8851.0;8851RN;False;False;False;53.25103684372554;5.535179667016694;WarmteAtlas:SDE_CO2arm;https://www.warmteatlas.nl/geoserver/WarmteAtlas/wfs;2026-06-24T11:54:51;
SDE2218641;Volth2 Terneuzen B.V.;2022;Waterstof;CO2armEnergieGebruik;waterstof;Waterstof;Nog te realiseren;Nee;n.a.;;elektriciteit;elektriciteit;;18.446238;73784.95;MWh;4000;83340102.0;15;SAS VAN GENT;TERNEUZEN;ZEELAND;ZEELAND;Nvt;20;IND;BU07151401;GM0715;4551.0;4551LT;BU07151401;GM0715;4551.0;4551LT;BU07151401;GM0715;4551.0;4551LT;False;False;False;51.257535035812936;3.8045932356228795;WarmteAtlas:SDE_CO2arm;https://www.warmteatlas.nl/geoserver/WarmteAtlas/wfs;2026-06-24T11:54:51;
SDE2310849;Vattenfall Warmte N.V.;2023;CO2-arme warmte;CO2armEnergieGebruik;CO2armeWarmte;Industriele warmtepomp;Nog te realiseren;Nee;n.a.;;warmte;drink- of afvalwater;;1.47;8820.0;MWh;6000;7567560.0;15;LEIDEN;LEIDEN;ZUID-HOLLAND;HOLLANDRIJNLAND;Nvt;35;ELEK;BU05460800;GM0546;2318.0;2318BZ;BU05460800;GM0546;2318.0;2318BZ;BU05460800;GM0546;2318.0;2318BZ;False;False;False;52.17603069473083;4.495230854310224;WarmteAtlas:SDE_CO2arm;https://www.warmteatlas.nl/geoserver/WarmteAtlas/wfs;2026-06-24T11:54:51;
SDE2314460;Ennatuurlijk B.V.;2023;CO2-arme warmte;CO2armEnergieGebruik;CO2armeWarmte;Industriele warmtepomp;Nog te realiseren;Nee;n.a.;;warmte;lucht - water;;3.26;11410.0;MWh;3500;13880265.0;15;ZEEWOLDE;ZEEWOLDE;FLEVOLAND;FLEVOLAND;Nvt;35;ELEK;BU00500005;GM0050;3895.0;3895BX;BU00500005;GM0050;3895.0;3895BX;BU00500005;GM0050;3895.0;3895BX;False;False;False;52.34952926806716;5.516777988833826;WarmteAtlas:SDE_CO2arm;https://www.warmteatlas.nl/geoserver/WarmteAtlas/wfs;2026-06-24T11:54:51;
SDE2315399;Smurfit Kappa Roermond Papier B.V.;2023;CO2-arme warmte;CO2armEnergieGebruik;CO2armeWarmte;Elektrische boiler;Nog te realiseren;Nee;n.a.;;warmte;elektriciteit;;29.97;107892.0;MWh;3600;105842052.0;15;ROERMOND;ROERMOND;LIMBURG;NOORD-ENMIDDEN-LIMBURG;Nvt;17;IND;BU09570004;GM0957;6041.0;6041TA;BU09570004;GM0957;6041.0;6041TA;BU09570004;GM0957;6041.0;6041TA;False;False;False;51.205060096731174;5.998302285583121;WarmteAtlas:SDE_CO2arm;https://www.warmteatlas.nl/geoserver/WarmteAtlas/wfs;2026-06-24T11:54:51;
SDE2317347;Stichting Weller Wonen;2023;CO2-arme warmte;CO2armEnergieGebruik;CO2armeWarmte;Industriele warmtepomp;Nog te realiseren;Nee;n.a.;;warmte;lucht - water;;1.012;3542.0;MWh;3500;4308843.0;15;BRUNSSUM;BRUNSSUM;LIMBURG;ZUID-LIMBURG;Nvt;68;GO;BU08990207;GM0899;6441.0;6441XC;BU08990207;GM0899;6441.0;6441XC;BU08990207;GM0899;6441.0;6441XC;False;False;False;50.949808015177574;5.957473322697245;WarmteAtlas:SDE_CO2arm;https://www.warmteatlas.nl/geoserver/WarmteAtlas/wfs;2026-06-24T11:54:51;
SDE2314503;De Torenhoeve Biogas B.V.;2023;CO2-arme productie;CO2armEnergieGebruik;CO2armeProductie;CO2-afvang en -opslag;Nog te realiseren;Nee;n.a.;;CCS;co2;;0.8;3200.0;TON;4000;4285186.0;15;BIDDINGHUIZEN;DRONTEN;FLEVOLAND;FLEVOLAND;Nvt;35;ELEK;BU03030620;GM0303;8256.0;8256PG;BU03030620;GM0303;8256.0;8256PG;BU03030620;GM0303;8256.0;8256PG;False;False;False;52.474741340182405;5.601848708820201;WarmteAtlas:SDE_CO2arm;https://www.warmteatlas.nl/geoserver/WarmteAtlas/wfs;2026-06-24T11:54:51;
SDE2315482;C.N.B.;2023;CO2-arme warmte;CO2armEnergieGebruik;CO2armeWarmte;Industriele warmtepomp;Nog te realiseren;Nee;n.a.;;warmte;lucht - water;;2.0;7000.0;MWh;3500;8515500.0;15;BOVENKARSPEL;STEDE BROEC;NOORD-HOLLAND;NOORD-HOLLANDNOORD;Nvt;82;GO;BU05320103;GM0532;1611.0;1611BN;BU05320103;GM0532;1611.0;1611BN;BU05320103;GM0532;1611.0;1611BN;False;False;False;52.71009935638622;5.253302994924728;WarmteAtlas:SDE_CO2arm;https://www.warmteatlas.nl/geoserver/WarmteAtlas/wfs;2026-06-24T11:54:51;
SDE2316482;Coöperatie Royal Floraholland U.A.;2023;CO2-arme warmte;CO2armEnergieGebruik;CO2armeWarmte;Industriele warmtepomp;Nog te realiseren;Nee;n.a.;;warmte;lucht - water;;1.5;5250.0;MWh;3500;6386625.0;15;AALSMEER;AALSMEER;NOORD-HOLLAND;NOORD-HOLLANDZUID;Nvt;82;GO;BU03580004;GM0358;1431.0;1431GB;BU03580004;GM0358;1431.0;1431GB;BU03580004;GM0358;1431.0;1431GB;False;False;False;52.26131388130393;4.7853353609491265;WarmteAtlas:SDE_CO2arm;https://www.warmteatlas.nl/geoserver/WarmteAtlas/wfs;2026-06-24T11:54:51;
SDE2316498;Schiebroek Warmte B.V.;2023;CO2-arme warmte;CO2armEnergieGebruik;CO2armeWarmte;Restwarmte;Nog te realiseren;Nee;n.a.;;warmte;restwarmte;;14.0;49000.0;MWh;3500;33001500.0;15;ROTTERDAM;ROTTERDAM;ZUID-HOLLAND;ROTTERDAM/DENHAAG;Nvt;35;ELEK;BU05990455;GM0599;3045.0;3045PX;BU05990455;GM0599;3045.0;3045PX;BU05990455;GM0599;3045.0;3045PX;False;False;False;51.95511919519879;4.450071172918539;WarmteAtlas:SDE_CO2arm;https://www.warmteatlas.nl/geoserver/WarmteAtlas/wfs;2026-06-24T11:54:51;
SDE2319266;Vion Tilburg;2023;CO2-arme warmte;CO2armEnergieGebruik;CO2armeWarmte;Industriele warmtepomp;Nog te realiseren;Nee;n.a.;;warmte;industriële warmte;;0.536;1608.0;MWh;3000;1422116.0;12;TILBURG;TILBURG;NOORD-BRABANT;HARTVANBRABANT;Nvt;10;IND;BU08552905;GM0855;5013.0;5013BC;BU08552905;GM0855;5013.0;5013BC;BU08552905;GM0855;5013.0;5013BC;False;False;False;51.56719827653091;5.103274077641474;WarmteAtlas:SDE_CO2arm;https://www.warmteatlas.nl/geoserver/WarmteAtlas/wfs;2026-06-24T11:54:51;
SDE2319863;Aben Recycling B.V.;2023;CO2-arme productie;CO2armEnergieGebruik;CO2armeProductie;CO2-afvang en -opslag;Nog te realiseren;Nee;n.a.;;CCS;co2;;2.32;9280.0;TON;4000;8613891.0;15;WANROIJ;LAND VAN CUIJK;NOORD-BRABANT;NOORDOOST-BRABANT;Nvt;20;IND;BU19821705;GM1982;5446.0;5446XR;BU19821705;GM1982;5446.0;5446XR;BU19821705;GM1982;5446.0;5446XR;False;False;False;51.67155336110003;5.83218844307171;WarmteAtlas:SDE_CO2arm;https://www.warmteatlas.nl/geoserver/WarmteAtlas/wfs;2026-06-24T11:54:51;
SDE2217901;Sligro Food Group Nederland B.V.;2022;CO2-arme warmte;CO2armEnergieGebruik;CO2armeWarmte;Industriele warmtepomp;Nog te realiseren;Nee;n.a.;;warmte;industriële warmte;;1.2;3600.0;MWh;3000;2743200.0;12;EINDHOVEN;EINDHOVEN;NOORD-BRABANT;METROPOOLREGIOEINDHOVEN;Nvt;46;GO;BU07726210;GM0772;5652.0;5652AE;BU07726210;GM0772;5652.0;5652AE;BU07726210;GM0772;5652.0;5652AE;False;False;False;51.42992014683079;5.434921222400447;WarmteAtlas:SDE_CO2arm;https://www.warmteatlas.nl/geoserver/WarmteAtlas/wfs;2026-06-24T11:54:51;
SDE2218710;Euphemia B.V.;2022;CO2-arme warmte;CO2armEnergieGebruik;CO2armeWarmte;Industriele warmtepomp;Nog te realiseren;Nee;n.a.;;warmte;industriële warmte;;0.625;1875.0;MWh;3000;1428750.0;12;EPE;EPE;GELDERLAND;CLEANTECH;Nvt;68;GO;BU02320007;GM0232;8161.0;8161PG;BU02320007;GM0232;8161.0;8161PG;BU02320007;GM0232;8161.0;8161PG;False;False;False;52.34627062184294;5.995553404414899;WarmteAtlas:SDE_CO2arm;https://www.warmteatlas.nl/geoserver/WarmteAtlas/wfs;2026-06-24T11:54:51;
SDE2310050;Trespa International B.V.;2023;CO2-arme warmte;CO2armEnergieGebruik;CO2armeWarmte;Elektrische boiler;Nog te realiseren;Nee;n.a.;;warmte;elektriciteit;;14.97;53892.0;MWh;3600;45026766.0;15;WEERT;WEERT;LIMBURG;NOORD-ENMIDDEN-LIMBURG;Nvt;22;IND;BU09880105;GM0988;6002.0;6002SM;BU09880105;GM0988;6002.0;6002SM;BU09880105;GM0988;6002.0;6002SM;False;False;False;51.24292188306551;5.637605610227603;WarmteAtlas:SDE_CO2arm;https://www.warmteatlas.nl/geoserver/WarmteAtlas/wfs;2026-06-24T11:54:51;
SDE2319311;TBM Vaarsenhof B.V.;2023;CO2-arme productie;CO2armEnergieGebruik;CO2armeProductie;CO2-afvang en -opslag;Nog te realiseren;Nee;n.a.;;CCS;co2;;2.4;9600.0;TON;4000;15177140.0;15;HEUSDEN GEM ASTEN;ASTEN;NOORD-BRABANT;METROPOOLREGIOEINDHOVEN;Nvt;71;GO;BU07430802;GM0743;5725.0;5725TB;BU07430802;GM0743;5725.0;5725TB;BU07430802;GM0743;5725.0;5725TB;False;False;False;51.379942219278284;5.746632447745075;WarmteAtlas:SDE_CO2arm;https://www.warmteatlas.nl/geoserver/WarmteAtlas/wfs;2026-06-24T11:54:51;
SDE2310128;Bio LNG ECL B.V.;2023;CO2-arme warmte;CO2armEnergieGebruik;CO2armeWarmte;Elektrische boiler;Nog te realiseren;Nee;n.a.;;warmte;elektriciteit;;5.0;18000.0;MWh;3600;16065000.0;15;LEEUWARDEN;LEEUWARDEN;FRIESLAND;FRIESLAND;Nvt;35;ELEK;BU00801001;GM0080;8911.0;8911HJ;BU00801001;GM0080;8911.0;8911HJ;BU00801001;GM0080;8911.0;8911HJ;False;False;False;53.202300910830196;5.795949431914521;WarmteAtlas:SDE_CO2arm;https://www.warmteatlas.nl/geoserver/WarmteAtlas/wfs;2026-06-24T11:54:51;
SDE2311060;Mars Nederland;2023;CO2-arme warmte;CO2armEnergieGebruik;CO2armeWarmte;Elektrische boiler;Nog te realiseren;Nee;n.a.;;warmte;elektriciteit;;10.0;36000.0;MWh;3600;35316000.0;15;VEGHEL;MEIERIJSTAD;NOORD-BRABANT;NOORDOOST-BRABANT;Nvt;10;IND;BU19480417;GM1948;5466.0;5466AE;BU19480417;GM1948;5466.0;5466AE;BU19480417;GM1948;5466.0;5466AE;False;False;False;51.613804853251764;5.519768480511894;WarmteAtlas:SDE_CO2arm;https://www.warmteatlas.nl/geoserver/WarmteAtlas/wfs;2026-06-24T11:54:51;
SDE2311920;De Jong Verpakking;2023;CO2-arme warmte;CO2armEnergieGebruik;CO2armeWarmte;Elektrische boiler;Nog te realiseren;Nee;n.a.;;warmte;elektriciteit;;9.2;27701.2;MWh;3011;23061249.0;15;DE LIER;WESTLAND;ZUID-HOLLAND;ROTTERDAM/DENHAAG;Nvt;17;IND;BU17830702;GM1783;2678.0;2678HA;BU17830702;GM1783;2678.0;2678HA;BU17830702;GM1783;2678.0;2678HA;False;False;False;51.97705277730103;4.222782322708309;WarmteAtlas:SDE_CO2arm;https://www.warmteatlas.nl/geoserver/WarmteAtlas/wfs;2026-06-24T11:54:51;
SDE2317527;Yeager Energy B.V.;2023;CO2-arme warmte;CO2armEnergieGebruik;CO2armeWarmte;Geothermische energie;Nog te realiseren;Nee;n.a.;;warmte;aardwarmte;nog bepalen;21.3;127800.0;MWh;6000;152784900.0;15;PURMEREND;PURMEREND;NOORD-HOLLAND;Regio Zaanstreek-Waterland (subregio);Nvt;35;ELEK;BU04390701;GM0439;1461.0;1461ED;BU04390701;GM0439;1461.0;1461ED;BU04390701;GM0439;1461.0;1461ED;False;False;False;52.51162359065518;4.9428620100662295;WarmteAtlas:SDE_CO2arm;https://www.warmteatlas.nl/geoserver/WarmteAtlas/wfs;2026-06-24T11:54:51;
SDE2216497;Papierfabriek Doetinchem B.V.;2022;CO2-arme warmte;CO2armEnergieGebruik;CO2armeWarmte;Elektrische boiler;Nog te realiseren;Nee;n.a.;;warmte;elektriciteit;;5.0;21500.0;MWh;4300;14254500.0;15;DOETINCHEM;DOETINCHEM;GELDERLAND;ACHTERHOEK;Nvt;17;IND;BU02220106;GM0222;7001.0;7001GM;BU02220106;GM0222;7001.0;7001GM;BU02220106;GM0222;7001.0;7001GM;False;False;False;51.961083108427715;6.294307304533702;WarmteAtlas:SDE_CO2arm;https://www.warmteatlas.nl/geoserver/WarmteAtlas/wfs;2026-06-24T11:54:51;
SDE2216545;Energietransitie Bunschoten B.V.;2022;CO2-arme warmte;CO2armEnergieGebruik;CO2armeWarmte;Restwarmte;Nog te realiseren;Nee;n.a.;;warmte;restwarmte;;5.23;26150.0;MWh;5000;15297750.0;15;BUNSCHOTEN-SPAKENBURG;BUNSCHOTEN;UTRECHT;AMERSFOORT;Nvt;35;ELEK;BU03130007;GM0313;3751.0;3751LW;BU03130007;GM0313;3751.0;3751LW;BU03130007;GM0313;3751.0;3751LW;False;False;False;52.22661089709636;5.37705949207881;WarmteAtlas:SDE_CO2arm;https://www.warmteatlas.nl/geoserver/WarmteAtlas/wfs;2026-06-24T11:54:51;
SDE2218028;Amalthea B.V.;2022;CO2-arme warmte;CO2armEnergieGebruik;CO2armeWarmte;Industriele warmtepomp;Nog te realiseren;Nee;n.a.;;warmte;industriële warmte;;1.25;10000.0;MWh;8000;2328000.0;12;RIJEN;GILZE EN RIJEN;NOORD-BRABANT;HARTVANBRABANT;Nvt;10;IND;BU07840108;GM0784;5121.0;5121DM;BU07840108;GM0784;5121.0;5121DM;BU07840108;GM0784;5121.0;5121DM;False;False;False;51.58003061005008;4.943291690596671;WarmteAtlas:SDE_CO2arm;https://www.warmteatlas.nl/geoserver/WarmteAtlas/wfs;2026-06-24T11:54:51;
SDE2314683;Twence B.V.;2023;CO2-arme productie;CO2armEnergieGebruik;CO2armeProductie;CO2-afvang en -opslag;Nog te realiseren;Nee;n.a.;;CCS;co2;;12.5;30000.0;TON;2400;98613405.0;15;HENGELO OV;HENGELO;OVERIJSSEL;REGIO TWENTE;Nvt;38;IND;BU01640600;GM0164;7554.0;7554TA;BU01640600;GM0164;7554.0;7554TA;BU01640600;GM0164;7554.0;7554TA;False;False;False;52.23759361392649;6.786973899216731;WarmteAtlas:SDE_CO2arm;https://www.warmteatlas.nl/geoserver/WarmteAtlas/wfs;2026-06-24T11:54:51;
SDE2315625;Heldens & Van Dijk Agro B.V.;2023;CO2-arme warmte;CO2armEnergieGebruik;CO2armeWarmte;Industriele warmtepomp;Nog te realiseren;Nee;n.a.;;warmte;lucht - water;;0.506;1771.0;MWh;3500;2154422.0;15;ELL;LEUDAL;LIMBURG;NOORD-ENMIDDEN-LIMBURG;Nvt;1;LAND;BU16401101;GM1640;6011.0;6011SW;BU16401101;GM1640;6011.0;6011SW;BU16401101;GM1640;6011.0;6011SW;False;False;False;51.20976146616846;5.817983354414012;WarmteAtlas:SDE_CO2arm;https://www.warmteatlas.nl/geoserver/WarmteAtlas/wfs;2026-06-24T11:54:51;
SDE2310233;Ameco;2023;CO2-arme warmte;CO2armEnergieGebruik;CO2armeWarmte;Industriele warmtepomp;Nog te realiseren;Nee;n.a.;;warmte;industriële warmte;;0.508;1524.0;MWh;3000;1347826.0;12;APELDOORN;APELDOORN;GELDERLAND;CLEANTECH;Nvt;46;GO;BU02000607;GM0200;7325.0;7325WC;BU02000607;GM0200;7325.0;7325WC;BU02000607;GM0200;7325.0;7325WC;False;False;False;52.20054455713891;6.0311446297689075;WarmteAtlas:SDE_CO2arm;https://www.warmteatlas.nl/geoserver/WarmteAtlas/wfs;2026-06-24T11:54:51;
SDE2310242;Wabico B.V.;2023;CO2-arme productie;CO2armEnergieGebruik;CO2armeProductie;CO2-afvang en -opslag;Nog te realiseren;Nee;n.a.;;CCS;co2;;1.1;4400.0;TON;4000;5892131.0;15;WAALWIJK;WAALWIJK;NOORD-BRABANT;HARTVANBRABANT;Nvt;46;GO;BU08670011;GM0867;5145.0;5145PX;BU08670011;GM0867;5145.0;5145PX;BU08670011;GM0867;5145.0;5145PX;False;False;False;51.70924090430105;5.079040531265464;WarmteAtlas:SDE_CO2arm;https://www.warmteatlas.nl/geoserver/WarmteAtlas/wfs;2026-06-24T11:54:51;
SDE2317681;Banketbakkerij Wouter de Graaf B.V.;2023;CO2-arme warmte;CO2armEnergieGebruik;CO2armeWarmte;Industriele warmtepomp;Nog te realiseren;Nee;n.a.;;warmte;industriële warmte;;0.606;1818.0;MWh;3000;1607840.0;12;BUNSCHOTEN-SPAKENBURG;BUNSCHOTEN;UTRECHT;AMERSFOORT;Nvt;10;IND;BU03130002;GM0313;3751.0;3751BJ;BU03130002;GM0313;3751.0;3751BJ;BU03130002;GM0313;3751.0;3751BJ;False;False;False;52.251813274378414;5.384668998759663;WarmteAtlas:SDE_CO2arm;https://www.warmteatlas.nl/geoserver/WarmteAtlas/wfs;2026-06-24T11:54:51;
SDE2216620;Vitelco B.V.;2022;CO2-arme warmte;CO2armEnergieGebruik;CO2armeWarmte;Industriele warmtepomp;Nog te realiseren;Nee;n.a.;;warmte;industriële warmte;;1.236;7712.64;MWh;6240;2202730.0;12;'S-HERTOGENBOSCH;'S-HERTOGENBOSCH;NOORD-BRABANT;NOORDOOST-BRABANT;Nvt;10;IND;BU07961110;GM0796;5222.0;5222AE;BU07961110;GM0796;5222.0;5222AE;BU07961110;GM0796;5222.0;5222AE;False;False;False;51.70346732816232;5.28558819958978;WarmteAtlas:SDE_CO2arm;https://www.warmteatlas.nl/geoserver/WarmteAtlas/wfs;2026-06-24T11:54:51;
SDE2312045;Brouwerij 't IJ;2023;CO2-arme warmte;CO2armEnergieGebruik;CO2armeWarmte;Industriele warmtepomp;Nog te realiseren;Nee;n.a.;;warmte;industriële warmte;;0.5;630.0;MWh;1260;224532.0;12;AMSTERDAM;AMSTERDAM;NOORD-HOLLAND;NOORD-HOLLANDZUID;Nvt;11;IND;BU0363MA09;GM0363;1019.0;1019EP;BU0363MA09;GM0363;1019.0;1019EP;BU0363MA09;GM0363;1019.0;1019EP;False;False;False;52.368017722919404;4.94072735364707;WarmteAtlas:SDE_CO2arm;https://www.warmteatlas.nl/geoserver/WarmteAtlas/wfs;2026-06-24T11:54:51;
SDE2312986;Coöperatie Royal Floraholland U.A.;2023;CO2-arme warmte;CO2armEnergieGebruik;CO2armeWarmte;Industriele warmtepomp;Nog te realiseren;Nee;n.a.;;warmte;lucht - water;;7.0;24500.0;MWh;3500;29804250.0;15;AALSMEER;AALSMEER;NOORD-HOLLAND;NOORD-HOLLANDZUID;Nvt;82;GO;BU03580004;GM0358;1431.0;1431GB;BU03580004;GM0358;1431.0;1431GB;BU03580004;GM0358;1431.0;1431GB;False;False;False;52.26131388130393;4.7853353609491265;WarmteAtlas:SDE_CO2arm;https://www.warmteatlas.nl/geoserver/WarmteAtlas/wfs;2026-06-24T11:54:51;
SDE2313866;Participatiemaatschappij Onings B.V.;2023;CO2-arme warmte;CO2armEnergieGebruik;CO2armeWarmte;Industriele warmtepomp;Nog te realiseren;Nee;n.a.;;warmte;lucht - water;;0.5;1750.0;MWh;3500;2128875.0;15;POELDIJK;WESTLAND;ZUID-HOLLAND;ROTTERDAM/DENHAAG;Nvt;70;GO;BU17830904;GM1783;2685.0;2685DH;BU17830904;GM1783;2685.0;2685DH;BU17830904;GM1783;2685.0;2685DH;False;False;False;52.03120524377358;4.236727750770961;WarmteAtlas:SDE_CO2arm;https://www.warmteatlas.nl/geoserver/WarmteAtlas/wfs;2026-06-24T11:54:51;
SDE2313903;B.V. Gulpener Bierbrouwerij;2023;CO2-arme warmte;CO2armEnergieGebruik;CO2armeWarmte;Industriele warmtepomp;Nog te realiseren;Nee;n.a.;;warmte;industriële warmte;;0.598;1794.0;MWh;3000;1586614.0;12;GULPEN;GULPEN-WITTEM;LIMBURG;ZUID-LIMBURG;Nvt;11;IND;BU17290000;GM1729;6271.0;6271BL;BU17290000;GM1729;6271.0;6271BL;BU17290000;GM1729;6271.0;6271BL;False;False;False;50.81515795049636;5.891374429851453;WarmteAtlas:SDE_CO2arm;https://www.warmteatlas.nl/geoserver/WarmteAtlas/wfs;2026-06-24T11:54:51;
SDE2317727;Hoogweg Paprikakwekerijen B.V.;2023;CO2-arme productie;CO2armEnergieGebruik;CO2armeProductie;CO2-afvang en -opslag;Nog te realiseren;Nee;n.a.;;CCS;co2;;5.5;22000.0;TON;4000;34856514.0;15;MARKNESSE;NOORDOOSTPOLDER;FLEVOLAND;FLEVOLAND;Nvt;1;LAND;BU01710426;GM0171;8316.0;8316KZ;BU01710426;GM0171;8316.0;8316KZ;BU01710426;GM0171;8316.0;8316KZ;False;False;False;52.73411223288056;5.880730414497391;WarmteAtlas:SDE_CO2arm;https://www.warmteatlas.nl/geoserver/WarmteAtlas/wfs;2026-06-24T11:54:51;
SDE2319566;Radboud Universiteit Nijmegen;2023;CO2-arme warmte;CO2armEnergieGebruik;CO2armeWarmte;Restwarmte;Nog te realiseren;Nee;n.a.;;warmte;restwarmte;;2.0;2700.0;MWh;1350;40500.0;15;NIJMEGEN;NIJMEGEN;GELDERLAND;ARNHEM/NIJMEGEN;Nvt;80;GO;BU02680517;GM0268;6525.0;6525HR;BU02680517;GM0268;6525.0;6525HR;BU02680517;GM0268;6525.0;6525HR;False;False;False;51.81968829323309;5.859893368526854;WarmteAtlas:SDE_CO2arm;https://www.warmteatlas.nl/geoserver/WarmteAtlas/wfs;2026-06-24T11:54:51;
SDE2311275;AZN Holding B.V.;2023;CO2-arme productie;CO2armEnergieGebruik;CO2armeProductie;CO2-afvang en -opslag;Nog te realiseren;Nee;n.a.;;CCS;co2;;80.0;640000.0;TON;8000;1459200000.0;15;MOERDIJK;MOERDIJK;NOORD-BRABANT;WEST-BRABANT;Nvt;64;GO;BU17090303;GM1709;4782.0;4782PM;BU17090303;GM1709;4782.0;4782PM;BU17090303;GM1709;4782.0;4782PM;False;False;False;51.6829216687518;4.579517702708576;WarmteAtlas:SDE_CO2arm;https://www.warmteatlas.nl/geoserver/WarmteAtlas/wfs;2026-06-24T11:54:51;
SDE2311300;Vion Boxtel;2023;CO2-arme warmte;CO2armEnergieGebruik;CO2armeWarmte;Industriele warmtepomp;Nog te realiseren;Nee;n.a.;;warmte;industriële warmte;;0.91;2730.0;MWh;3000;2414412.0;12;BOXTEL;BOXTEL;NOORD-BRABANT;NOORDOOST-BRABANT;Nvt;10;IND;BU07570000;GM0757;5281.0;5281LB;BU07570000;GM0757;5281.0;5281LB;BU07570000;GM0757;5281.0;5281LB;False;False;False;51.58021832792886;5.325313181994436;WarmteAtlas:SDE_CO2arm;https://www.warmteatlas.nl/geoserver/WarmteAtlas/wfs;2026-06-24T11:54:51;
SDE2312999;Ennatuurlijk Aardwarmte Moerdijk-Breda B.V.;2023;CO2-arme warmte;CO2armEnergieGebruik;CO2armeWarmte;Geothermische energie;Nog te realiseren;Nee;n.a.;;warmte;aardwarmte;nog bepalen;41.6;249600.0;MWh;6000;299520000.0;15;MOERDIJK;MOERDIJK;NOORD-BRABANT;WEST-BRABANT;Nvt;35;ELEK;BU17090409;GM1709;4781.0;4781PC;BU17090409;GM1709;4781.0;4781PC;BU17090409;GM1709;4781.0;4781PC;False;False;False;51.703522965268654;4.640843454976008;WarmteAtlas:SDE_CO2arm;https://www.warmteatlas.nl/geoserver/WarmteAtlas/wfs;2026-06-24T11:54:51;
SDE2314862;Prezero Energy Roosendaal B.V.;2023;CO2-arme productie;CO2armEnergieGebruik;CO2armeProductie;CO2-afvang en -opslag;Nog te realiseren;Nee;n.a.;;CCS;co2;;20.0;80000.0;TON;4000;319197360.0;15;ROOSENDAAL;ROOSENDAAL;NOORD-BRABANT;WEST-BRABANT;Nvt;38;IND;BU16740309;GM1674;4703.0;4703RK;BU16740309;GM1674;4703.0;4703RK;BU16740309;GM1674;4703.0;4703RK;False;False;False;51.5488536590225;4.441579222849639;WarmteAtlas:SDE_CO2arm;https://www.warmteatlas.nl/geoserver/WarmteAtlas/wfs;2026-06-24T11:54:51;
SDE2118533;Ter Steege Industrie B.V.;2021;CO2-arme warmte;CO2armEnergieGebruik;CO2armeWarmte;Industriele warmtepomp;Nog te realiseren;Nee;n.a.;;warmte;industriële warmte;;1.1;3333.0;MWh;3030;795921.0;12;RIJSSEN;RIJSSEN-HOLTEN;OVERIJSSEL;TWENTE;Nvt;64;GO;BU17420701;GM1742;7461.0;7461JZ;BU17420701;GM1742;7461.0;7461JZ;BU17420701;GM1742;7461.0;7461JZ;False;False;False;52.321244376636336;6.516657145917417;WarmteAtlas:SDE_CO2arm;https://www.warmteatlas.nl/geoserver/WarmteAtlas/wfs;2026-06-24T11:54:51;
SDE2211248;Waterschap De Dommel;2022;CO2-arme productie;CO2armEnergieGebruik;CO2armeProductie;CO2-afvang en -opslag;Nog te realiseren;Nee;n.a.;;CCS;co2;;1.0;4000.0;TON;4000;4361610.0;15;TILBURG;TILBURG;NOORD-BRABANT;HARTVANBRABANT;Nvt;84;GO;BU08556501;GM0855;5048.0;5048SP;BU08556501;GM0855;5048.0;5048SP;BU08556501;GM0855;5048.0;5048SP;False;False;False;51.606744666891935;5.058290143514636;WarmteAtlas:SDE_CO2arm;https://www.warmteatlas.nl/geoserver/WarmteAtlas/wfs;2026-06-24T11:54:51;
SDE2212191;Haagse Aardwarmte Ypenburg B.V.;2022;CO2-arme warmte;CO2armEnergieGebruik;CO2armeWarmte;Geothermische energie;Nog te realiseren;Nee;n.a.;;warmte;aardwarmte;Nee;22.57;134233.33;MWh;5947;174570450.0;15;'S-GRAVENHAGE;'S-GRAVENHAGE;ZUID-HOLLAND;ROTTERDAM/DENHAAG;Nvt;8;IND;BU05184317;GM0518;2491.0;2491BG;BU05184317;GM0518;2491.0;2491BG;BU05184317;GM0518;2491.0;2491BG;False;False;False;52.06833198310811;4.3850095038170425;WarmteAtlas:SDE_CO2arm;https://www.warmteatlas.nl/geoserver/WarmteAtlas/wfs;2026-06-24T11:54:51;
SDE2215470;Neenah Coldenhove;2022;CO2-arme warmte;CO2armEnergieGebruik;CO2armeWarmte;Elektrische boiler;Nog te realiseren;Nee;n.a.;;warmte;elektriciteit;;10.0;43000.0;MWh;4300;28573500.0;15;EERBEEK;BRUMMEN;GELDERLAND;CLEANTECH;Nvt;17;IND;BU02130610;GM0213;6961.0;6961LG;BU02130610;GM0213;6961.0;6961LG;BU02130610;GM0213;6961.0;6961LG;False;False;False;52.08961985868498;6.040474620966304;WarmteAtlas:SDE_CO2arm;https://www.warmteatlas.nl/geoserver/WarmteAtlas/wfs;2026-06-24T11:54:51;
SDE2215550;De Munte Holding B.V.;2022;CO2-arme warmte;CO2armEnergieGebruik;CO2armeWarmte;Industriele warmtepomp;Nog te realiseren;Nee;n.a.;;warmte;industriële warmte;;1.75;5250.0;MWh;3000;4000500.0;12;'S-HERTOGENBOSCH;'S-HERTOGENBOSCH;NOORD-BRABANT;NOORDOOST-BRABANT;Nvt;64;GO;BU07961010;GM0796;5234.0;5234KC;BU07961010;GM0796;5234.0;5234KC;BU07961010;GM0796;5234.0;5234KC;False;False;False;51.73135931407069;5.283894750467492;WarmteAtlas:SDE_CO2arm;https://www.warmteatlas.nl/geoserver/WarmteAtlas/wfs;2026-06-24T11:54:51;
SDE2215563;Frieslandcampina Nederland B.V.;2022;CO2-arme warmte;CO2armEnergieGebruik;CO2armeWarmte;Industriele warmtepomp;Nog te realiseren;Nee;n.a.;;warmte;industriële warmte;;1.4;8736.0;MWh;6240;2128090.0;12;MAASDAM;HOEKSCHE WAARD;ZUID-HOLLAND;HOEKSCHEWAARD;Nvt;77;GO;BU19630500;GM1963;3299.0;3299XZ;BU19630500;GM1963;3299.0;3299XZ;BU19630500;GM1963;3299.0;3299XZ;False;False;False;51.79224204538917;4.5473408566797096;WarmteAtlas:SDE_CO2arm;https://www.warmteatlas.nl/geoserver/WarmteAtlas/wfs;2026-06-24T11:54:51;
SDE2210702;Vitelco B.V.;2022;CO2-arme warmte;CO2armEnergieGebruik;CO2armeWarmte;Industriele warmtepomp;Nog te realiseren;Nee;n.a.;;warmte;industriële warmte;;0.764;2292.0;MWh;3000;1746504.0;12;'S-HERTOGENBOSCH;'S-HERTOGENBOSCH;NOORD-BRABANT;NOORDOOST-BRABANT;Nvt;10;IND;BU07961110;GM0796;5222.0;5222AE;BU07961110;GM0796;5222.0;5222AE;BU07961110;GM0796;5222.0;5222AE;False;False;False;51.70346732816232;5.28558819958978;WarmteAtlas:SDE_CO2arm;https://www.warmteatlas.nl/geoserver/WarmteAtlas/wfs;2026-06-24T11:54:51;
SDE2119096;Sappi Maastricht B.V.;2021;CO2-arme warmte;CO2armEnergieGebruik;CO2armeWarmte;Elektrische boiler;Nog te realiseren;Nee;n.a.;;warmte;elektriciteit;;19.96;59880.0;MWh;3000;28383120.0;15;MAASTRICHT;MAASTRICHT;LIMBURG;ZUID-LIMBURG;Nvt;17;IND;BU09350300;GM0935;6211.0;6211AA;BU09350300;GM0935;6211.0;6211AA;BU09350300;GM0935;6211.0;6211AA;False;False;False;50.860277213136136;5.695444959999962;WarmteAtlas:SDE_CO2arm;https://www.warmteatlas.nl/geoserver/WarmteAtlas/wfs;2026-06-24T11:54:51;
SDE2213102;Hoogweg Paprikakwekerijen B.V.;2022;CO2-arme productie;CO2armEnergieGebruik;CO2armeProductie;CO2-afvang en -opslag;Nog te realiseren;Nee;n.a.;;CCS;co2;;5.5;22000.0;TON;4000;36101769.0;15;MARKNESSE;NOORDOOSTPOLDER;FLEVOLAND;FLEVOLAND;Nvt;1;LAND;BU01710426;GM0171;8316.0;8316KZ;BU01710426;GM0171;8316.0;8316KZ;BU01710426;GM0171;8316.0;8316KZ;False;False;False;52.73411223288056;5.880730414497391;WarmteAtlas:SDE_CO2arm;https://www.warmteatlas.nl/geoserver/WarmteAtlas/wfs;2026-06-24T11:54:51;
SDE2213898;Aardwarmte Ede B.V.;2022;CO2-arme warmte;CO2armEnergieGebruik;CO2armeWarmte;Geothermische energie;Nog te realiseren;Nee;n.a.;;warmte;aardwarmte;Nee;12.2;72960.0;MWh;5980;74200320.0;15;BENNEKOM;EDE;GELDERLAND;FOODVALLEY;Nvt;35;ELEK;BU02283031;GM0228;6721.0;6721NE;BU02283031;GM0228;6721.0;6721NE;BU02283031;GM0228;6721.0;6721NE;False;False;False;52.014615316062404;5.6449316591462475;WarmteAtlas:SDE_CO2arm;https://www.warmteatlas.nl/geoserver/WarmteAtlas/wfs;2026-06-24T11:54:51;
SDE2210795;Bio-Energie De Vallei B.V.;2022;CO2-arme warmte;CO2armEnergieGebruik;CO2armeWarmte;Restwarmte;Nog te realiseren;Nee;n.a.;;warmte;restwarmte;;3.49;16457.14;MWh;4716;12145372.0;15;EDE GLD;EDE;GELDERLAND;FOODVALLEY;Nvt;35;ELEK;BU02281301;GM0228;6716.0;6716AA;BU02281301;GM0228;6716.0;6716AA;BU02281301;GM0228;6716.0;6716AA;False;False;False;52.03508013464683;5.63273577274865;WarmteAtlas:SDE_CO2arm;https://www.warmteatlas.nl/geoserver/WarmteAtlas/wfs;2026-06-24T11:54:51;
SDE2213137;H & S Coldstores B.V.;2022;CO2-arme warmte;CO2armEnergieGebruik;CO2armeWarmte;Industriele warmtepomp;Nog te realiseren;Nee;n.a.;;warmte;industriële warmte;;0.7;2100.0;MWh;3000;1600200.0;12;BENEDEN-LEEUWEN;WEST MAAS EN WAAL;GELDERLAND;FRUITDELTARIVIERENLAND;Nvt;10;IND;BU06680400;GM0668;6658.0;6658KK;BU06680400;GM0668;6658.0;6658KK;BU06680400;GM0668;6658.0;6658KK;False;False;False;51.8772455423448;5.503068603319094;WarmteAtlas:SDE_CO2arm;https://www.warmteatlas.nl/geoserver/WarmteAtlas/wfs;2026-06-24T11:54:51;
SDE2119122;Coöperatie Avebe U.A.;2021;CO2-arme warmte;CO2armEnergieGebruik;CO2armeWarmte;Elektrische boiler;Nog te realiseren;Nee;n.a.;;warmte;elektriciteit;;5.94;17820.0;MWh;3000;6655770.0;15;FOXHOL;MIDDEN-GRONINGEN;GRONINGEN;GRONINGEN;Nvt;10;IND;BU19520702;GM1952;9607.0;9607PT;BU19520702;GM1952;9607.0;9607PT;BU19520702;GM1952;9607.0;9607PT;False;False;False;53.17086779653556;6.712557763760247;WarmteAtlas:SDE_CO2arm;https://www.warmteatlas.nl/geoserver/WarmteAtlas/wfs;2026-06-24T11:54:51;
SDE2210806;Bio Energy Coevorden B.V.;2022;CO2-arme productie;CO2armEnergieGebruik;CO2armeProductie;CO2-afvang en -opslag;Nog te realiseren;Nee;n.a.;;CCS;co2;;5.424;21696.0;TON;4000;27198421.0;15;COEVORDEN;COEVORDEN;DRENTHE;DRENTHE;Nvt;35;ELEK;BU01091013;GM0109;7742.0;7742NA;BU01091013;GM0109;7742.0;7742NA;BU01091013;GM0109;7742.0;7742NA;False;False;False;52.647940970197524;6.746246556932135;WarmteAtlas:SDE_CO2arm;https://www.warmteatlas.nl/geoserver/WarmteAtlas/wfs;2026-06-24T11:54:51;
SDE2214006;Albemarle Catalysts Company B.V.;2022;CO2-arme warmte;CO2armEnergieGebruik;CO2armeWarmte;Industriele warmtepomp;Nog te realiseren;Nee;n.a.;;warmte;industriële warmte;;2.214;17712.0;MWh;8000;4527188.0;12;AMSTERDAM;AMSTERDAM;NOORD-HOLLAND;NOORD-HOLLANDZUID;Nvt;20;IND;BU0363NL02;GM0363;1022.0;1022AB;BU0363NL02;GM0363;1022.0;1022AB;BU0363NL02;GM0363;1022.0;1022AB;False;False;False;52.38781720647882;4.937488472828312;WarmteAtlas:SDE_CO2arm;https://www.warmteatlas.nl/geoserver/WarmteAtlas/wfs;2026-06-24T11:54:51;
SDE2211575;Radboud Universitair Medisch Centrum / RADBOUDUMC;2022;CO2-arme warmte;CO2armEnergieGebruik;CO2armeWarmte;Elektrische boiler;Nog te realiseren;Nee;n.a.;;warmte;elektriciteit;;5.0;20169.0;MWh;4034;13946864.0;15;NIJMEGEN;NIJMEGEN;GELDERLAND;ARNHEM/NIJMEGEN;Nvt;86;GO;BU02680517;GM0268;6525.0;6525EZ;BU02680517;GM0268;6525.0;6525GA;BU02680517;GM0268;6525.0;6525GA;False;False;False;51.82415989507067;5.8636212252900535;WarmteAtlas:SDE_CO2arm;https://www.warmteatlas.nl/geoserver/WarmteAtlas/wfs;2026-06-24T11:54:51;
SDE2212503;Coldservice Real Estate N.V.;2022;CO2-arme warmte;CO2armEnergieGebruik;CO2armeWarmte;Restwarmte;Nog te realiseren;Nee;n.a.;;warmte;restwarmte;;4.385;24117.5;MWh;5500;14108738.0;15;VEGHEL;MEIERIJSTAD;NOORD-BRABANT;NOORDOOST-BRABANT;Nvt;68;GO;BU19480403;GM1948;5462.0;5462GH;BU19480403;GM1948;5462.0;5462GH;BU19480403;GM1948;5462.0;5462GH;False;False;False;51.62399033654238;5.513159538071919;WarmteAtlas:SDE_CO2arm;https://www.warmteatlas.nl/geoserver/WarmteAtlas/wfs;2026-06-24T11:54:51;
SDE2211651;Delicia B.V.;2022;CO2-arme warmte;CO2armEnergieGebruik;CO2armeWarmte;Industriele warmtepomp;Nog te realiseren;Nee;n.a.;;warmte;industriële warmte;;0.5;2750.0;MWh;5500;785400.0;12;TILBURG;TILBURG;NOORD-BRABANT;HARTVANBRABANT;Nvt;10;IND;BU08555904;GM0855;5048.0;5048AN;BU08555904;GM0855;5048.0;5048AN;BU08555904;GM0855;5048.0;5048AN;False;False;False;51.5866124138523;5.051475278407522;WarmteAtlas:SDE_CO2arm;https://www.warmteatlas.nl/geoserver/WarmteAtlas/wfs;2026-06-24T11:54:51;
SDE2212540;Barry Callebaut Decorations B.V.;2022;CO2-arme warmte;CO2armEnergieGebruik;CO2armeWarmte;Industriele warmtepomp;Nog te realiseren;Nee;n.a.;;warmte;industriële warmte;;0.57;1710.0;MWh;3000;1303020.0;12;ZUNDERT;ZUNDERT;NOORD-BRABANT;WEST-BRABANT;Nvt;70;GO;BU08790009;GM0879;4881.0;4881XZ;BU08790009;GM0879;4881.0;4881XZ;BU08790009;GM0879;4881.0;4881XZ;False;False;False;51.464994853794565;4.645594062333768;WarmteAtlas:SDE_CO2arm;https://www.warmteatlas.nl/geoserver/WarmteAtlas/wfs;2026-06-24T11:54:51;
SDE2213290;Simons Vastgoed B.V.;2022;CO2-arme warmte;CO2armEnergieGebruik;CO2armeWarmte;Industriele warmtepomp;Nog te realiseren;Nee;n.a.;;warmte;industriële warmte;;0.99;2970.0;MWh;3000;2263140.0;12;ROERMOND;ROERMOND;LIMBURG;NOORD-ENMIDDEN-LIMBURG;Nvt;64;GO;BU09570202;GM0957;6045.0;6045GW;BU09570202;GM0957;6045.0;6045GW;BU09570202;GM0957;6045.0;6045GW;False;False;False;51.17049241835151;6.033659988805304;WarmteAtlas:SDE_CO2arm;https://www.warmteatlas.nl/geoserver/WarmteAtlas/wfs;2026-06-24T11:54:51;
SDE2116486;Renegie Circulair B.V.;2021;CO2-arme productie;CO2armEnergieGebruik;CO2armeProductie;CO2-afvang en -opslag;Nog te realiseren;Nee;n.a.;;CCS;co2;;1.5;6000.0;TON;4000;8323479.0;15;RIDDERKERK;RIDDERKERK;ZUID-HOLLAND;ROTTERDAM/DENHAAG;Nvt;35;ELEK;BU05970100;GM0597;2981.0;2981EN;BU05970100;GM0597;2981.0;2981EN;BU05970100;GM0597;2981.0;2981EN;False;False;False;51.868172774977246;4.59312494129304;WarmteAtlas:SDE_CO2arm;https://www.warmteatlas.nl/geoserver/WarmteAtlas/wfs;2026-06-24T11:54:51;
SDE2117901;Advanced Methanol Amsterdam B.V.;2021;CO2-arme productie;CO2armEnergieGebruik;CO2armeProductie;CO2-afvang en -opslag;Nog te realiseren;Nee;n.a.;;CCS;co2;;21.0;84000.0;TON;4000;109884978.0;15;AMSTERDAM;AMSTERDAM;NOORD-HOLLAND;NOORD-HOLLANDZUID;Nvt;20;IND;BU0363AF03;GM0363;1011.0;1011BP;BU0363AF03;GM0363;1011.0;1011BP;BU0363AF03;GM0363;1011.0;1011BP;False;False;False;52.372558386725764;4.905704202210106;WarmteAtlas:SDE_CO2arm;https://www.warmteatlas.nl/geoserver/WarmteAtlas/wfs;2026-06-24T11:54:51;
SDE2212632;Eneco Heat Production & Industrials B.V.;2022;CO2-arme warmte;CO2armEnergieGebruik;CO2armeWarmte;Elektrische boiler;Nog te realiseren;Nee;n.a.;;warmte;elektriciteit;;6.6;28380.0;MWh;4300;18603090.0;15;BROEK OP LANGEDIJK;DIJK EN WAARD;NOORD-HOLLAND;NOORD-HOLLANDNOORD;Nvt;36;IND;BU19800407;GM1980;1721.0;1721CH;BU19800407;GM1980;1721.0;1721CH;BU19800407;GM1980;1721.0;1721CH;False;False;False;52.67142589672634;4.800066451091513;WarmteAtlas:SDE_CO2arm;https://www.warmteatlas.nl/geoserver/WarmteAtlas/wfs;2026-06-24T11:54:51;
SDE2213325;N.V. HVC;2022;CO2-arme warmte;CO2armEnergieGebruik;CO2armeWarmte;Geothermische energie;Nog te realiseren;Nee;n.a.;;warmte;aardwarmte;Nee;25.2;151200.0;MWh;6000;196408800.0;15;LELYSTAD;LELYSTAD;FLEVOLAND;FLEVOLAND;Nvt;38;IND;BU09951075;GM0995;8211.0;8211AL;BU09951075;GM0995;8211.0;8211AL;BU09951075;GM0995;8211.0;8211AL;False;False;False;52.53954958536385;5.511644632578594;WarmteAtlas:SDE_CO2arm;https://www.warmteatlas.nl/geoserver/WarmteAtlas/wfs;2026-06-24T11:54:51;
SDE2317843;Vion Tilburg;2023;CO2-arme warmte;CO2armEnergieGebruik;CO2armeWarmte;Industriele warmtepomp;Nog te realiseren;Nee;n.a.;;warmte;industriële warmte;;0.922;2766.0;MWh;3000;2446251.0;12;TILBURG;TILBURG;NOORD-BRABANT;HARTVANBRABANT;Nvt;10;IND;BU08552905;GM0855;5013.0;5013BC;BU08552905;GM0855;5013.0;5013BC;BU08552905;GM0855;5013.0;5013BC;False;False;False;51.56719827653091;5.103274077641474;WarmteAtlas:SDE_CO2arm;https://www.warmteatlas.nl/geoserver/WarmteAtlas/wfs;2026-06-24T11:54:51;
SDE2219811;Haagse Aardwarmte CR-Plein B.V.;2022;CO2-arme warmte;CO2armEnergieGebruik;CO2armeWarmte;Geothermische energie;Nog te realiseren;Nee;n.a.;;warmte;aardwarmte;Nee;33.333333;199999.0;MWh;6000;260098700.0;15;'S-GRAVENHAGE;'S-GRAVENHAGE;ZUID-HOLLAND;ROTTERDAM/DENHAAG;Nvt;8;IND;BU05182110;GM0518;2518.0;2518PM;BU05182110;GM0518;2518.0;2518PM;BU05182110;GM0518;2518.0;2518PM;False;False;False;52.07751032542536;4.290744312099916;WarmteAtlas:SDE_CO2arm;https://www.warmteatlas.nl/geoserver/WarmteAtlas/wfs;2026-06-24T11:54:51;
SDE2310477;Warmtenet Betuwe B.V.;2023;CO2-arme warmte;CO2armEnergieGebruik;CO2armeWarmte;Restwarmte;Nog te realiseren;Nee;n.a.;;warmte;restwarmte;;2.114;11627.0;MWh;5500;11615373.0;15;GELDERMALSEN;WEST BETUWE;GELDERLAND;FRUITDELTARIVIERENLAND;Nvt;35;ELEK;BU19600006;GM1960;4191.0;4191NX;BU19600006;GM1960;4191.0;4191NX;BU19600006;GM1960;4191.0;4191NX;False;False;False;51.884201317953334;5.267431434064208;WarmteAtlas:SDE_CO2arm;https://www.warmteatlas.nl/geoserver/WarmteAtlas/wfs;2026-06-24T11:54:51;
SDE2312222;Vion Groenlo B.V.;2023;CO2-arme warmte;CO2armEnergieGebruik;CO2armeWarmte;Industriele warmtepomp;Nog te realiseren;Nee;n.a.;;warmte;industriële warmte;;0.5;1500.0;MWh;3000;1326600.0;12;GROENLO;OOST GELRE;GELDERLAND;ACHTERHOEK;Nvt;10;IND;BU15860612;GM1586;7141.0;7141JH;BU15860612;GM1586;7141.0;7141JH;BU15860612;GM1586;7141.0;7141JH;False;False;False;52.05147533525131;6.6247244167246935;WarmteAtlas:SDE_CO2arm;https://www.warmteatlas.nl/geoserver/WarmteAtlas/wfs;2026-06-24T11:54:51;
SDE2313121;Supply Point Cuijk B.V.;2023;CO2-arme warmte;CO2armEnergieGebruik;CO2armeWarmte;Industriele warmtepomp;Nog te realiseren;Nee;n.a.;;warmte;industriële warmte;;0.55;1650.0;MWh;3000;1459260.0;12;KATWIJK NB;LAND VAN CUIJK;NOORD-BRABANT;NOORDOOST-BRABANT;Nvt;64;GO;BU19820605;GM1982;5433.0;5433NE;BU19820605;GM1982;5433.0;5433NE;BU19820605;GM1982;5433.0;5433NE;False;False;False;51.75459631247828;5.863466780231203;WarmteAtlas:SDE_CO2arm;https://www.warmteatlas.nl/geoserver/WarmteAtlas/wfs;2026-06-24T11:54:51;
SDE2315937;Van Rooi Meat B.V.;2023;CO2-arme warmte;CO2armEnergieGebruik;CO2armeWarmte;Industriele warmtepomp;Nog te realiseren;Nee;n.a.;;warmte;industriële warmte;;0.846;2538.0;MWh;3000;2244608.0;12;HELMOND;HELMOND;NOORD-BRABANT;METROPOOLREGIOEINDHOVEN;Nvt;10;IND;BU07942902;GM0794;5704.0;5704RH;BU07942902;GM0794;5704.0;5704RH;BU07942902;GM0794;5704.0;5704RH;False;False;False;51.44798051104476;5.701644916398384;WarmteAtlas:SDE_CO2arm;https://www.warmteatlas.nl/geoserver/WarmteAtlas/wfs;2026-06-24T11:54:51;
SDE2316926;Hoogheemraadschap Hollands Noorderkwartier;2023;CO2-arme productie;CO2armEnergieGebruik;CO2armeProductie;CO2-afvang en -opslag;Nog te realiseren;Nee;n.a.;;CCS;co2;;0.164;655.0;TON;3994;598312.0;15;BEVERWIJK;BEVERWIJK;NOORD-HOLLAND;NOORD-HOLLANDZUID;Nvt;84;GO;BU03750900;GM0375;1948.0;1948NS;BU03750900;GM0375;1948.0;1948NS;BU03750900;GM0375;1948.0;1948NS;False;False;False;52.47527528455465;4.668889708580588;WarmteAtlas:SDE_CO2arm;https://www.warmteatlas.nl/geoserver/WarmteAtlas/wfs;2026-06-24T11:54:51;
SDE2318851;H2-Go B.V.;2023;Waterstof;CO2armEnergieGebruik;waterstof;Waterstof;Nog te realiseren;Nee;n.a.;;elektriciteit;elektriciteit;;0.742;863.69;TON;1164;1129704.0;15;ZWOLLE;ZWOLLE;OVERIJSSEL;WEST-OVERIJSSEL;Nvt;35;ELEK;BU01934040;GM0193;8028.0;8028PP;BU01934040;GM0193;8028.0;8028PP;BU01934040;GM0193;8028.0;8028PP;False;False;False;52.5335950493855;6.176999291055305;WarmteAtlas:SDE_CO2arm;https://www.warmteatlas.nl/geoserver/WarmteAtlas/wfs;2026-06-24T11:54:51;
SDE2318867;Air Liquide Industrie B.V.;2023;CO2-arme warmte;CO2armEnergieGebruik;CO2armeWarmte;Elektrische boiler;Nog te realiseren;Nee;n.a.;;warmte;elektriciteit;;49.75;179100.0;MWh;3600;143459100.0;15;ROTTERDAM;ROTTERDAM;ZUID-HOLLAND;ROTTERDAM/DENHAAG;Nvt;20;IND;BU05992306;GM0599;3197.0;3197KG;BU05992306;GM0599;3197.0;3197KG;BU05992306;GM0599;3197.0;3197KG;False;False;False;51.89320067499686;4.2473455103981355;WarmteAtlas:SDE_CO2arm;https://www.warmteatlas.nl/geoserver/WarmteAtlas/wfs;2026-06-24T11:54:51;
SDE2219102;Bio-Energie De Vallei B.V.;2022;CO2-arme warmte;CO2armEnergieGebruik;CO2armeWarmte;Restwarmte;Nog te realiseren;Nee;n.a.;;warmte;restwarmte;;2.96;7282.2;MWh;2460;4249165.0;15;EDE GLD;EDE;GELDERLAND;FOODVALLEY;Nvt;35;ELEK;BU02280206;GM0228;6713.0;6713KE;BU02280206;GM0228;6713.0;6713KE;BU02280206;GM0228;6713.0;6713KE;False;False;False;52.032740520499765;5.647792161771076;WarmteAtlas:SDE_CO2arm;https://www.warmteatlas.nl/geoserver/WarmteAtlas/wfs;2026-06-24T11:54:51;
SDE2310530;Eneco Heat Production & Industrials B.V.;2023;CO2-arme warmte;CO2armEnergieGebruik;CO2armeWarmte;Elektrische boiler;Nog te realiseren;Nee;n.a.;;warmte;elektriciteit;;8.0;28800.0;MWh;3600;26784000.0;15;ASSENDELFT;ZAANSTAD;NOORD-HOLLAND;NOORD-HOLLANDZUID;Nvt;36;IND;BU04797220;GM0479;1566.0;1566JD;BU04797221;GM0479;1566.0;1566JD;BU04797221;GM0479;1566.0;1566JD;True;False;False;52.491438429908314;4.76538726008669;WarmteAtlas:SDE_CO2arm;https://www.warmteatlas.nl/geoserver/WarmteAtlas/wfs;2026-06-24T11:54:51;
SDE2311509;Groen Gas Jelsum B.V.;2023;CO2-arme productie;CO2armEnergieGebruik;CO2armeProductie;CO2-afvang en -opslag;Nog te realiseren;Nee;n.a.;;CCS;co2;;0.3;1200.0;TON;4000;1606945.0;15;JELSUM;LEEUWARDEN;FRIESLAND;FRIESLAND;Nvt;35;ELEK;BU00806206;GM0080;9057.0;9057LD;BU00806206;GM0080;9057.0;9057LD;BU00806206;GM0080;9057.0;9057LD;False;False;False;53.22852388180238;5.789658097493788;WarmteAtlas:SDE_CO2arm;https://www.warmteatlas.nl/geoserver/WarmteAtlas/wfs;2026-06-24T11:54:51;
SDE2315039;Eavor Europe B.V.;2023;CO2-arme warmte;CO2armEnergieGebruik;CO2armeWarmte;Geothermische energie;Nog te realiseren;Nee;n.a.;;warmte;aardwarmte;nog bepalen;20.0;120000.0;MWh;6000;154080000.0;15;TILBURG;TILBURG;NOORD-BRABANT;Regio Hart van Brabant;Nvt;71;GO;BU08556401;GM0855;5011.0;5011XJ;BU08556401;GM0855;5011.0;5011XJ;BU08556401;GM0855;5011.0;5011XJ;False;False;False;51.61200066082787;5.105363574152585;WarmteAtlas:SDE_CO2arm;https://www.warmteatlas.nl/geoserver/WarmteAtlas/wfs;2026-06-24T11:54:51;
SDE2316957;Duurzaam Opwekken Veenendaal;2023;CO2-arme warmte;CO2armEnergieGebruik;CO2armeWarmte;Industriele warmtepomp;Nog te realiseren;Nee;n.a.;;warmte;lucht - water;;4.208;14728.0;MWh;3500;17894520.0;15;VEENENDAAL;VEENENDAAL;UTRECHT;Regio FoodValley;Nvt;35;ELEK;BU03450441;GM0345;3905.0;3905LA;BU03450441;GM0345;3905.0;3905LA;BU03450441;GM0345;3905.0;3905LA;False;False;False;52.032036203292805;5.553804126227331;WarmteAtlas:SDE_CO2arm;https://www.warmteatlas.nl/geoserver/WarmteAtlas/wfs;2026-06-24T11:54:51;
SDE2318922;3 GS Beheer B.V.;2023;CO2-arme warmte;CO2armEnergieGebruik;CO2armeWarmte;Industriele warmtepomp;Nog te realiseren;Nee;n.a.;;warmte;industriële warmte;;0.55;4400.0;MWh;8000;1568160.0;12;HEUSDEN GEM ASTEN;ASTEN;NOORD-BRABANT;METROPOOLREGIOEINDHOVEN;Nvt;64;GO;BU07430802;GM0743;5725.0;5725RG;BU07430802;GM0743;5725.0;5725RG;BU07430802;GM0743;5725.0;5725RG;False;False;False;51.37384676164956;5.801583809201605;WarmteAtlas:SDE_CO2arm;https://www.warmteatlas.nl/geoserver/WarmteAtlas/wfs;2026-06-24T11:54:51;
SDE2217559;Geocombinatie Leeuwarden B.V.;2022;CO2-arme warmte;CO2armEnergieGebruik;CO2armeWarmte;Geothermische energie;Nog te realiseren;Nee;n.a.;;warmte;aardwarmte;Nee;12.19;73140.0;MWh;6000;95118570.0;15;LEEUWARDEN;LEEUWARDEN;FRIESLAND;FRIESLAND;Nvt;70;GO;BU00801001;GM0080;8911.0;8911HJ;BU00801001;GM0080;8911.0;8911HJ;BU00801001;GM0080;8911.0;8911HJ;False;False;False;53.202300910830196;5.795949431914521;WarmteAtlas:SDE_CO2arm;https://www.warmteatlas.nl/geoserver/WarmteAtlas/wfs;2026-06-24T11:54:51;
SDE2316090;McCain Appetizers Europe B.V.;2023;CO2-arme warmte;CO2armEnergieGebruik;CO2armeWarmte;Industriele warmtepomp;Nog te realiseren;Nee;n.a.;;warmte;industriële warmte;;0.8;2400.0;MWh;3000;2122560.0;12;RILLAND;REIMERSWAAL;ZEELAND;ZEELAND;Nvt;64;GO;BU07030406;GM0703;4411.0;4411PB;BU07030406;GM0703;4411.0;4411PB;BU07030406;GM0703;4411.0;4411PB;False;False;False;51.422074353050654;4.1974508068668985;WarmteAtlas:SDE_CO2arm;https://www.warmteatlas.nl/geoserver/WarmteAtlas/wfs;2026-06-24T11:54:51;
SDE2318988;De Jong Verpakking;2023;CO2-arme warmte;CO2armEnergieGebruik;CO2armeWarmte;Elektrische boiler;Nog te realiseren;Nee;n.a.;;warmte;elektriciteit;;7.2;17344.8;MWh;2409;16833129.0;15;DE LIER;WESTLAND;ZUID-HOLLAND;ROTTERDAM/DENHAAG;Nvt;17;IND;BU17830702;GM1783;2678.0;2678HA;BU17830702;GM1783;2678.0;2678HA;BU17830702;GM1783;2678.0;2678HA;False;False;False;51.97705277730103;4.222782322708309;WarmteAtlas:SDE_CO2arm;https://www.warmteatlas.nl/geoserver/WarmteAtlas/wfs;2026-06-24T11:54:51;
SDE2219164;Plukon Dedemsvaart B.V.;2022;CO2-arme warmte;CO2armEnergieGebruik;CO2armeWarmte;Industriele warmtepomp;Nog te realiseren;Nee;n.a.;;warmte;industriële warmte;;0.51;1530.0;MWh;3000;1165860.0;12;DEDEMSVAART;HARDENBERG;OVERIJSSEL;WEST-OVERIJSSEL;Nvt;10;IND;BU01600901;GM0160;7701.0;7701AD;BU01600901;GM0160;7701.0;7701AD;BU01600901;GM0160;7701.0;7701AD;False;False;False;52.60501708704342;6.4757726890475436;WarmteAtlas:SDE_CO2arm;https://www.warmteatlas.nl/geoserver/WarmteAtlas/wfs;2026-06-24T11:54:51;
SDE2314272;Rem-Tm B.V.;2023;CO2-arme productie;CO2armEnergieGebruik;CO2armeProductie;CO2-afvang en -opslag;Nog te realiseren;Nee;n.a.;;CCS;co2;;1.5;6000.0;TON;4000;5569326.0;15;ODILIAPEEL;MAASHORST;NOORD-BRABANT;NOORDOOST-BRABANT;Nvt;71;GO;BU19910399;GM1991;5409.0;5409SB;BU19910399;GM1991;5409.0;5409SB;BU19910399;GM1991;5409.0;5409SB;False;False;False;51.65779587884715;5.722731308468733;WarmteAtlas:SDE_CO2arm;https://www.warmteatlas.nl/geoserver/WarmteAtlas/wfs;2026-06-24T11:54:51;
SDE2315201;Eneco Heat Production & Industrials B.V.;2023;CO2-arme warmte;CO2armEnergieGebruik;CO2armeWarmte;Elektrische boiler;Nog te realiseren;Nee;n.a.;;warmte;elektriciteit;;9.0;32400.0;MWh;3600;26973000.0;15;BROEK OP LANGEDIJK;DIJK EN WAARD;NOORD-HOLLAND;NOORD-HOLLANDNOORD;Nvt;36;IND;BU19800407;GM1980;1721.0;1721CH;BU19800407;GM1980;1721.0;1721CH;BU19800407;GM1980;1721.0;1721CH;False;False;False;52.67142589672634;4.800066451091513;WarmteAtlas:SDE_CO2arm;https://www.warmteatlas.nl/geoserver/WarmteAtlas/wfs;2026-06-24T11:54:51;
SDE2316140;Hygro Energy B.V.;2023;Waterstof;CO2armEnergieGebruik;waterstof;Waterstof;Nog te realiseren;Nee;n.a.;;elektriciteit;elektriciteit;;1.995;6966.54;TON;3492;11515691.0;15;MEDEMBLIK;HOLLANDS KROON;NOORD-HOLLAND;Regio Noord Holland Noord;Nvt;35;ELEK;BU04200101;GM0420;1671.0;1671AX;BU04200101;GM0420;1671.0;1671AX;BU04200101;GM0420;1671.0;1671AX;False;False;False;52.77432200247099;5.1124062806023245;WarmteAtlas:SDE_CO2arm;https://www.warmteatlas.nl/geoserver/WarmteAtlas/wfs;2026-06-24T11:54:51;
SDE2318996;HVC;2023;CO2-arme productie;CO2armEnergieGebruik;CO2armeProductie;CO2-afvang en -opslag;Nog te realiseren;Nee;n.a.;;CCS;co2;;12.962406;51849.62;TON;4000;168706201.0;15;ALKMAAR;ALKMAAR;NOORD-HOLLAND;NOORD-HOLLANDNOORD;Nvt;38;IND;BU03610309;GM0361;1812.0;1812RD;BU03610309;GM0361;1812.0;1812RD;BU03610309;GM0361;1812.0;1812RD;False;False;False;52.61091831845492;4.7617072316181694;WarmteAtlas:SDE_CO2arm;https://www.warmteatlas.nl/geoserver/WarmteAtlas/wfs;2026-06-24T11:54:51;
SDE2319021;Vion Boxtel;2023;CO2-arme warmte;CO2armEnergieGebruik;CO2armeWarmte;Industriele warmtepomp;Nog te realiseren;Nee;n.a.;;warmte;industriële warmte;;0.865;2595.0;MWh;3000;2295018.0;12;BOXTEL;BOXTEL;NOORD-BRABANT;NOORDOOST-BRABANT;Nvt;10;IND;BU07570000;GM0757;5281.0;5281LB;BU07570000;GM0757;5281.0;5281LB;BU07570000;GM0757;5281.0;5281LB;False;False;False;51.58021832792886;5.325313181994436;WarmteAtlas:SDE_CO2arm;https://www.warmteatlas.nl/geoserver/WarmteAtlas/wfs;2026-06-24T11:54:51;
SDE2218474;VM Agri Services B.V.;2022;CO2-arme productie;CO2armEnergieGebruik;CO2armeProductie;CO2-afvang en -opslag;Nog te realiseren;Nee;n.a.;;CCS;co2;;0.125;500.0;TON;4000;733118.0;15;VIERPOLDERS;VOORNE AAN ZEE;ZUID-HOLLAND;METROPOOLREGIO ROTTERDAM - DEN HAAG (MRDH);Nvt;46;GO;BU19923109;GM1992;3237.0;3237MB;BU19923109;GM1992;3237.0;3237MB;BU19923109;GM1992;3237.0;3237MB;False;False;False;51.874828187428555;4.167897433478716;WarmteAtlas:SDE_CO2arm;https://www.warmteatlas.nl/geoserver/WarmteAtlas/wfs;2026-06-24T11:54:51;
SDE2317767;Eneco Heat Production & Industrials B.V.;2023;CO2-arme warmte;CO2armEnergieGebruik;CO2armeWarmte;Elektrische boiler;Nog te realiseren;Nee;n.a.;;warmte;elektriciteit;;12.0;43200.0;MWh;3600;40176000.0;15;ZOETERWOUDE;ZOETERWOUDE;ZUID-HOLLAND;HOLLANDRIJNLAND;Nvt;36;IND;BU06381011;GM0638;2382.0;2382PH;BU06381011;GM0638;2382.0;2382PH;BU06381011;GM0638;2382.0;2382PH;False;False;False;52.13587967908694;4.539760335394219;WarmteAtlas:SDE_CO2arm;https://www.warmteatlas.nl/geoserver/WarmteAtlas/wfs;2026-06-24T11:54:51;
SDE2216700;Fujifilm Manufacturing Europe B.V.;2022;CO2-arme warmte;CO2armEnergieGebruik;CO2armeWarmte;Elektrische boiler;Nog te realiseren;Nee;n.a.;;warmte;elektriciteit;;6.93;29799.0;MWh;4300;13767138.0;15;TILBURG;TILBURG;NOORD-BRABANT;HARTVANBRABANT;Nvt;20;IND;BU08556004;GM0855;5047.0;5047TK;BU08556004;GM0855;5047.0;5047TK;BU08556004;GM0855;5047.0;5047TK;False;False;False;51.59739536512155;5.013631938807609;WarmteAtlas:SDE_CO2arm;https://www.warmteatlas.nl/geoserver/WarmteAtlas/wfs;2026-06-24T11:54:51;
SDE2217411;Volth2 B.V.;2022;Waterstof;CO2armEnergieGebruik;waterstof;Waterstof;Nog te realiseren;Nee;n.a.;;elektriciteit;elektriciteit;;18.446238;73784.95;MWh;4000;83340102.0;15;VLISSINGEN;VLISSINGEN;ZEELAND;ZEELAND;Nvt;20;IND;BU07180103;GM0718;4381.0;4381NK;BU07180103;GM0718;4381.0;4381NK;BU07180103;GM0718;4381.0;4381NK;False;False;False;51.445425680602845;3.5796970351670097;WarmteAtlas:SDE_CO2arm;https://www.warmteatlas.nl/geoserver/WarmteAtlas/wfs;2026-06-24T11:54:51;
SDE2316861;Kervo Beheer B.V.;2023;CO2-arme warmte;CO2armEnergieGebruik;CO2armeWarmte;Industriele warmtepomp;Nog te realiseren;Nee;n.a.;;warmte;industriële warmte;;0.79;2370.0;MWh;3000;2096028.0;12;NEER;LEUDAL;LIMBURG;NOORD-ENMIDDEN-LIMBURG;Nvt;64;GO;BU16400301;GM1640;6086.0;6086PP;BU16400301;GM1640;6086.0;6086PP;BU16400301;GM1640;6086.0;6086PP;False;False;False;51.271766933903066;5.978916584652805;WarmteAtlas:SDE_CO2arm;https://www.warmteatlas.nl/geoserver/WarmteAtlas/wfs;2026-06-24T11:54:51;
SDE2317833;Air Liquide Industrie B.V.;2023;CO2-arme warmte;CO2armEnergieGebruik;CO2armeWarmte;Elektrische boiler;Nog te realiseren;Nee;n.a.;;warmte;elektriciteit;;49.75;179100.0;MWh;3600;175159800.0;15;ROTTERDAM;ROTTERDAM;ZUID-HOLLAND;Metropoolregio Rotterdam - Den Haag (MRDH);Nvt;20;IND;BU05990118;GM0599;3011.0;3011BT;BU05990118;GM0599;3016.0;3016DS;BU05990118;GM0599;3016.0;3016DS;False;False;True;51.910902506333166;4.481305541685765;WarmteAtlas:SDE_CO2arm;https://www.warmteatlas.nl/geoserver/WarmteAtlas/wfs;2026-06-24T11:54:51;
SDE2023538;Plukon Blokker B.V.;2020 II;CO2-arme warmte;CO2armEnergieGebruik;CO2armeWarmte;Industriele warmtepomp;Nog te realiseren;Nee;n.a.;01-03-2021;warmte;industriële warmte;;0.8;4800.0;MWh;6000;817920.0;12;BLOKKER;HOORN;NOORD-HOLLAND;NOORD-HOLLANDNOORD;Nvt;10;IND;BU04053309;GM0405;1695.0;1695GD;BU04053309;GM0405;1695.0;1695GD;BU04053309;GM0405;1695.0;1695GD;False;False;False;52.66205343342541;5.10433564584732;WarmteAtlas:SDE_CO2arm;https://www.warmteatlas.nl/geoserver/WarmteAtlas/wfs;2026-06-24T11:54:51;
SDE2025027;Esa B.V.;2020 II;CO2-arme warmte;CO2armEnergieGebruik;CO2armeWarmte;Industriele warmtepomp;Nog te realiseren;Nee;n.a.;01-03-2021;warmte;industriële warmte;;1.1;6600.0;MWh;6000;1124640.0;12;APELDOORN;APELDOORN;GELDERLAND;CLEANTECH;Nvt;46;GO;BU02000409;GM0200;7332.0;7332BH;BU02000409;GM0200;7332.0;7332BH;BU02000409;GM0200;7332.0;7332BH;False;False;False;52.18573014830701;5.986456308254479;WarmteAtlas:SDE_CO2arm;https://www.warmteatlas.nl/geoserver/WarmteAtlas/wfs;2026-06-24T11:54:51;
SDE2027815;Holland Malt B.V.;2020 II;CO2-arme warmte;CO2armEnergieGebruik;CO2armeWarmte;Industriele warmtepomp;Nog te realiseren;Nee;n.a.;01-03-2021;warmte;industriële warmte;;24.2;177978.67;MWh;7354;46986368.0;12;EEMSHAVEN;HET HOGELAND;GRONINGEN;GRONINGEN;Nvt;11;IND;BU19661401;GM1966;9979.0;9979XJ;BU19661401;GM1966;9979.0;9979XJ;BU19661401;GM1966;9979.0;9979XJ;False;False;False;53.455031113943825;6.821743371013012;WarmteAtlas:SDE_CO2arm;https://www.warmteatlas.nl/geoserver/WarmteAtlas/wfs;2026-06-24T11:54:51;
SDE2028761;Coöperatie Avebe U.A.;2020 II;CO2-arme warmte;CO2armEnergieGebruik;CO2armeWarmte;Elektrische boiler;Gerealiseerd;Ja;2023.0;01-12-2023;warmte;elektriciteit;;24.5;49000.0;MWh;2000;16464000.0;15;GASSELTERNIJVEEN;AA EN HUNZE;DRENTHE;DRENTHE;Nvt;10;IND;BU16801500;GM1680;9514.0;9514JA;BU16801500;GM1680;9514.0;9514JA;BU16801500;GM1680;9514.0;9514JA;False;False;False;52.989062723236636;6.868168274513769;WarmteAtlas:SDE_CO2arm;https://www.warmteatlas.nl/geoserver/WarmteAtlas/wfs;2026-06-24T11:54:51;
SDE2026418;Coöperatie Avebe U.A.;2020 II;CO2-arme warmte;CO2armEnergieGebruik;CO2armeWarmte;Elektrische boiler;Nog te realiseren;Nee;n.a.;01-03-2021;warmte;elektriciteit;;29.4;58800.0;MWh;2000;19756800.0;15;TER APELKANAAL;WESTERWOLDE;GRONINGEN;GRONINGEN;Nvt;10;IND;BU19500704;GM1950;9563.0;9563TW;BU19500704;GM1950;9563.0;9563TW;BU19500704;GM1950;9563.0;9563TW;False;False;False;52.92056701290881;7.047311386856685;WarmteAtlas:SDE_CO2arm;https://www.warmteatlas.nl/geoserver/WarmteAtlas/wfs;2026-06-24T11:54:51;
SDE2028301;Danish Crown Foods Haarlem B.V.;2020 II;CO2-arme warmte;CO2armEnergieGebruik;CO2armeWarmte;Industriele warmtepomp;Gerealiseerd;Ja;2022.0;01-10-2021;warmte;industriële warmte;;1.1;9533.33;MWh;8667;1499520.0;12;HAARLEM;HAARLEM;NOORD-HOLLAND;NOORD-HOLLANDZUID;Nvt;10;IND;BU03920602;GM0392;2031.0;2031CE;BU03920602;GM0392;2031.0;2031CE;BU03920602;GM0392;2031.0;2031CE;False;False;False;52.384770996112486;4.660098319434939;WarmteAtlas:SDE_CO2arm;https://www.warmteatlas.nl/geoserver/WarmteAtlas/wfs;2026-06-24T11:54:51;
SDE2027388;Eneco Warmteproductie Utrecht B.V.;2020 II;CO2-arme warmte;CO2armEnergieGebruik;CO2armeWarmte;Elektrische boiler;Nog te realiseren;Nee;n.a.;01-03-2021;warmte;elektriciteit;;9.98;19960.0;MWh;2000;11377200.0;15;UTRECHT;UTRECHT;UTRECHT;U16;Nvt;35;ELEK;BU03440133;GM0344;3542.0;3542AA;BU03440133;GM0344;3542.0;3542AA;BU03440133;GM0344;3542.0;3542AA;False;False;False;52.103954094631504;5.073051487233458;WarmteAtlas:SDE_CO2arm;https://www.warmteatlas.nl/geoserver/WarmteAtlas/wfs;2026-06-24T11:54:51;
SDE2027883;Eneco Warmteproductie Utrecht B.V.;2020 II;CO2-arme warmte;CO2armEnergieGebruik;CO2armeWarmte;Elektrische boiler;Nog te realiseren;Nee;n.a.;01-03-2021;warmte;elektriciteit;;9.98;19960.0;MWh;2000;11377200.0;15;UTRECHT;UTRECHT;UTRECHT;U16;Nvt;35;ELEK;BU03440132;GM0344;3534.0;3534AM;BU03440132;GM0344;3534.0;3534AM;BU03440132;GM0344;3534.0;3534AM;False;False;False;52.102143650083065;5.079021074965294;WarmteAtlas:SDE_CO2arm;https://www.warmteatlas.nl/geoserver/WarmteAtlas/wfs;2026-06-24T11:54:51;
SDE2023681;Sappi Maastricht B.V.;2020 II;CO2-arme warmte;CO2armEnergieGebruik;CO2armeWarmte;Elektrische boiler;Nog te realiseren;Nee;n.a.;01-03-2021;warmte;elektriciteit;;19.96;39920.0;MWh;2000;16287360.0;15;MAASTRICHT;MAASTRICHT;LIMBURG;ZUID-LIMBURG;Nvt;17;IND;BU09350300;GM0935;6211.0;6211AA;BU09350300;GM0935;6211.0;6211AA;BU09350300;GM0935;6211.0;6211AA;False;False;False;50.860277213136136;5.695444959999962;WarmteAtlas:SDE_CO2arm;https://www.warmteatlas.nl/geoserver/WarmteAtlas/wfs;2026-06-24T11:54:51;
SDE2023267;N.V. HVC;2020 II;CO2-arme warmte;CO2armEnergieGebruik;CO2armeWarmte;Elektrische boiler;Gerealiseerd;Ja;2024.0;01-04-2023;warmte;elektriciteit;;24.95;17500.0;MWh;701;7140000.0;15;DORDRECHT;DORDRECHT;ZUID-HOLLAND;DRECHTSTEDEN;Nvt;38;IND;BU05050606;GM0505;3313.0;3313LA;BU05050606;GM0505;3313.0;3313LA;BU05050606;GM0505;3313.0;3313LA;False;False;False;51.814297330706964;4.734983225393948;WarmteAtlas:SDE_CO2arm;https://www.warmteatlas.nl/geoserver/WarmteAtlas/wfs;2026-06-24T11:54:51;
SDE2024682;B.V. Esbro;2020 II;CO2-arme warmte;CO2armEnergieGebruik;CO2armeWarmte;Industriele warmtepomp;Gerealiseerd;Ja;2022.0;01-05-2022;warmte;industriële warmte;;1.996;9672.1;MWh;4846;2228453.0;12;WEHL;DOETINCHEM;GELDERLAND;ACHTERHOEK;Nvt;10;IND;BU02223111;GM0222;7031.0;7031HZ;BU02223111;GM0222;7031.0;7031HZ;BU02223111;GM0222;7031.0;7031HZ;False;False;False;51.949730618160686;6.22317612444049;WarmteAtlas:SDE_CO2arm;https://www.warmteatlas.nl/geoserver/WarmteAtlas/wfs;2026-06-24T11:54:51;
SDE2021801;Ameco;2020 II;CO2-arme warmte;CO2armEnergieGebruik;CO2armeWarmte;Industriele warmtepomp;Nog te realiseren;Nee;n.a.;01-03-2021;warmte;industriële warmte;;1.261;7566.0;MWh;6000;1997424.0;12;APELDOORN;APELDOORN;GELDERLAND;CLEANTECH;Nvt;46;GO;BU02000607;GM0200;7325.0;7325WC;BU02000607;GM0200;7325.0;7325WC;BU02000607;GM0200;7325.0;7325WC;False;False;False;52.20054455713891;6.0311446297689075;WarmteAtlas:SDE_CO2arm;https://www.warmteatlas.nl/geoserver/WarmteAtlas/wfs;2026-06-24T11:54:51;
SDE2025727;Koninklijke Vezet;2020 II;CO2-arme warmte;CO2armEnergieGebruik;CO2armeWarmte;Industriele warmtepomp;Gerealiseerd;Ja;2022.0;01-11-2022;warmte;industriële warmte;;0.686;5488.0;MWh;8000;1218336.0;12;WARMENHUIZEN;SCHAGEN;NOORD-HOLLAND;NOORD-HOLLANDNOORD;Nvt;10;IND;BU04410590;GM0441;1749.0;1749DK;BU04410590;GM0441;1749.0;1749DK;BU04410590;GM0441;1749.0;1749DK;False;False;False;52.716457123123355;4.740561185889824;WarmteAtlas:SDE_CO2arm;https://www.warmteatlas.nl/geoserver/WarmteAtlas/wfs;2026-06-24T11:54:51;
SDE2028805;P2H B.V.;2020 II;CO2-arme warmte;CO2armEnergieGebruik;CO2armeWarmte;Elektrische boiler;Gerealiseerd;Ja;2024.0;01-03-2021;warmte;elektriciteit;;9.9;18480.0;MWh;1867;14434200.0;15;HOOGEZAND;MIDDEN-GRONINGEN;GRONINGEN;GRONINGEN;Nvt;35;ELEK;BU19520105;GM1952;9601.0;9601KJ;BU19520105;GM1952;9601.0;9601KJ;BU19520105;GM1952;9601.0;9601KJ;False;False;False;53.162796824448;6.750530754788949;WarmteAtlas:SDE_CO2arm;https://www.warmteatlas.nl/geoserver/WarmteAtlas/wfs;2026-06-24T11:54:51;
SDE2023748;Heiploeg International B.V.;2020 II;CO2-arme warmte;CO2armEnergieGebruik;CO2armeWarmte;Industriele warmtepomp;Nog te realiseren;Nee;n.a.;01-03-2021;warmte;industriële warmte;;0.88;5280.0;MWh;6000;899712.0;12;ZOUTKAMP;HET HOGELAND;GRONINGEN;GRONINGEN;Nvt;46;GO;BU19660101;GM1966;9974.0;9974SL;BU19660101;GM1966;9974.0;9974SL;BU19660101;GM1966;9974.0;9974SL;False;False;False;53.3461266380463;6.308329552263162;WarmteAtlas:SDE_CO2arm;https://www.warmteatlas.nl/geoserver/WarmteAtlas/wfs;2026-06-24T11:54:51;
SDE2026622;Westfort Slachterij B.V.;2020 II;CO2-arme warmte;CO2armEnergieGebruik;CO2armeWarmte;Industriele warmtepomp;Nog te realiseren;Nee;n.a.;01-03-2021;warmte;industriële warmte;;1.676;7542.0;MWh;4500;1285157.0;12;IJSSELSTEIN UT;IJSSELSTEIN;UTRECHT;U16;Nvt;10;IND;BU03530014;GM0353;3401.0;3401MZ;BU03530014;GM0353;3401.0;3401MZ;BU03530014;GM0353;3401.0;3401MZ;False;False;False;52.01265879887366;5.0643722612022355;WarmteAtlas:SDE_CO2arm;https://www.warmteatlas.nl/geoserver/WarmteAtlas/wfs;2026-06-24T11:54:51;
SDE2021888;Rainbow Green Energy B.V.;2020 II;CO2-arme warmte;CO2armEnergieGebruik;CO2armeWarmte;Elektrische boiler;Nog te realiseren;Nee;n.a.;01-03-2021;warmte;elektriciteit;;18.0;31470.87;MWh;1748;25491407.0;15;MIDDENMEER;HOLLANDS KROON;NOORD-HOLLAND;NOORD-HOLLANDNOORD;Nvt;35;ELEK;BU19111080;GM1911;1775.0;1775TH;BU19111080;GM1911;1775.0;1775TH;BU19111080;GM1911;1775.0;1775TH;False;False;False;52.76901764441066;5.0495721490385606;WarmteAtlas:SDE_CO2arm;https://www.warmteatlas.nl/geoserver/WarmteAtlas/wfs;2026-06-24T11:54:51;
SDE2024382;Plukon Dedemsvaart B.V.;2020 II;CO2-arme warmte;CO2armEnergieGebruik;CO2armeWarmte;Industriele warmtepomp;Nog te realiseren;Nee;n.a.;01-03-2021;warmte;industriële warmte;;0.8;4800.0;MWh;6000;817920.0;12;DEDEMSVAART;HARDENBERG;OVERIJSSEL;WEST-OVERIJSSEL;Nvt;10;IND;BU01600901;GM0160;7701.0;7701AD;BU01600901;GM0160;7701.0;7701AD;BU01600901;GM0160;7701.0;7701AD;False;False;False;52.60501708704342;6.4757726890475436;WarmteAtlas:SDE_CO2arm;https://www.warmteatlas.nl/geoserver/WarmteAtlas/wfs;2026-06-24T11:54:51;
SDE2021931;Compaxo Leasing Gouda B.V.;2020 II;CO2-arme warmte;CO2armEnergieGebruik;CO2armeWarmte;Industriele warmtepomp;Nog te realiseren;Nee;n.a.;01-03-2021;warmte;industriële warmte;;0.5;3000.0;MWh;6000;511200.0;12;GOUDA;GOUDA;ZUID-HOLLAND;MIDDEN-HOLLAND;Nvt;74;GO;BU05130204;GM0513;2802.0;2802ZS;BU05130204;GM0513;2802.0;2802ZS;BU05130204;GM0513;2802.0;2802ZS;False;False;False;51.998253114337274;4.698734772500548;WarmteAtlas:SDE_CO2arm;https://www.warmteatlas.nl/geoserver/WarmteAtlas/wfs;2026-06-24T11:54:51;
SDE2024397;Plukon Wezep B.V.;2020 II;CO2-arme warmte;CO2armEnergieGebruik;CO2armeWarmte;Industriele warmtepomp;Nog te realiseren;Nee;n.a.;01-03-2021;warmte;industriële warmte;;0.615;3690.0;MWh;6000;628776.0;12;WEZEP;OLDEBROEK;GELDERLAND;NOORD-VELUWE;Nvt;10;IND;BU02690100;GM0269;8091.0;8091AZ;BU02690100;GM0269;8091.0;8091AZ;BU02690100;GM0269;8091.0;8091AZ;False;False;False;52.45400988964211;5.998075260640792;WarmteAtlas:SDE_CO2arm;https://www.warmteatlas.nl/geoserver/WarmteAtlas/wfs;2026-06-24T11:54:51;
SDE2026277;Vattenfall Power Generation Netherlands B.V.;2020 II;CO2-arme warmte;CO2armEnergieGebruik;CO2armeWarmte;Elektrische boiler;Nog te realiseren;Nee;n.a.;01-03-2021;warmte;elektriciteit;;149.8;299700.0;MWh;2001;125874000.0;15;DIEMEN;DIEMEN;NOORD-HOLLAND;NOORD-HOLLANDZUID;Nvt;35;ELEK;BU03840803;GM0384;1111.0;1111PP;BU03840803;GM0384;1111.0;1111PP;BU03840803;GM0384;1111.0;1111PP;False;False;False;52.3399922087886;5.017680705574659;WarmteAtlas:SDE_CO2arm;https://www.warmteatlas.nl/geoserver/WarmteAtlas/wfs;2026-06-24T11:54:51;
SDE2023910;Ekro B.V.;2020 II;CO2-arme warmte;CO2armEnergieGebruik;CO2armeWarmte;Industriele warmtepomp;Nog te realiseren;Nee;n.a.;01-03-2021;warmte;industriële warmte;;1.261;7566.0;MWh;6000;1289247.0;12;APELDOORN;APELDOORN;GELDERLAND;CLEANTECH;Nvt;10;IND;BU02000406;GM0200;7333.0;7333NR;BU02000406;GM0200;7333.0;7333NR;BU02000406;GM0200;7333.0;7333NR;False;False;False;52.17890046500267;5.965882207596967;WarmteAtlas:SDE_CO2arm;https://www.warmteatlas.nl/geoserver/WarmteAtlas/wfs;2026-06-24T11:54:51;
SDE2026303;Compaxo Leasing Gouda B.V.;2020 II;CO2-arme warmte;CO2armEnergieGebruik;CO2armeWarmte;Industriele warmtepomp;Nog te realiseren;Nee;n.a.;01-03-2021;warmte;industriële warmte;;2.0;16000.0;MWh;8000;2726400.0;12;GOUDA;GOUDA;ZUID-HOLLAND;MIDDEN-HOLLAND;Nvt;74;GO;BU05130204;GM0513;2802.0;2802ZS;BU05130204;GM0513;2802.0;2802ZS;BU05130204;GM0513;2802.0;2802ZS;False;False;False;51.998253114337274;4.698734772500548;WarmteAtlas:SDE_CO2arm;https://www.warmteatlas.nl/geoserver/WarmteAtlas/wfs;2026-06-24T11:54:51;
SDE2021533;Gemeente Eindhoven;2020 II;CO2-arme warmte;CO2armEnergieGebruik;CO2armeWarmte;Aquathermie;Gerealiseerd;Ja;2021.0;01-08-2021;warmte;drink- of afvalwater;;0.734;4404.0;MWh;6000;1374048.0;15;EINDHOVEN;EINDHOVEN;NOORD-BRABANT;METROPOOLREGIOEINDHOVEN;Nvt;91;GO;BU07727260;GM0772;5644.0;5644RX;BU07727260;GM0772;5644.0;5644RX;BU07727260;GM0772;5644.0;5644RX;False;False;False;51.41724544818913;5.475535214241019;WarmteAtlas:SDE_CO2arm;https://www.warmteatlas.nl/geoserver/WarmteAtlas/wfs;2026-06-24T11:54:51;
SDE2022534;Eneco Warmteproductie Utrecht B.V.;2020 II;CO2-arme warmte;CO2armEnergieGebruik;CO2armeWarmte;Aquathermie;Gerealiseerd;Ja;2024.0;01-05-2024;warmte;drink- of afvalwater;;28.559;171354.0;MWh;6000;48835890.0;15;UTRECHT;UTRECHT;UTRECHT;U16;Nvt;35;ELEK;BU03440321;GM0344;3562.0;3562LA;BU03440321;GM0344;3562.0;3562LA;BU03440321;GM0344;3562.0;3562LA;False;False;False;52.112547854186445;5.107895696232025;WarmteAtlas:SDE_CO2arm;https://www.warmteatlas.nl/geoserver/WarmteAtlas/wfs;2026-06-24T11:54:51;
SDE2028207;B.V. Gulpener Bierbrouwerij;2020 II;CO2-arme warmte;CO2armEnergieGebruik;CO2armeWarmte;Industriele warmtepomp;Nog te realiseren;Nee;n.a.;01-03-2021;warmte;industriële warmte;;0.615;3690.0;MWh;6000;628776.0;12;GULPEN;GULPEN-WITTEM;LIMBURG;ZUID-LIMBURG;Nvt;11;IND;BU17290000;GM1729;6271.0;6271BL;BU17290000;GM1729;6271.0;6271BL;BU17290000;GM1729;6271.0;6271BL;False;False;False;50.81515795049636;5.891374429851453;WarmteAtlas:SDE_CO2arm;https://www.warmteatlas.nl/geoserver/WarmteAtlas/wfs;2026-06-24T11:54:51;
