gemeentecode;jaar;individuele_cv;blokverwarming;stadsverwarming_hoog_gas;stadsverwarming_laag_gas;stadsverwarming_zonder_gas;elektrisch_hoog_gas;elektrisch_laag_gas;elektrisch_zonder_gas
GM0014;2022;81.0;9.0;0.0;1.0;3.0;1.0;0.0;4.0
GM0014;2023;78.0;8.0;0.0;0.0;4.0;2.0;1.0;5.0
GM0014;2024;76.0;8.0;0.0;0.0;4.0;3.0;1.0;6.0
GM0034;2022;38.0;1.0;0.0;0.0;53.0;0.0;0.0;8.0
GM0034;2023;36.0;1.0;0.0;0.0;54.0;1.0;0.0;8.0
GM0034;2024;35.0;0.0;0.0;0.0;53.0;1.0;0.0;9.0
GM0037;2022;90.0;2.0;n.a.;n.a.;n.a.;2.0;0.0;3.0
GM0037;2023;88.0;3.0;n.a.;n.a.;n.a.;3.0;1.0;3.0
GM0037;2024;86.0;2.0;n.a.;n.a.;n.a.;3.0;2.0;4.0
GM0047;2022;92.0;4.0;n.a.;n.a.;n.a.;1.0;0.0;2.0
GM0047;2023;89.0;4.0;n.a.;n.a.;n.a.;3.0;1.0;3.0
GM0047;2024;85.0;4.0;n.a.;n.a.;n.a.;5.0;2.0;3.0
GM0050;2022;76.0;0.0;0.0;0.0;18.0;1.0;0.0;3.0
GM0050;2023;73.0;0.0;0.0;0.0;19.0;2.0;1.0;4.0
GM0050;2024;68.0;0.0;0.0;0.0;20.0;3.0;2.0;5.0
GM0059;2022;93.0;3.0;n.a.;n.a.;n.a.;1.0;0.0;2.0
GM0059;2023;90.0;3.0;n.a.;n.a.;n.a.;2.0;1.0;3.0
GM0059;2024;88.0;2.0;n.a.;n.a.;n.a.;3.0;2.0;4.0
GM0060;2022;82.0;2.0;n.a.;n.a.;n.a.;8.0;1.0;3.0
GM0060;2023;78.0;2.0;n.a.;n.a.;n.a.;8.0;1.0;6.0
GM0060;2024;74.0;2.0;n.a.;n.a.;n.a.;9.0;1.0;8.0
GM0072;2022;88.0;6.0;n.a.;n.a.;n.a.;1.0;0.0;3.0
GM0072;2023;85.0;4.0;n.a.;n.a.;n.a.;2.0;1.0;7.0
GM0072;2024;83.0;4.0;n.a.;n.a.;n.a.;2.0;2.0;8.0
GM0074;2022;89.0;4.0;n.a.;n.a.;n.a.;1.0;0.0;3.0
GM0074;2023;86.0;4.0;n.a.;n.a.;n.a.;2.0;1.0;5.0
GM0074;2024;84.0;4.0;n.a.;n.a.;n.a.;3.0;1.0;6.0
GM0080;2022;82.0;7.0;0.0;0.0;3.0;1.0;0.0;5.0
GM0080;2023;80.0;7.0;0.0;0.0;4.0;2.0;1.0;6.0
GM0080;2024;78.0;7.0;0.0;0.0;4.0;2.0;1.0;7.0
GM0085;2022;93.0;1.0;n.a.;n.a.;n.a.;2.0;1.0;3.0
GM0085;2023;90.0;1.0;n.a.;n.a.;n.a.;3.0;1.0;4.0
GM0085;2024;88.0;1.0;n.a.;n.a.;n.a.;4.0;2.0;5.0
GM0086;2022;89.0;2.0;n.a.;n.a.;n.a.;2.0;0.0;4.0
GM0086;2023;85.0;2.0;n.a.;n.a.;n.a.;4.0;1.0;5.0
GM0086;2024;82.0;2.0;n.a.;n.a.;n.a.;5.0;2.0;6.0
GM0088;2022;88.0;1.0;n.a.;n.a.;n.a.;0.0;0.0;5.0
GM0088;2023;85.0;0.0;n.a.;n.a.;n.a.;1.0;0.0;8.0
GM0088;2024;84.0;0.0;n.a.;n.a.;n.a.;2.0;0.0;9.0
GM0090;2022;90.0;5.0;n.a.;n.a.;n.a.;1.0;0.0;2.0
GM0090;2023;87.0;5.0;n.a.;n.a.;n.a.;2.0;1.0;3.0
GM0090;2024;85.0;5.0;n.a.;n.a.;n.a.;3.0;2.0;4.0
GM0093;2022;94.0;0.0;n.a.;n.a.;n.a.;1.0;0.0;1.0
GM0093;2023;92.0;0.0;n.a.;n.a.;n.a.;2.0;0.0;2.0
GM0093;2024;89.0;0.0;n.a.;n.a.;n.a.;2.0;1.0;3.0
GM0096;2022;77.0;0.0;0.0;0.0;5.0;1.0;0.0;7.0
GM0096;2023;70.0;0.0;0.0;0.0;5.0;0.0;1.0;12.0
GM0096;2024;69.0;0.0;0.0;0.0;5.0;1.0;1.0;14.0
GM0098;2022;93.0;1.0;n.a.;n.a.;n.a.;1.0;1.0;3.0
GM0098;2023;90.0;1.0;n.a.;n.a.;n.a.;2.0;1.0;4.0
GM0098;2024;87.0;1.0;n.a.;n.a.;n.a.;3.0;2.0;5.0
GM0106;2022;90.0;5.0;n.a.;n.a.;n.a.;1.0;0.0;3.0
GM0106;2023;87.0;5.0;n.a.;n.a.;n.a.;2.0;1.0;3.0
GM0106;2024;84.0;4.0;n.a.;n.a.;n.a.;3.0;1.0;5.0
GM0109;2022;90.0;3.0;n.a.;n.a.;n.a.;2.0;1.0;3.0
GM0109;2023;85.0;3.0;n.a.;n.a.;n.a.;5.0;1.0;4.0
GM0109;2024;81.0;3.0;n.a.;n.a.;n.a.;6.0;2.0;5.0
GM0114;2022;90.0;4.0;n.a.;n.a.;n.a.;1.0;0.0;3.0
GM0114;2023;87.0;4.0;n.a.;n.a.;n.a.;2.0;1.0;4.0
GM0114;2024;85.0;4.0;n.a.;n.a.;n.a.;3.0;2.0;5.0
GM0118;2022;87.0;6.0;n.a.;n.a.;n.a.;2.0;0.0;2.0
GM0118;2023;85.0;6.0;n.a.;n.a.;n.a.;3.0;1.0;3.0
GM0118;2024;82.0;6.0;n.a.;n.a.;n.a.;4.0;2.0;3.0
GM0119;2022;84.0;7.0;n.a.;n.a.;n.a.;1.0;0.0;3.0
GM0119;2023;82.0;7.0;n.a.;n.a.;n.a.;2.0;1.0;5.0
GM0119;2024;80.0;6.0;n.a.;n.a.;n.a.;2.0;1.0;6.0
GM0141;2022;90.0;3.0;n.a.;n.a.;n.a.;1.0;1.0;2.0
GM0141;2023;87.0;3.0;n.a.;n.a.;n.a.;2.0;1.0;3.0
GM0141;2024;85.0;3.0;n.a.;n.a.;n.a.;3.0;2.0;4.0
GM0147;2022;93.0;0.0;n.a.;n.a.;n.a.;2.0;1.0;3.0
GM0147;2023;89.0;0.0;n.a.;n.a.;n.a.;4.0;1.0;4.0
GM0147;2024;85.0;0.0;n.a.;n.a.;n.a.;5.0;2.0;6.0
GM0148;2022;90.0;1.0;n.a.;n.a.;n.a.;2.0;0.0;6.0
GM0148;2023;85.0;1.0;n.a.;n.a.;n.a.;3.0;1.0;8.0
GM0148;2024;82.0;1.0;n.a.;n.a.;n.a.;4.0;2.0;9.0
GM0150;2022;84.0;5.0;0.0;3.0;4.0;1.0;0.0;2.0
GM0150;2023;82.0;4.0;0.0;2.0;4.0;2.0;1.0;3.0
GM0150;2024;80.0;4.0;0.0;2.0;4.0;2.0;1.0;4.0
GM0153;2022;72.0;6.0;1.0;2.0;11.0;2.0;0.0;3.0
GM0153;2023;70.0;6.0;1.0;2.0;12.0;2.0;1.0;3.0
GM0153;2024;69.0;6.0;1.0;2.0;13.0;3.0;1.0;4.0
GM0158;2022;89.0;2.0;n.a.;n.a.;n.a.;2.0;0.0;2.0
GM0158;2023;85.0;2.0;n.a.;n.a.;n.a.;4.0;1.0;3.0
GM0158;2024;82.0;2.0;n.a.;n.a.;n.a.;4.0;2.0;5.0
GM0160;2022;91.0;2.0;n.a.;n.a.;n.a.;2.0;0.0;3.0
GM0160;2023;87.0;2.0;n.a.;n.a.;n.a.;3.0;1.0;4.0
GM0160;2024;83.0;2.0;n.a.;n.a.;n.a.;4.0;2.0;6.0
GM0163;2022;92.0;1.0;n.a.;n.a.;n.a.;2.0;1.0;3.0
GM0163;2023;89.0;1.0;n.a.;n.a.;n.a.;4.0;1.0;4.0
GM0163;2024;86.0;1.0;n.a.;n.a.;n.a.;5.0;2.0;5.0
GM0164;2022;88.0;4.0;n.a.;n.a.;n.a.;1.0;0.0;2.0
GM0164;2023;86.0;4.0;n.a.;n.a.;n.a.;2.0;1.0;3.0
GM0164;2024;83.0;4.0;n.a.;n.a.;n.a.;2.0;2.0;4.0
GM0166;2022;92.0;3.0;n.a.;n.a.;n.a.;1.0;0.0;2.0
GM0166;2023;88.0;4.0;n.a.;n.a.;n.a.;2.0;1.0;3.0
GM0166;2024;86.0;4.0;n.a.;n.a.;n.a.;2.0;2.0;4.0
GM0168;2022;91.0;0.0;n.a.;n.a.;n.a.;2.0;0.0;2.0
GM0168;2023;87.0;0.0;n.a.;n.a.;n.a.;3.0;1.0;4.0
GM0168;2024;85.0;0.0;n.a.;n.a.;n.a.;4.0;2.0;5.0
GM0171;2022;89.0;3.0;n.a.;n.a.;n.a.;1.0;0.0;3.0
GM0171;2023;85.0;3.0;n.a.;n.a.;n.a.;2.0;1.0;5.0
GM0171;2024;82.0;2.0;n.a.;n.a.;n.a.;3.0;2.0;7.0
GM0173;2022;88.0;6.0;n.a.;n.a.;n.a.;1.0;0.0;2.0
GM0173;2023;85.0;6.0;n.a.;n.a.;n.a.;3.0;1.0;3.0
GM0173;2024;83.0;6.0;n.a.;n.a.;n.a.;3.0;2.0;4.0
GM0175;2022;89.0;3.0;n.a.;n.a.;n.a.;2.0;1.0;3.0
GM0175;2023;85.0;3.0;n.a.;n.a.;n.a.;4.0;1.0;4.0
GM0175;2024;82.0;3.0;n.a.;n.a.;n.a.;4.0;2.0;5.0
GM0177;2022;92.0;1.0;n.a.;n.a.;n.a.;1.0;0.0;3.0
GM0177;2023;87.0;1.0;n.a.;n.a.;n.a.;3.0;1.0;4.0
GM0177;2024;84.0;1.0;n.a.;n.a.;n.a.;4.0;2.0;6.0
GM0180;2022;89.0;1.0;n.a.;n.a.;n.a.;3.0;1.0;2.0
GM0180;2023;85.0;1.0;n.a.;n.a.;n.a.;5.0;1.0;3.0
GM0180;2024;82.0;1.0;n.a.;n.a.;n.a.;5.0;2.0;5.0
GM0183;2022;84.0;0.0;n.a.;n.a.;n.a.;4.0;1.0;4.0
GM0183;2023;79.0;0.0;n.a.;n.a.;n.a.;6.0;2.0;5.0
GM0183;2024;74.0;0.0;n.a.;n.a.;n.a.;8.0;3.0;6.0
GM0184;2022;91.0;1.0;n.a.;n.a.;n.a.;2.0;0.0;3.0
GM0184;2023;87.0;1.0;n.a.;n.a.;n.a.;3.0;1.0;5.0
GM0184;2024;85.0;1.0;n.a.;n.a.;n.a.;4.0;1.0;5.0
GM0189;2022;90.0;1.0;n.a.;n.a.;n.a.;2.0;1.0;4.0
GM0189;2023;84.0;1.0;n.a.;n.a.;n.a.;4.0;1.0;6.0
GM0189;2024;81.0;1.0;n.a.;n.a.;n.a.;5.0;2.0;8.0
GM0193;2022;82.0;9.0;n.a.;n.a.;n.a.;2.0;0.0;3.0
GM0193;2023;80.0;9.0;n.a.;n.a.;n.a.;2.0;1.0;4.0
GM0193;2024;78.0;8.0;n.a.;n.a.;n.a.;3.0;1.0;5.0
GM0197;2022;92.0;1.0;n.a.;n.a.;n.a.;1.0;0.0;3.0
GM0197;2023;89.0;1.0;n.a.;n.a.;n.a.;2.0;1.0;4.0
GM0197;2024;87.0;1.0;n.a.;n.a.;n.a.;3.0;2.0;5.0
GM0200;2022;84.0;7.0;0.0;0.0;4.0;1.0;0.0;2.0
GM0200;2023;82.0;6.0;0.0;0.0;4.0;3.0;1.0;3.0
GM0200;2024;80.0;6.0;0.0;0.0;4.0;3.0;1.0;4.0
GM0202;2022;76.0;8.0;0.0;1.0;10.0;1.0;0.0;3.0
GM0202;2023;74.0;8.0;0.0;1.0;11.0;1.0;1.0;3.0
GM0202;2024;73.0;8.0;0.0;1.0;11.0;2.0;1.0;3.0
GM0203;2022;89.0;3.0;n.a.;n.a.;n.a.;1.0;0.0;3.0
GM0203;2023;86.0;3.0;n.a.;n.a.;n.a.;3.0;1.0;4.0
GM0203;2024;83.0;3.0;n.a.;n.a.;n.a.;3.0;1.0;7.0
GM0209;2022;94.0;1.0;n.a.;n.a.;n.a.;1.0;1.0;2.0
GM0209;2023;91.0;1.0;n.a.;n.a.;n.a.;3.0;1.0;2.0
GM0209;2024;89.0;1.0;n.a.;n.a.;n.a.;3.0;2.0;4.0
GM0213;2022;90.0;2.0;n.a.;n.a.;n.a.;3.0;1.0;3.0
GM0213;2023;86.0;2.0;n.a.;n.a.;n.a.;4.0;1.0;4.0
GM0213;2024;83.0;2.0;n.a.;n.a.;n.a.;5.0;2.0;6.0
GM0214;2022;92.0;0.0;n.a.;n.a.;n.a.;2.0;1.0;3.0
GM0214;2023;89.0;0.0;n.a.;n.a.;n.a.;3.0;1.0;4.0
GM0214;2024;86.0;0.0;n.a.;n.a.;n.a.;3.0;2.0;5.0
GM0216;2022;81.0;4.0;0.0;0.0;9.0;1.0;0.0;3.0
GM0216;2023;78.0;3.0;0.0;0.0;9.0;2.0;1.0;5.0
GM0216;2024;76.0;3.0;0.0;0.0;9.0;2.0;1.0;7.0
GM0221;2022;90.0;1.0;0.0;0.0;4.0;1.0;1.0;3.0
GM0221;2023;87.0;1.0;0.0;0.0;4.0;2.0;1.0;4.0
GM0221;2024;84.0;1.0;0.0;0.0;4.0;2.0;2.0;5.0
GM0222;2022;88.0;5.0;n.a.;n.a.;n.a.;2.0;0.0;2.0
GM0222;2023;86.0;5.0;n.a.;n.a.;n.a.;3.0;1.0;3.0
GM0222;2024;83.0;5.0;n.a.;n.a.;n.a.;4.0;2.0;5.0
GM0225;2022;91.0;2.0;n.a.;n.a.;n.a.;1.0;0.0;3.0
GM0225;2023;87.0;2.0;n.a.;n.a.;n.a.;2.0;1.0;4.0
GM0225;2024;85.0;2.0;n.a.;n.a.;n.a.;3.0;2.0;4.0
GM0226;2022;38.0;0.0;0.0;0.0;54.0;1.0;0.0;6.0
GM0226;2023;37.0;0.0;0.0;0.0;54.0;1.0;1.0;6.0
GM0226;2024;37.0;0.0;0.0;0.0;53.0;1.0;1.0;7.0
GM0228;2022;77.0;2.0;1.0;2.0;10.0;1.0;0.0;3.0
GM0228;2023;74.0;2.0;1.0;2.0;12.0;2.0;1.0;3.0
GM0228;2024;72.0;2.0;0.0;2.0;13.0;3.0;1.0;4.0
GM0230;2022;90.0;1.0;n.a.;n.a.;n.a.;1.0;0.0;5.0
GM0230;2023;88.0;1.0;n.a.;n.a.;n.a.;2.0;1.0;5.0
GM0230;2024;86.0;1.0;n.a.;n.a.;n.a.;3.0;1.0;6.0
GM0232;2022;88.0;7.0;n.a.;n.a.;n.a.;1.0;0.0;2.0
GM0232;2023;85.0;7.0;n.a.;n.a.;n.a.;3.0;1.0;3.0
GM0232;2024;82.0;7.0;n.a.;n.a.;n.a.;4.0;1.0;4.0
GM0233;2022;89.0;2.0;n.a.;n.a.;n.a.;1.0;0.0;3.0
GM0233;2023;86.0;2.0;n.a.;n.a.;n.a.;3.0;1.0;3.0
GM0233;2024;83.0;2.0;n.a.;n.a.;n.a.;3.0;1.0;4.0
GM0243;2022;88.0;4.0;n.a.;n.a.;n.a.;2.0;0.0;2.0
GM0243;2023;85.0;4.0;n.a.;n.a.;n.a.;3.0;1.0;4.0
GM0243;2024;83.0;4.0;n.a.;n.a.;n.a.;3.0;1.0;5.0
GM0244;2022;89.0;5.0;n.a.;n.a.;n.a.;1.0;0.0;3.0
GM0244;2023;86.0;4.0;n.a.;n.a.;n.a.;4.0;1.0;4.0
GM0244;2024;84.0;4.0;n.a.;n.a.;n.a.;4.0;2.0;5.0
GM0246;2022;90.0;2.0;n.a.;n.a.;n.a.;2.0;0.0;3.0
GM0246;2023;86.0;3.0;n.a.;n.a.;n.a.;4.0;1.0;4.0
GM0246;2024;83.0;3.0;n.a.;n.a.;n.a.;5.0;2.0;5.0
GM0252;2022;92.0;2.0;n.a.;n.a.;n.a.;1.0;0.0;3.0
GM0252;2023;89.0;2.0;n.a.;n.a.;n.a.;3.0;1.0;4.0
GM0252;2024;87.0;2.0;n.a.;n.a.;n.a.;3.0;2.0;4.0
GM0262;2022;91.0;1.0;n.a.;n.a.;n.a.;2.0;0.0;3.0
GM0262;2023;88.0;1.0;n.a.;n.a.;n.a.;3.0;1.0;3.0
GM0262;2024;85.0;1.0;n.a.;n.a.;n.a.;4.0;2.0;5.0
GM0263;2022;93.0;1.0;n.a.;n.a.;n.a.;2.0;1.0;2.0
GM0263;2023;89.0;1.0;n.a.;n.a.;n.a.;3.0;2.0;3.0
GM0263;2024;86.0;1.0;n.a.;n.a.;n.a.;4.0;2.0;5.0
GM0267;2022;91.0;1.0;n.a.;n.a.;n.a.;3.0;0.0;4.0
GM0267;2023;87.0;1.0;n.a.;n.a.;n.a.;4.0;1.0;6.0
GM0267;2024;84.0;1.0;n.a.;n.a.;n.a.;5.0;2.0;7.0
GM0268;2022;78.0;8.0;0.0;0.0;9.0;1.0;0.0;2.0
GM0268;2023;77.0;8.0;0.0;0.0;10.0;2.0;1.0;2.0
GM0268;2024;74.0;8.0;0.0;0.0;11.0;2.0;1.0;3.0
GM0269;2022;91.0;1.0;n.a.;n.a.;n.a.;1.0;0.0;3.0
GM0269;2023;86.0;1.0;n.a.;n.a.;n.a.;3.0;1.0;4.0
GM0269;2024;83.0;1.0;n.a.;n.a.;n.a.;4.0;2.0;6.0
GM0273;2022;90.0;0.0;n.a.;n.a.;n.a.;1.0;0.0;4.0
GM0273;2023;86.0;1.0;n.a.;n.a.;n.a.;3.0;1.0;5.0
GM0273;2024;84.0;0.0;n.a.;n.a.;n.a.;3.0;1.0;6.0
GM0274;2022;86.0;9.0;n.a.;n.a.;n.a.;2.0;0.0;2.0
GM0274;2023;84.0;9.0;n.a.;n.a.;n.a.;3.0;1.0;2.0
GM0274;2024;83.0;9.0;n.a.;n.a.;n.a.;4.0;1.0;2.0
GM0275;2022;88.0;8.0;n.a.;n.a.;n.a.;1.0;0.0;1.0
GM0275;2023;87.0;8.0;n.a.;n.a.;n.a.;2.0;1.0;1.0
GM0275;2024;86.0;7.0;n.a.;n.a.;n.a.;2.0;1.0;2.0
GM0277;2022;89.0;0.0;n.a.;n.a.;n.a.;7.0;0.0;3.0
GM0277;2023;83.0;0.0;n.a.;n.a.;n.a.;10.0;1.0;4.0
GM0277;2024;81.0;0.0;n.a.;n.a.;n.a.;11.0;1.0;5.0
GM0279;2022;88.0;0.0;0.0;0.0;4.0;1.0;0.0;3.0
GM0279;2023;87.0;0.0;0.0;0.0;4.0;2.0;1.0;4.0
GM0279;2024;86.0;0.0;0.0;0.0;4.0;2.0;1.0;4.0
GM0281;2022;87.0;6.0;n.a.;n.a.;n.a.;2.0;0.0;2.0
GM0281;2023;85.0;5.0;n.a.;n.a.;n.a.;3.0;1.0;3.0
GM0281;2024;84.0;5.0;n.a.;n.a.;n.a.;4.0;2.0;4.0
GM0285;2022;89.0;1.0;n.a.;n.a.;n.a.;1.0;0.0;3.0
GM0285;2023;86.0;1.0;n.a.;n.a.;n.a.;3.0;1.0;3.0
GM0285;2024;85.0;1.0;n.a.;n.a.;n.a.;4.0;1.0;5.0
GM0289;2022;60.0;21.0;0.0;0.0;4.0;2.0;0.0;8.0
GM0289;2023;58.0;21.0;0.0;0.0;4.0;3.0;0.0;9.0
GM0289;2024;57.0;20.0;0.0;0.0;4.0;3.0;1.0;11.0
GM0293;2022;54.0;0.0;0.0;2.0;38.0;1.0;0.0;4.0
GM0293;2023;53.0;0.0;0.0;3.0;38.0;1.0;1.0;4.0
GM0293;2024;52.0;0.0;0.0;2.0;38.0;2.0;1.0;5.0
GM0294;2022;90.0;4.0;n.a.;n.a.;n.a.;1.0;0.0;2.0
GM0294;2023;87.0;4.0;n.a.;n.a.;n.a.;2.0;1.0;3.0
GM0294;2024;85.0;4.0;n.a.;n.a.;n.a.;3.0;2.0;4.0
GM0296;2022;93.0;3.0;n.a.;n.a.;n.a.;1.0;0.0;2.0
GM0296;2023;90.0;2.0;n.a.;n.a.;n.a.;2.0;1.0;2.0
GM0296;2024;88.0;2.0;n.a.;n.a.;n.a.;3.0;2.0;3.0
GM0297;2022;91.0;1.0;n.a.;n.a.;n.a.;2.0;1.0;4.0
GM0297;2023;88.0;1.0;n.a.;n.a.;n.a.;3.0;1.0;5.0
GM0297;2024;86.0;1.0;n.a.;n.a.;n.a.;3.0;2.0;5.0
GM0299;2022;88.0;1.0;0.0;0.0;4.0;3.0;0.0;3.0
GM0299;2023;86.0;1.0;0.0;0.0;4.0;4.0;1.0;3.0
GM0299;2024;84.0;1.0;0.0;0.0;4.0;4.0;2.0;4.0
GM0301;2022;92.0;4.0;n.a.;n.a.;n.a.;1.0;0.0;2.0
GM0301;2023;89.0;4.0;n.a.;n.a.;n.a.;1.0;1.0;3.0
GM0301;2024;88.0;3.0;n.a.;n.a.;n.a.;2.0;1.0;5.0
GM0302;2022;91.0;2.0;n.a.;n.a.;n.a.;1.0;0.0;3.0
GM0302;2023;87.0;2.0;n.a.;n.a.;n.a.;2.0;1.0;5.0
GM0302;2024;84.0;2.0;n.a.;n.a.;n.a.;3.0;1.0;7.0
GM0303;2022;89.0;2.0;n.a.;n.a.;n.a.;2.0;1.0;4.0
GM0303;2023;85.0;2.0;n.a.;n.a.;n.a.;3.0;1.0;5.0
GM0303;2024;82.0;2.0;n.a.;n.a.;n.a.;4.0;2.0;7.0
GM0307;2022;83.0;5.0;0.0;0.0;5.0;1.0;0.0;4.0
GM0307;2023;81.0;5.0;0.0;0.0;5.0;2.0;1.0;5.0
GM0307;2024;79.0;5.0;0.0;0.0;5.0;3.0;1.0;6.0
GM0308;2022;90.0;5.0;n.a.;n.a.;n.a.;1.0;0.0;1.0
GM0308;2023;88.0;5.0;n.a.;n.a.;n.a.;2.0;0.0;2.0
GM0308;2024;87.0;5.0;n.a.;n.a.;n.a.;2.0;1.0;3.0
GM0310;2022;82.0;14.0;n.a.;n.a.;n.a.;1.0;0.0;2.0
GM0310;2023;80.0;14.0;n.a.;n.a.;n.a.;2.0;1.0;3.0
GM0310;2024;78.0;14.0;n.a.;n.a.;n.a.;3.0;1.0;3.0
GM0312;2022;95.0;0.0;n.a.;n.a.;n.a.;1.0;0.0;2.0
GM0312;2023;90.0;0.0;n.a.;n.a.;n.a.;3.0;1.0;4.0
GM0312;2024;87.0;0.0;n.a.;n.a.;n.a.;3.0;2.0;6.0
GM0313;2022;93.0;1.0;n.a.;n.a.;n.a.;1.0;0.0;2.0
GM0313;2023;90.0;2.0;n.a.;n.a.;n.a.;2.0;1.0;3.0
GM0313;2024;88.0;2.0;n.a.;n.a.;n.a.;3.0;2.0;5.0
GM0317;2022;94.0;2.0;n.a.;n.a.;n.a.;1.0;0.0;2.0
GM0317;2023;91.0;2.0;n.a.;n.a.;n.a.;2.0;1.0;3.0
GM0317;2024;86.0;2.0;n.a.;n.a.;n.a.;3.0;1.0;7.0
GM0321;2022;74.0;0.0;0.0;0.0;17.0;1.0;0.0;7.0
GM0321;2023;71.0;0.0;0.0;0.0;17.0;3.0;1.0;8.0
GM0321;2024;69.0;0.0;0.0;0.0;16.0;3.0;1.0;9.0
GM0327;2022;91.0;3.0;n.a.;n.a.;n.a.;2.0;1.0;3.0
GM0327;2023;88.0;3.0;n.a.;n.a.;n.a.;3.0;1.0;5.0
GM0327;2024;85.0;3.0;n.a.;n.a.;n.a.;3.0;2.0;6.0
GM0331;2022;91.0;3.0;n.a.;n.a.;n.a.;1.0;0.0;2.0
GM0331;2023;89.0;2.0;n.a.;n.a.;n.a.;2.0;1.0;3.0
GM0331;2024;87.0;2.0;n.a.;n.a.;n.a.;2.0;1.0;3.0
GM0335;2022;93.0;2.0;n.a.;n.a.;n.a.;1.0;0.0;3.0
GM0335;2023;91.0;2.0;n.a.;n.a.;n.a.;2.0;1.0;3.0
GM0335;2024;90.0;2.0;n.a.;n.a.;n.a.;2.0;1.0;4.0
GM0339;2022;88.0;0.0;n.a.;n.a.;n.a.;1.0;0.0;7.0
GM0339;2023;85.0;0.0;n.a.;n.a.;n.a.;2.0;1.0;7.0
GM0339;2024;84.0;0.0;n.a.;n.a.;n.a.;3.0;1.0;8.0
GM0340;2022;91.0;4.0;n.a.;n.a.;n.a.;1.0;1.0;2.0
GM0340;2023;88.0;4.0;n.a.;n.a.;n.a.;3.0;1.0;3.0
GM0340;2024;86.0;3.0;n.a.;n.a.;n.a.;4.0;2.0;4.0
GM0342;2022;81.0;12.0;n.a.;n.a.;n.a.;1.0;0.0;3.0
GM0342;2023;79.0;12.0;n.a.;n.a.;n.a.;2.0;0.0;3.0
GM0342;2024;77.0;12.0;n.a.;n.a.;n.a.;3.0;1.0;4.0
GM0344;2022;60.0;2.0;0.0;6.0;26.0;0.0;0.0;4.0
GM0344;2023;58.0;2.0;0.0;5.0;28.0;1.0;0.0;5.0
GM0344;2024;57.0;2.0;0.0;5.0;29.0;1.0;0.0;5.0
GM0345;2022;74.0;13.0;0.0;0.0;7.0;1.0;0.0;2.0
GM0345;2023;73.0;13.0;0.0;0.0;7.0;1.0;1.0;3.0
GM0345;2024;71.0;13.0;0.0;0.0;8.0;2.0;1.0;4.0
GM0351;2022;88.0;1.0;n.a.;n.a.;n.a.;2.0;0.0;6.0
GM0351;2023;83.0;1.0;n.a.;n.a.;n.a.;3.0;1.0;9.0
GM0351;2024;80.0;0.0;n.a.;n.a.;n.a.;3.0;1.0;11.0
GM0352;2022;87.0;5.0;n.a.;n.a.;n.a.;2.0;1.0;4.0
GM0352;2023;85.0;5.0;n.a.;n.a.;n.a.;3.0;1.0;4.0
GM0352;2024;84.0;5.0;n.a.;n.a.;n.a.;3.0;2.0;5.0
GM0353;2022;87.0;10.0;n.a.;n.a.;n.a.;1.0;0.0;1.0
GM0353;2023;85.0;10.0;n.a.;n.a.;n.a.;1.0;1.0;2.0
GM0353;2024;84.0;10.0;n.a.;n.a.;n.a.;2.0;1.0;2.0
GM0355;2022;76.0;15.0;n.a.;n.a.;n.a.;1.0;0.0;3.0
GM0355;2023;76.0;14.0;n.a.;n.a.;n.a.;2.0;0.0;3.0
GM0355;2024;75.0;14.0;n.a.;n.a.;n.a.;3.0;1.0;4.0
GM0356;2022;39.0;2.0;0.0;1.0;48.0;1.0;0.0;7.0
GM0356;2023;38.0;2.0;0.0;1.0;48.0;1.0;0.0;8.0
GM0356;2024;37.0;2.0;0.0;1.0;48.0;1.0;0.0;9.0
GM0358;2022;94.0;2.0;n.a.;n.a.;n.a.;1.0;0.0;2.0
GM0358;2023;92.0;2.0;n.a.;n.a.;n.a.;2.0;1.0;3.0
GM0358;2024;89.0;2.0;n.a.;n.a.;n.a.;2.0;1.0;5.0
GM0361;2022;86.0;5.0;0.0;1.0;5.0;1.0;0.0;1.0
GM0361;2023;82.0;5.0;0.0;1.0;7.0;1.0;1.0;2.0
GM0361;2024;80.0;4.0;0.0;1.0;8.0;2.0;1.0;2.0
GM0362;2022;70.0;18.0;0.0;1.0;5.0;1.0;0.0;3.0
GM0362;2023;68.0;17.0;0.0;1.0;5.0;2.0;0.0;5.0
GM0362;2024;68.0;17.0;0.0;1.0;5.0;2.0;1.0;5.0
GM0363;2022;74.0;6.0;0.0;3.0;14.0;0.0;0.0;2.0
GM0363;2023;73.0;6.0;0.0;3.0;15.0;0.0;0.0;3.0
GM0363;2024;72.0;5.0;0.0;3.0;15.0;1.0;0.0;3.0
GM0373;2022;89.0;6.0;n.a.;n.a.;n.a.;2.0;0.0;1.0
GM0373;2023;86.0;6.0;n.a.;n.a.;n.a.;3.0;1.0;2.0
GM0373;2024;84.0;6.0;n.a.;n.a.;n.a.;4.0;1.0;3.0
GM0375;2022;92.0;4.0;n.a.;n.a.;n.a.;0.0;0.0;2.0
GM0375;2023;90.0;5.0;n.a.;n.a.;n.a.;1.0;0.0;3.0
GM0375;2024;89.0;4.0;n.a.;n.a.;n.a.;1.0;1.0;3.0
GM0376;2022;70.0;2.0;n.a.;n.a.;n.a.;4.0;0.0;22.0
GM0376;2023;69.0;2.0;n.a.;n.a.;n.a.;4.0;1.0;22.0
GM0376;2024;68.0;2.0;n.a.;n.a.;n.a.;5.0;1.0;23.0
GM0377;2022;89.0;4.0;n.a.;n.a.;n.a.;3.0;0.0;2.0
GM0377;2023;87.0;4.0;n.a.;n.a.;n.a.;4.0;1.0;2.0
GM0377;2024;84.0;5.0;n.a.;n.a.;n.a.;5.0;1.0;3.0
GM0383;2022;90.0;6.0;n.a.;n.a.;n.a.;1.0;0.0;2.0
GM0383;2023;87.0;6.0;n.a.;n.a.;n.a.;3.0;1.0;2.0
GM0383;2024;84.0;6.0;n.a.;n.a.;n.a.;3.0;1.0;4.0
GM0384;2022;53.0;15.0;0.0;0.0;23.0;4.0;1.0;3.0
GM0384;2023;53.0;9.0;0.0;2.0;26.0;4.0;1.0;4.0
GM0384;2024;55.0;7.0;0.0;2.0;25.0;4.0;1.0;5.0
GM0385;2022;92.0;1.0;n.a.;n.a.;n.a.;3.0;1.0;3.0
GM0385;2023;89.0;1.0;n.a.;n.a.;n.a.;4.0;1.0;4.0
GM0385;2024;85.0;1.0;n.a.;n.a.;n.a.;5.0;2.0;6.0
GM0388;2022;93.0;3.0;n.a.;n.a.;n.a.;0.0;0.0;1.0
GM0388;2023;91.0;3.0;n.a.;n.a.;n.a.;1.0;1.0;2.0
GM0388;2024;90.0;4.0;n.a.;n.a.;n.a.;2.0;1.0;2.0
GM0392;2022;83.0;10.0;n.a.;n.a.;n.a.;1.0;1.0;2.0
GM0392;2023;83.0;10.0;n.a.;n.a.;n.a.;1.0;1.0;3.0
GM0392;2024;81.0;10.0;n.a.;n.a.;n.a.;1.0;1.0;5.0
GM0394;2022;91.0;4.0;n.a.;n.a.;n.a.;1.0;0.0;3.0
GM0394;2023;89.0;3.0;n.a.;n.a.;n.a.;2.0;1.0;5.0
GM0394;2024;87.0;3.0;n.a.;n.a.;n.a.;2.0;1.0;6.0
GM0396;2022;89.0;8.0;n.a.;n.a.;n.a.;1.0;0.0;1.0
GM0396;2023;87.0;8.0;n.a.;n.a.;n.a.;2.0;1.0;2.0
GM0396;2024;84.0;8.0;n.a.;n.a.;n.a.;2.0;1.0;3.0
GM0397;2022;82.0;13.0;n.a.;n.a.;n.a.;2.0;0.0;2.0
GM0397;2023;80.0;12.0;n.a.;n.a.;n.a.;3.0;0.0;2.0
GM0397;2024;79.0;12.0;n.a.;n.a.;n.a.;3.0;1.0;3.0
GM0399;2022;91.0;3.0;n.a.;n.a.;n.a.;1.0;0.0;2.0
GM0399;2023;88.0;3.0;n.a.;n.a.;n.a.;3.0;1.0;3.0
GM0399;2024;86.0;3.0;n.a.;n.a.;n.a.;3.0;1.0;4.0
GM0400;2022;92.0;5.0;n.a.;n.a.;n.a.;1.0;0.0;1.0
GM0400;2023;90.0;5.0;n.a.;n.a.;n.a.;2.0;1.0;2.0
GM0400;2024;88.0;5.0;n.a.;n.a.;n.a.;2.0;1.0;3.0
GM0402;2022;85.0;8.0;n.a.;n.a.;n.a.;2.0;0.0;1.0
GM0402;2023;84.0;7.0;n.a.;n.a.;n.a.;2.0;0.0;2.0
GM0402;2024;84.0;7.0;n.a.;n.a.;n.a.;3.0;1.0;2.0
GM0405;2022;92.0;4.0;n.a.;n.a.;n.a.;1.0;0.0;3.0
GM0405;2023;90.0;4.0;n.a.;n.a.;n.a.;1.0;1.0;4.0
GM0405;2024;88.0;4.0;n.a.;n.a.;n.a.;2.0;1.0;4.0
GM0406;2022;92.0;6.0;n.a.;n.a.;n.a.;0.0;0.0;1.0
GM0406;2023;90.0;6.0;n.a.;n.a.;n.a.;2.0;1.0;1.0
GM0406;2024;89.0;6.0;n.a.;n.a.;n.a.;2.0;1.0;2.0
GM0415;2022;94.0;1.0;n.a.;n.a.;n.a.;1.0;0.0;3.0
GM0415;2023;92.0;1.0;n.a.;n.a.;n.a.;2.0;1.0;4.0
GM0415;2024;91.0;1.0;n.a.;n.a.;n.a.;2.0;1.0;4.0
GM0417;2022;93.0;1.0;n.a.;n.a.;n.a.;2.0;1.0;2.0
GM0417;2023;92.0;1.0;n.a.;n.a.;n.a.;3.0;1.0;2.0
GM0417;2024;91.0;1.0;n.a.;n.a.;n.a.;4.0;1.0;3.0
GM0420;2022;91.0;1.0;n.a.;n.a.;n.a.;3.0;1.0;3.0
GM0420;2023;87.0;1.0;n.a.;n.a.;n.a.;5.0;2.0;3.0
GM0420;2024;85.0;1.0;n.a.;n.a.;n.a.;5.0;3.0;4.0
GM0431;2022;95.0;1.0;n.a.;n.a.;n.a.;2.0;1.0;1.0
GM0431;2023;94.0;1.0;n.a.;n.a.;n.a.;2.0;1.0;2.0
GM0431;2024;92.0;1.0;n.a.;n.a.;n.a.;2.0;1.0;2.0
GM0432;2022;91.0;2.0;n.a.;n.a.;n.a.;2.0;0.0;3.0
GM0432;2023;88.0;2.0;n.a.;n.a.;n.a.;3.0;1.0;4.0
GM0432;2024;84.0;2.0;n.a.;n.a.;n.a.;5.0;2.0;6.0
GM0437;2022;73.0;12.0;0.0;0.0;7.0;1.0;0.0;1.0
GM0437;2023;71.0;10.0;0.0;0.0;9.0;2.0;0.0;2.0
GM0437;2024;70.0;10.0;0.0;0.0;9.0;2.0;1.0;2.0
GM0439;2022;31.0;2.0;0.0;3.0;57.0;0.0;0.0;6.0
GM0439;2023;30.0;2.0;0.0;2.0;59.0;1.0;0.0;6.0
GM0439;2024;29.0;2.0;0.0;2.0;60.0;1.0;0.0;6.0
GM0441;2022;91.0;2.0;n.a.;n.a.;n.a.;1.0;0.0;3.0
GM0441;2023;86.0;2.0;n.a.;n.a.;n.a.;4.0;1.0;5.0
GM0441;2024;80.0;2.0;n.a.;n.a.;n.a.;6.0;3.0;6.0
GM0448;2022;87.0;4.0;n.a.;n.a.;n.a.;1.0;0.0;5.0
GM0448;2023;84.0;4.0;n.a.;n.a.;n.a.;3.0;1.0;6.0
GM0448;2024;82.0;2.0;n.a.;n.a.;n.a.;4.0;2.0;7.0
GM0450;2022;95.0;1.0;n.a.;n.a.;n.a.;1.0;0.0;1.0
GM0450;2023;93.0;1.0;n.a.;n.a.;n.a.;2.0;1.0;1.0
GM0450;2024;92.0;1.0;n.a.;n.a.;n.a.;3.0;1.0;1.0
GM0451;2022;82.0;10.0;n.a.;n.a.;n.a.;1.0;0.0;6.0
GM0451;2023;80.0;10.0;n.a.;n.a.;n.a.;1.0;1.0;7.0
GM0451;2024;78.0;10.0;n.a.;n.a.;n.a.;2.0;1.0;8.0
GM0453;2022;88.0;7.0;n.a.;n.a.;n.a.;1.0;0.0;1.0
GM0453;2023;87.0;7.0;n.a.;n.a.;n.a.;1.0;0.0;2.0
GM0453;2024;86.0;7.0;n.a.;n.a.;n.a.;2.0;1.0;2.0
GM0457;2022;79.0;13.0;n.a.;n.a.;n.a.;1.0;0.0;4.0
GM0457;2023;n.a.;n.a.;n.a.;n.a.;n.a.;n.a.;n.a.;n.a.
GM0457;2024;n.a.;n.a.;n.a.;n.a.;n.a.;n.a.;n.a.;n.a.
GM0473;2022;69.0;21.0;0.0;0.0;6.0;0.0;0.0;1.0
GM0473;2023;68.0;20.0;0.0;0.0;6.0;1.0;0.0;3.0
GM0473;2024;68.0;20.0;0.0;0.0;6.0;2.0;0.0;3.0
GM0479;2022;85.0;8.0;0.0;1.0;2.0;1.0;0.0;3.0
GM0479;2023;82.0;8.0;0.0;2.0;3.0;1.0;1.0;3.0
GM0479;2024;81.0;7.0;0.0;1.0;3.0;1.0;1.0;4.0
GM0482;2022;85.0;10.0;n.a.;n.a.;n.a.;1.0;0.0;2.0
GM0482;2023;84.0;10.0;n.a.;n.a.;n.a.;1.0;1.0;2.0
GM0482;2024;83.0;10.0;n.a.;n.a.;n.a.;1.0;1.0;3.0
GM0484;2022;83.0;12.0;n.a.;n.a.;n.a.;1.0;0.0;2.0
GM0484;2023;81.0;12.0;n.a.;n.a.;n.a.;2.0;1.0;3.0
GM0484;2024;79.0;11.0;n.a.;n.a.;n.a.;2.0;1.0;4.0
GM0489;2022;89.0;3.0;0.0;0.0;4.0;1.0;0.0;1.0
GM0489;2023;87.0;3.0;0.0;0.0;4.0;2.0;1.0;3.0
GM0489;2024;86.0;3.0;0.0;0.0;4.0;3.0;1.0;3.0
GM0498;2022;90.0;1.0;n.a.;n.a.;n.a.;3.0;1.0;4.0
GM0498;2023;83.0;1.0;n.a.;n.a.;n.a.;6.0;2.0;6.0
GM0498;2024;80.0;1.0;n.a.;n.a.;n.a.;6.0;4.0;8.0
GM0501;2022;89.0;2.0;n.a.;n.a.;n.a.;1.0;0.0;6.0
GM0501;2023;n.a.;n.a.;n.a.;n.a.;n.a.;n.a.;n.a.;n.a.
GM0501;2024;n.a.;n.a.;n.a.;n.a.;n.a.;n.a.;n.a.;n.a.
GM0502;2022;48.0;19.0;0.0;0.0;27.0;0.0;0.0;4.0
GM0502;2023;48.0;19.0;0.0;0.0;28.0;1.0;0.0;4.0
GM0502;2024;47.0;19.0;0.0;0.0;27.0;1.0;1.0;5.0
GM0503;2022;60.0;21.0;0.0;3.0;6.0;1.0;1.0;4.0
GM0503;2023;59.0;21.0;0.0;3.0;7.0;1.0;1.0;5.0
GM0503;2024;58.0;20.0;0.0;3.0;8.0;1.0;1.0;7.0
GM0505;2022;82.0;7.0;0.0;1.0;6.0;0.0;0.0;1.0
GM0505;2023;80.0;7.0;0.0;2.0;7.0;1.0;1.0;2.0
GM0505;2024;78.0;7.0;0.0;2.0;8.0;1.0;1.0;2.0
GM0512;2022;83.0;10.0;n.a.;n.a.;n.a.;1.0;0.0;5.0
GM0512;2023;80.0;10.0;n.a.;n.a.;n.a.;1.0;1.0;6.0
GM0512;2024;79.0;10.0;n.a.;n.a.;n.a.;2.0;1.0;7.0
GM0513;2022;85.0;10.0;n.a.;n.a.;n.a.;1.0;0.0;2.0
GM0513;2023;83.0;10.0;n.a.;n.a.;n.a.;1.0;1.0;4.0
GM0513;2024;82.0;10.0;n.a.;n.a.;n.a.;1.0;1.0;5.0
GM0518;2022;75.0;10.0;0.0;1.0;8.0;1.0;0.0;3.0
GM0518;2023;74.0;10.0;0.0;1.0;9.0;1.0;0.0;4.0
GM0518;2024;73.0;10.0;0.0;1.0;9.0;1.0;0.0;4.0
GM0523;2022;88.0;7.0;n.a.;n.a.;n.a.;1.0;1.0;2.0
GM0523;2023;86.0;7.0;n.a.;n.a.;n.a.;2.0;2.0;2.0
GM0523;2024;84.0;7.0;n.a.;n.a.;n.a.;2.0;2.0;3.0
GM0530;2022;90.0;4.0;n.a.;n.a.;n.a.;1.0;1.0;2.0
GM0530;2023;n.a.;n.a.;n.a.;n.a.;n.a.;n.a.;n.a.;n.a.
GM0530;2024;n.a.;n.a.;n.a.;n.a.;n.a.;n.a.;n.a.;n.a.
GM0531;2022;87.0;7.0;n.a.;n.a.;n.a.;1.0;0.0;2.0
GM0531;2023;84.0;7.0;n.a.;n.a.;n.a.;2.0;1.0;2.0
GM0531;2024;82.0;7.0;0.0;0.0;3.0;2.0;2.0;3.0
GM0532;2022;95.0;1.0;n.a.;n.a.;n.a.;1.0;0.0;2.0
GM0532;2023;91.0;1.0;n.a.;n.a.;n.a.;3.0;1.0;3.0
GM0532;2024;88.0;1.0;n.a.;n.a.;n.a.;4.0;2.0;4.0
GM0534;2022;91.0;5.0;n.a.;n.a.;n.a.;1.0;0.0;2.0
GM0534;2023;89.0;5.0;n.a.;n.a.;n.a.;1.0;1.0;3.0
GM0534;2024;85.0;5.0;n.a.;n.a.;n.a.;2.0;1.0;5.0
GM0537;2022;91.0;5.0;n.a.;n.a.;n.a.;1.0;0.0;2.0
GM0537;2023;89.0;4.0;n.a.;n.a.;n.a.;2.0;1.0;3.0
GM0537;2024;88.0;4.0;n.a.;n.a.;n.a.;2.0;1.0;4.0
GM0542;2022;87.0;2.0;n.a.;n.a.;n.a.;1.0;4.0;3.0
GM0542;2023;86.0;2.0;n.a.;n.a.;n.a.;2.0;5.0;3.0
GM0542;2024;86.0;2.0;n.a.;n.a.;n.a.;3.0;5.0;4.0
GM0546;2022;64.0;7.0;0.0;8.0;12.0;0.0;1.0;5.0
GM0546;2023;63.0;7.0;0.0;8.0;14.0;1.0;1.0;5.0
GM0546;2024;61.0;7.0;0.0;7.0;14.0;1.0;1.0;7.0
GM0547;2022;80.0;6.0;0.0;4.0;6.0;2.0;0.0;1.0
GM0547;2023;79.0;6.0;0.0;4.0;6.0;2.0;1.0;1.0
GM0547;2024;78.0;6.0;0.0;4.0;7.0;3.0;1.0;1.0
GM0553;2022;90.0;5.0;n.a.;n.a.;n.a.;1.0;0.0;2.0
GM0553;2023;88.0;5.0;n.a.;n.a.;n.a.;1.0;1.0;2.0
GM0553;2024;87.0;5.0;n.a.;n.a.;n.a.;2.0;1.0;3.0
GM0556;2022;73.0;16.0;n.a.;n.a.;n.a.;1.0;0.0;6.0
GM0556;2023;71.0;16.0;n.a.;n.a.;n.a.;1.0;0.0;8.0
GM0556;2024;70.0;14.0;n.a.;n.a.;n.a.;1.0;1.0;11.0
GM0569;2022;87.0;2.0;n.a.;n.a.;n.a.;2.0;0.0;6.0
GM0569;2023;84.0;2.0;n.a.;n.a.;n.a.;3.0;1.0;6.0
GM0569;2024;82.0;2.0;n.a.;n.a.;n.a.;3.0;2.0;7.0
GM0575;2022;86.0;8.0;n.a.;n.a.;n.a.;1.0;0.0;3.0
GM0575;2023;84.0;8.0;n.a.;n.a.;n.a.;1.0;0.0;4.0
GM0575;2024;82.0;7.0;n.a.;n.a.;n.a.;2.0;1.0;6.0
GM0579;2022;77.0;9.0;0.0;0.0;10.0;1.0;0.0;1.0
GM0579;2023;76.0;9.0;0.0;0.0;9.0;2.0;1.0;2.0
GM0579;2024;74.0;9.0;0.0;0.0;9.0;3.0;1.0;3.0
GM0589;2022;89.0;5.0;n.a.;n.a.;n.a.;1.0;0.0;3.0
GM0589;2023;86.0;5.0;n.a.;n.a.;n.a.;2.0;1.0;4.0
GM0589;2024;84.0;5.0;n.a.;n.a.;n.a.;2.0;1.0;5.0
GM0590;2022;77.0;12.0;0.0;0.0;7.0;1.0;0.0;2.0
GM0590;2023;75.0;11.0;0.0;1.0;9.0;1.0;1.0;2.0
GM0590;2024;74.0;11.0;0.0;1.0;9.0;1.0;1.0;2.0
GM0597;2022;82.0;11.0;n.a.;n.a.;n.a.;2.0;1.0;3.0
GM0597;2023;81.0;11.0;n.a.;n.a.;n.a.;2.0;1.0;4.0
GM0597;2024;80.0;11.0;n.a.;n.a.;n.a.;3.0;1.0;4.0
GM0599;2022;68.0;8.0;0.0;1.0;19.0;0.0;0.0;1.0
GM0599;2023;67.0;8.0;0.0;1.0;20.0;0.0;0.0;1.0
GM0599;2024;66.0;8.0;0.0;1.0;21.0;0.0;0.0;2.0
GM0603;2022;65.0;26.0;n.a.;n.a.;n.a.;0.0;0.0;8.0
GM0603;2023;63.0;26.0;n.a.;n.a.;n.a.;1.0;0.0;9.0
GM0603;2024;62.0;25.0;n.a.;n.a.;n.a.;1.0;0.0;11.0
GM0606;2022;75.0;20.0;n.a.;n.a.;n.a.;0.0;0.0;3.0
GM0606;2023;74.0;20.0;n.a.;n.a.;n.a.;1.0;0.0;4.0
GM0606;2024;73.0;20.0;n.a.;n.a.;n.a.;1.0;1.0;4.0
GM0610;2022;75.0;12.0;0.0;1.0;6.0;1.0;0.0;3.0
GM0610;2023;74.0;9.0;0.0;3.0;8.0;1.0;1.0;3.0
GM0610;2024;73.0;7.0;0.0;3.0;9.0;2.0;1.0;4.0
GM0613;2022;93.0;2.0;n.a.;n.a.;n.a.;1.0;0.0;2.0
GM0613;2023;91.0;2.0;n.a.;n.a.;n.a.;2.0;1.0;3.0
GM0613;2024;89.0;2.0;n.a.;n.a.;n.a.;2.0;1.0;4.0
GM0614;2022;86.0;6.0;n.a.;n.a.;n.a.;2.0;1.0;4.0
GM0614;2023;n.a.;n.a.;n.a.;n.a.;n.a.;n.a.;n.a.;n.a.
GM0614;2024;n.a.;n.a.;n.a.;n.a.;n.a.;n.a.;n.a.;n.a.
GM0622;2022;82.0;13.0;n.a.;n.a.;n.a.;1.0;0.0;1.0
GM0622;2023;80.0;13.0;n.a.;n.a.;n.a.;1.0;1.0;2.0
GM0622;2024;78.0;13.0;n.a.;n.a.;n.a.;1.0;1.0;3.0
GM0626;2022;83.0;14.0;n.a.;n.a.;n.a.;1.0;0.0;1.0
GM0626;2023;82.0;14.0;n.a.;n.a.;n.a.;1.0;1.0;1.0
GM0626;2024;81.0;13.0;n.a.;n.a.;n.a.;2.0;1.0;1.0
GM0627;2022;79.0;10.0;n.a.;n.a.;n.a.;1.0;0.0;8.0
GM0627;2023;75.0;10.0;n.a.;n.a.;n.a.;2.0;1.0;11.0
GM0627;2024;72.0;10.0;n.a.;n.a.;n.a.;2.0;1.0;14.0
GM0629;2022;87.0;9.0;n.a.;n.a.;n.a.;2.0;0.0;1.0
GM0629;2023;86.0;9.0;n.a.;n.a.;n.a.;2.0;1.0;1.0
GM0629;2024;84.0;8.0;n.a.;n.a.;n.a.;3.0;1.0;2.0
GM0632;2022;90.0;4.0;n.a.;n.a.;n.a.;1.0;0.0;3.0
GM0632;2023;87.0;4.0;n.a.;n.a.;n.a.;2.0;1.0;4.0
GM0632;2024;85.0;4.0;n.a.;n.a.;n.a.;2.0;1.0;6.0
GM0637;2022;72.0;15.0;0.0;0.0;5.0;3.0;0.0;5.0
GM0637;2023;71.0;15.0;0.0;0.0;5.0;4.0;1.0;5.0
GM0637;2024;69.0;15.0;0.0;0.0;5.0;4.0;1.0;7.0
GM0638;2022;86.0;2.0;n.a.;n.a.;n.a.;1.0;1.0;7.0
GM0638;2023;83.0;2.0;n.a.;n.a.;n.a.;2.0;2.0;8.0
GM0638;2024;78.0;2.0;n.a.;n.a.;n.a.;3.0;2.0;12.0
GM0642;2022;77.0;21.0;n.a.;n.a.;n.a.;1.0;0.0;1.0
GM0642;2023;75.0;21.0;n.a.;n.a.;n.a.;1.0;1.0;1.0
GM0642;2024;74.0;19.0;n.a.;n.a.;n.a.;1.0;1.0;1.0
GM0654;2022;94.0;1.0;n.a.;n.a.;n.a.;2.0;1.0;3.0
GM0654;2023;89.0;1.0;n.a.;n.a.;n.a.;3.0;1.0;4.0
GM0654;2024;87.0;0.0;n.a.;n.a.;n.a.;4.0;2.0;6.0
GM0664;2022;81.0;4.0;n.a.;n.a.;n.a.;2.0;1.0;9.0
GM0664;2023;78.0;3.0;n.a.;n.a.;n.a.;3.0;1.0;10.0
GM0664;2024;76.0;4.0;n.a.;n.a.;n.a.;4.0;1.0;11.0
GM0668;2022;90.0;0.0;n.a.;n.a.;n.a.;2.0;1.0;3.0
GM0668;2023;86.0;1.0;n.a.;n.a.;n.a.;3.0;2.0;4.0
GM0668;2024;83.0;1.0;n.a.;n.a.;n.a.;4.0;2.0;7.0
GM0677;2022;93.0;0.0;n.a.;n.a.;n.a.;1.0;1.0;3.0
GM0677;2023;90.0;0.0;n.a.;n.a.;n.a.;2.0;1.0;4.0
GM0677;2024;87.0;0.0;n.a.;n.a.;n.a.;3.0;2.0;4.0
GM0678;2022;91.0;1.0;n.a.;n.a.;n.a.;2.0;0.0;4.0
GM0678;2023;88.0;2.0;n.a.;n.a.;n.a.;3.0;1.0;5.0
GM0678;2024;85.0;2.0;n.a.;n.a.;n.a.;4.0;2.0;6.0
GM0687;2022;89.0;6.0;n.a.;n.a.;n.a.;1.0;0.0;2.0
GM0687;2023;87.0;6.0;n.a.;n.a.;n.a.;2.0;1.0;3.0
GM0687;2024;85.0;6.0;n.a.;n.a.;n.a.;2.0;1.0;4.0
GM0703;2022;90.0;2.0;n.a.;n.a.;n.a.;2.0;1.0;3.0
GM0703;2023;87.0;2.0;n.a.;n.a.;n.a.;3.0;1.0;4.0
GM0703;2024;85.0;2.0;n.a.;n.a.;n.a.;3.0;2.0;5.0
GM0715;2022;89.0;5.0;n.a.;n.a.;n.a.;1.0;1.0;2.0
GM0715;2023;86.0;5.0;n.a.;n.a.;n.a.;2.0;1.0;3.0
GM0715;2024;84.0;5.0;n.a.;n.a.;n.a.;3.0;2.0;4.0
GM0716;2022;91.0;1.0;n.a.;n.a.;n.a.;1.0;1.0;4.0
GM0716;2023;88.0;1.0;n.a.;n.a.;n.a.;2.0;1.0;5.0
GM0716;2024;86.0;1.0;n.a.;n.a.;n.a.;3.0;2.0;6.0
GM0717;2022;91.0;2.0;n.a.;n.a.;n.a.;2.0;1.0;2.0
GM0717;2023;89.0;2.0;n.a.;n.a.;n.a.;3.0;1.0;3.0
GM0717;2024;87.0;1.0;n.a.;n.a.;n.a.;3.0;2.0;4.0
GM0718;2022;86.0;8.0;n.a.;n.a.;n.a.;1.0;0.0;2.0
GM0718;2023;84.0;8.0;n.a.;n.a.;n.a.;1.0;1.0;3.0
GM0718;2024;82.0;7.0;n.a.;n.a.;n.a.;2.0;1.0;5.0
GM0736;2022;90.0;3.0;n.a.;n.a.;n.a.;1.0;0.0;3.0
GM0736;2023;87.0;3.0;n.a.;n.a.;n.a.;2.0;1.0;4.0
GM0736;2024;85.0;3.0;n.a.;n.a.;n.a.;3.0;1.0;5.0
GM0737;2022;90.0;2.0;n.a.;n.a.;n.a.;2.0;0.0;4.0
GM0737;2023;87.0;3.0;n.a.;n.a.;n.a.;3.0;1.0;5.0
GM0737;2024;85.0;3.0;n.a.;n.a.;n.a.;4.0;2.0;6.0
GM0743;2022;90.0;2.0;n.a.;n.a.;n.a.;2.0;1.0;5.0
GM0743;2023;86.0;2.0;n.a.;n.a.;n.a.;4.0;1.0;6.0
GM0743;2024;83.0;2.0;n.a.;n.a.;n.a.;4.0;2.0;7.0
GM0744;2022;91.0;0.0;n.a.;n.a.;n.a.;2.0;0.0;4.0
GM0744;2023;88.0;0.0;n.a.;n.a.;n.a.;3.0;1.0;4.0
GM0744;2024;85.0;0.0;n.a.;n.a.;n.a.;3.0;2.0;6.0
GM0748;2022;83.0;7.0;0.0;1.0;2.0;1.0;0.0;4.0
GM0748;2023;80.0;7.0;0.0;1.0;3.0;2.0;1.0;5.0
GM0748;2024;77.0;6.0;0.0;0.0;3.0;2.0;1.0;8.0
GM0753;2022;88.0;3.0;n.a.;n.a.;n.a.;1.0;1.0;6.0
GM0753;2023;85.0;3.0;n.a.;n.a.;n.a.;3.0;1.0;8.0
GM0753;2024;82.0;3.0;n.a.;n.a.;n.a.;3.0;2.0;10.0
GM0755;2022;82.0;1.0;n.a.;n.a.;n.a.;3.0;1.0;7.0
GM0755;2023;77.0;1.0;n.a.;n.a.;n.a.;4.0;2.0;8.0
GM0755;2024;74.0;1.0;n.a.;n.a.;n.a.;4.0;2.0;11.0
GM0757;2022;91.0;1.0;n.a.;n.a.;n.a.;1.0;0.0;3.0
GM0757;2023;87.0;1.0;n.a.;n.a.;n.a.;2.0;1.0;5.0
GM0757;2024;85.0;1.0;n.a.;n.a.;n.a.;3.0;2.0;7.0
GM0758;2022;66.0;5.0;0.0;5.0;17.0;1.0;0.0;4.0
GM0758;2023;64.0;5.0;0.0;4.0;18.0;1.0;1.0;5.0
GM0758;2024;63.0;5.0;0.0;4.0;18.0;2.0;1.0;6.0
GM0762;2022;91.0;2.0;n.a.;n.a.;n.a.;2.0;1.0;4.0
GM0762;2023;88.0;2.0;n.a.;n.a.;n.a.;3.0;1.0;5.0
GM0762;2024;85.0;2.0;n.a.;n.a.;n.a.;4.0;2.0;6.0
GM0765;2022;94.0;2.0;n.a.;n.a.;n.a.;1.0;0.0;1.0
GM0765;2023;92.0;2.0;n.a.;n.a.;n.a.;2.0;1.0;2.0
GM0765;2024;89.0;2.0;n.a.;n.a.;n.a.;4.0;2.0;2.0
GM0766;2022;88.0;2.0;n.a.;n.a.;n.a.;1.0;1.0;6.0
GM0766;2023;84.0;2.0;n.a.;n.a.;n.a.;2.0;1.0;8.0
GM0766;2024;82.0;2.0;n.a.;n.a.;n.a.;3.0;2.0;9.0
GM0770;2022;87.0;1.0;n.a.;n.a.;n.a.;3.0;1.0;4.0
GM0770;2023;83.0;1.0;n.a.;n.a.;n.a.;5.0;1.0;5.0
GM0770;2024;80.0;1.0;n.a.;n.a.;n.a.;6.0;2.0;7.0
GM0772;2022;76.0;10.0;0.0;0.0;7.0;1.0;0.0;5.0
GM0772;2023;74.0;9.0;0.0;0.0;7.0;2.0;1.0;5.0
GM0772;2024;72.0;9.0;0.0;0.0;7.0;2.0;1.0;6.0
GM0777;2022;84.0;2.0;n.a.;n.a.;n.a.;2.0;1.0;10.0
GM0777;2023;80.0;2.0;n.a.;n.a.;n.a.;3.0;1.0;13.0
GM0777;2024;78.0;1.0;n.a.;n.a.;n.a.;3.0;2.0;15.0
GM0779;2022;84.0;0.0;0.0;1.0;7.0;1.0;0.0;5.0
GM0779;2023;81.0;0.0;0.0;1.0;6.0;2.0;1.0;7.0
GM0779;2024;79.0;0.0;0.0;1.0;6.0;2.0;1.0;7.0
GM0784;2022;89.0;2.0;n.a.;n.a.;n.a.;3.0;1.0;3.0
GM0784;2023;85.0;2.0;n.a.;n.a.;n.a.;4.0;1.0;5.0
GM0784;2024;82.0;2.0;n.a.;n.a.;n.a.;5.0;2.0;7.0
GM0785;2022;86.0;2.0;n.a.;n.a.;n.a.;4.0;0.0;6.0
GM0785;2023;83.0;2.0;n.a.;n.a.;n.a.;4.0;1.0;8.0
GM0785;2024;81.0;2.0;n.a.;n.a.;n.a.;5.0;2.0;9.0
GM0794;2022;75.0;4.0;0.0;1.0;13.0;1.0;0.0;5.0
GM0794;2023;73.0;4.0;0.0;1.0;13.0;2.0;1.0;6.0
GM0794;2024;71.0;3.0;0.0;0.0;13.0;2.0;1.0;8.0
GM0796;2022;83.0;8.0;n.a.;n.a.;n.a.;1.0;0.0;3.0
GM0796;2023;81.0;7.0;n.a.;n.a.;n.a.;2.0;1.0;5.0
GM0796;2024;78.0;7.0;0.0;0.0;3.0;3.0;1.0;6.0
GM0797;2022;90.0;2.0;n.a.;n.a.;n.a.;1.0;0.0;5.0
GM0797;2023;86.0;2.0;n.a.;n.a.;n.a.;3.0;1.0;6.0
GM0797;2024;84.0;2.0;n.a.;n.a.;n.a.;4.0;2.0;8.0
GM0798;2022;88.0;2.0;n.a.;n.a.;n.a.;2.0;0.0;4.0
GM0798;2023;84.0;2.0;n.a.;n.a.;n.a.;3.0;1.0;6.0
GM0798;2024;81.0;2.0;n.a.;n.a.;n.a.;4.0;2.0;6.0
GM0809;2022;90.0;2.0;n.a.;n.a.;n.a.;2.0;0.0;3.0
GM0809;2023;88.0;1.0;n.a.;n.a.;n.a.;4.0;1.0;4.0
GM0809;2024;86.0;1.0;n.a.;n.a.;n.a.;4.0;1.0;6.0
GM0820;2022;93.0;1.0;n.a.;n.a.;n.a.;1.0;0.0;3.0
GM0820;2023;91.0;0.0;n.a.;n.a.;n.a.;3.0;1.0;5.0
GM0820;2024;89.0;0.0;n.a.;n.a.;n.a.;3.0;2.0;5.0
GM0823;2022;88.0;0.0;n.a.;n.a.;n.a.;2.0;1.0;5.0
GM0823;2023;84.0;0.0;n.a.;n.a.;n.a.;3.0;1.0;5.0
GM0823;2024;82.0;0.0;n.a.;n.a.;n.a.;4.0;2.0;7.0
GM0824;2022;91.0;1.0;n.a.;n.a.;n.a.;2.0;0.0;3.0
GM0824;2023;87.0;1.0;n.a.;n.a.;n.a.;4.0;1.0;4.0
GM0824;2024;84.0;1.0;n.a.;n.a.;n.a.;5.0;2.0;5.0
GM0826;2022;85.0;4.0;0.0;0.0;4.0;3.0;0.0;2.0
GM0826;2023;81.0;4.0;0.0;0.0;4.0;4.0;1.0;4.0
GM0826;2024;79.0;4.0;0.0;0.0;4.0;5.0;2.0;5.0
GM0828;2022;92.0;3.0;n.a.;n.a.;n.a.;1.0;1.0;2.0
GM0828;2023;89.0;3.0;n.a.;n.a.;n.a.;2.0;1.0;3.0
GM0828;2024;86.0;3.0;n.a.;n.a.;n.a.;3.0;2.0;4.0
GM0840;2022;93.0;1.0;n.a.;n.a.;n.a.;1.0;0.0;3.0
GM0840;2023;88.0;1.0;n.a.;n.a.;n.a.;3.0;1.0;5.0
GM0840;2024;86.0;1.0;n.a.;n.a.;n.a.;3.0;2.0;6.0
GM0845;2022;90.0;2.0;n.a.;n.a.;n.a.;2.0;1.0;4.0
GM0845;2023;86.0;2.0;n.a.;n.a.;n.a.;4.0;1.0;5.0
GM0845;2024;84.0;2.0;n.a.;n.a.;n.a.;4.0;2.0;6.0
GM0847;2022;91.0;2.0;n.a.;n.a.;n.a.;2.0;1.0;4.0
GM0847;2023;87.0;2.0;n.a.;n.a.;n.a.;3.0;1.0;5.0
GM0847;2024;84.0;2.0;n.a.;n.a.;n.a.;4.0;2.0;7.0
GM0848;2022;94.0;0.0;n.a.;n.a.;n.a.;1.0;1.0;3.0
GM0848;2023;91.0;0.0;n.a.;n.a.;n.a.;3.0;1.0;4.0
GM0848;2024;89.0;0.0;n.a.;n.a.;n.a.;4.0;2.0;5.0
GM0851;2022;90.0;1.0;n.a.;n.a.;n.a.;1.0;1.0;4.0
GM0851;2023;87.0;1.0;n.a.;n.a.;n.a.;2.0;1.0;5.0
GM0851;2024;85.0;1.0;n.a.;n.a.;n.a.;3.0;2.0;6.0
GM0852;2022;94.0;0.0;n.a.;n.a.;n.a.;1.0;1.0;2.0
GM0852;2023;92.0;0.0;n.a.;n.a.;n.a.;2.0;1.0;3.0
GM0852;2024;91.0;0.0;n.a.;n.a.;n.a.;3.0;2.0;3.0
GM0855;2022;59.0;5.0;1.0;5.0;21.0;1.0;0.0;7.0
GM0855;2023;57.0;5.0;1.0;4.0;21.0;1.0;1.0;8.0
GM0855;2024;55.0;5.0;1.0;4.0;21.0;2.0;1.0;9.0
GM0858;2022;94.0;1.0;n.a.;n.a.;n.a.;1.0;0.0;2.0
GM0858;2023;91.0;1.0;n.a.;n.a.;n.a.;3.0;1.0;3.0
GM0858;2024;87.0;1.0;n.a.;n.a.;n.a.;4.0;2.0;5.0
GM0861;2022;93.0;1.0;n.a.;n.a.;n.a.;2.0;0.0;3.0
GM0861;2023;90.0;1.0;n.a.;n.a.;n.a.;3.0;1.0;4.0
GM0861;2024;87.0;1.0;n.a.;n.a.;n.a.;3.0;2.0;6.0
GM0865;2022;89.0;3.0;n.a.;n.a.;n.a.;1.0;0.0;3.0
GM0865;2023;86.0;3.0;n.a.;n.a.;n.a.;3.0;1.0;4.0
GM0865;2024;84.0;3.0;n.a.;n.a.;n.a.;3.0;1.0;5.0
GM0866;2022;90.0;4.0;n.a.;n.a.;n.a.;1.0;0.0;3.0
GM0866;2023;85.0;4.0;n.a.;n.a.;n.a.;4.0;1.0;5.0
GM0866;2024;83.0;4.0;n.a.;n.a.;n.a.;5.0;2.0;6.0
GM0867;2022;90.0;4.0;n.a.;n.a.;n.a.;1.0;0.0;4.0
GM0867;2023;88.0;3.0;n.a.;n.a.;n.a.;2.0;1.0;5.0
GM0867;2024;85.0;4.0;n.a.;n.a.;n.a.;3.0;2.0;6.0
GM0873;2022;91.0;2.0;n.a.;n.a.;n.a.;2.0;1.0;2.0
GM0873;2023;88.0;2.0;n.a.;n.a.;n.a.;3.0;1.0;3.0
GM0873;2024;86.0;2.0;n.a.;n.a.;n.a.;3.0;2.0;4.0
GM0879;2022;92.0;0.0;n.a.;n.a.;n.a.;1.0;0.0;2.0
GM0879;2023;88.0;0.0;n.a.;n.a.;n.a.;2.0;1.0;4.0
GM0879;2024;85.0;0.0;n.a.;n.a.;n.a.;3.0;1.0;6.0
GM0880;2022;87.0;9.0;n.a.;n.a.;n.a.;1.0;0.0;2.0
GM0880;2023;84.0;9.0;n.a.;n.a.;n.a.;2.0;1.0;4.0
GM0880;2024;81.0;9.0;n.a.;n.a.;n.a.;2.0;1.0;5.0
GM0882;2022;92.0;5.0;n.a.;n.a.;n.a.;1.0;1.0;1.0
GM0882;2023;90.0;5.0;n.a.;n.a.;n.a.;2.0;2.0;1.0
GM0882;2024;88.0;5.0;n.a.;n.a.;n.a.;2.0;2.0;2.0
GM0888;2022;89.0;8.0;n.a.;n.a.;n.a.;1.0;1.0;1.0
GM0888;2023;86.0;8.0;n.a.;n.a.;n.a.;2.0;2.0;1.0
GM0888;2024;84.0;8.0;n.a.;n.a.;n.a.;3.0;3.0;2.0
GM0889;2022;90.0;0.0;n.a.;n.a.;n.a.;2.0;1.0;4.0
GM0889;2023;86.0;0.0;n.a.;n.a.;n.a.;3.0;2.0;5.0
GM0889;2024;85.0;0.0;n.a.;n.a.;n.a.;4.0;3.0;6.0
GM0893;2022;91.0;0.0;n.a.;n.a.;n.a.;1.0;1.0;3.0
GM0893;2023;87.0;0.0;n.a.;n.a.;n.a.;2.0;1.0;4.0
GM0893;2024;85.0;0.0;n.a.;n.a.;n.a.;2.0;2.0;5.0
GM0899;2022;85.0;10.0;n.a.;n.a.;n.a.;1.0;1.0;1.0
GM0899;2023;84.0;9.0;n.a.;n.a.;n.a.;2.0;2.0;1.0
GM0899;2024;83.0;8.0;n.a.;n.a.;n.a.;2.0;3.0;2.0
GM0907;2022;89.0;1.0;n.a.;n.a.;n.a.;1.0;1.0;6.0
GM0907;2023;85.0;1.0;n.a.;n.a.;n.a.;2.0;1.0;7.0
GM0907;2024;83.0;1.0;n.a.;n.a.;n.a.;2.0;2.0;8.0
GM0917;2022;84.0;7.0;0.0;1.0;3.0;1.0;1.0;2.0
GM0917;2023;83.0;7.0;0.0;1.0;3.0;1.0;1.0;2.0
GM0917;2024;81.0;7.0;0.0;1.0;4.0;1.0;2.0;2.0
GM0928;2022;87.0;9.0;n.a.;n.a.;n.a.;1.0;1.0;1.0
GM0928;2023;85.0;9.0;n.a.;n.a.;n.a.;1.0;1.0;2.0
GM0928;2024;84.0;8.0;n.a.;n.a.;n.a.;2.0;2.0;2.0
GM0935;2022;76.0;13.0;0.0;0.0;4.0;1.0;0.0;2.0
GM0935;2023;74.0;13.0;0.0;0.0;4.0;1.0;1.0;2.0
GM0935;2024;72.0;12.0;0.0;0.0;4.0;1.0;1.0;5.0
GM0938;2022;92.0;3.0;n.a.;n.a.;n.a.;1.0;1.0;1.0
GM0938;2023;89.0;3.0;n.a.;n.a.;n.a.;3.0;2.0;2.0
GM0938;2024;87.0;3.0;n.a.;n.a.;n.a.;3.0;2.0;3.0
GM0944;2022;93.0;2.0;n.a.;n.a.;n.a.;1.0;0.0;2.0
GM0944;2023;90.0;2.0;n.a.;n.a.;n.a.;2.0;1.0;2.0
GM0944;2024;85.0;2.0;n.a.;n.a.;n.a.;3.0;2.0;6.0
GM0946;2022;90.0;0.0;n.a.;n.a.;n.a.;2.0;1.0;4.0
GM0946;2023;86.0;0.0;n.a.;n.a.;n.a.;3.0;2.0;5.0
GM0946;2024;84.0;0.0;n.a.;n.a.;n.a.;4.0;3.0;6.0
GM0957;2022;89.0;5.0;n.a.;n.a.;n.a.;1.0;1.0;2.0
GM0957;2023;87.0;5.0;n.a.;n.a.;n.a.;2.0;1.0;3.0
GM0957;2024;86.0;5.0;n.a.;n.a.;n.a.;2.0;2.0;4.0
GM0965;2022;88.0;7.0;n.a.;n.a.;n.a.;1.0;1.0;1.0
GM0965;2023;85.0;9.0;n.a.;n.a.;n.a.;2.0;1.0;1.0
GM0965;2024;84.0;9.0;n.a.;n.a.;n.a.;2.0;2.0;1.0
GM0971;2022;94.0;1.0;n.a.;n.a.;n.a.;1.0;1.0;2.0
GM0971;2023;91.0;1.0;n.a.;n.a.;n.a.;2.0;2.0;3.0
GM0971;2024;90.0;1.0;n.a.;n.a.;n.a.;3.0;2.0;3.0
GM0981;2022;74.0;11.0;n.a.;n.a.;n.a.;1.0;0.0;2.0
GM0981;2023;72.0;11.0;n.a.;n.a.;n.a.;2.0;1.0;2.0
GM0981;2024;72.0;11.0;n.a.;n.a.;n.a.;2.0;1.0;2.0
GM0983;2022;86.0;5.0;n.a.;n.a.;n.a.;3.0;1.0;3.0
GM0983;2023;83.0;5.0;n.a.;n.a.;n.a.;4.0;1.0;4.0
GM0983;2024;81.0;4.0;n.a.;n.a.;n.a.;5.0;2.0;5.0
GM0984;2022;89.0;3.0;n.a.;n.a.;n.a.;1.0;1.0;3.0
GM0984;2023;85.0;3.0;n.a.;n.a.;n.a.;2.0;1.0;5.0
GM0984;2024;83.0;3.0;n.a.;n.a.;n.a.;3.0;2.0;6.0
GM0986;2022;93.0;1.0;n.a.;n.a.;n.a.;2.0;0.0;1.0
GM0986;2023;89.0;1.0;n.a.;n.a.;n.a.;3.0;2.0;2.0
GM0986;2024;87.0;1.0;n.a.;n.a.;n.a.;4.0;2.0;3.0
GM0988;2022;90.0;3.0;n.a.;n.a.;n.a.;1.0;1.0;4.0
GM0988;2023;87.0;3.0;n.a.;n.a.;n.a.;2.0;1.0;5.0
GM0988;2024;85.0;3.0;n.a.;n.a.;n.a.;3.0;2.0;6.0
GM0994;2022;90.0;5.0;n.a.;n.a.;n.a.;1.0;0.0;1.0
GM0994;2023;88.0;5.0;n.a.;n.a.;n.a.;2.0;1.0;2.0
GM0994;2024;86.0;5.0;n.a.;n.a.;n.a.;3.0;2.0;2.0
GM0995;2022;78.0;1.0;0.0;0.0;15.0;1.0;0.0;4.0
GM0995;2023;75.0;1.0;0.0;0.0;15.0;1.0;1.0;5.0
GM0995;2024;73.0;1.0;0.0;0.0;15.0;2.0;1.0;7.0
GM1507;2022;92.0;1.0;n.a.;n.a.;n.a.;1.0;1.0;3.0
GM1507;2023;87.0;1.0;n.a.;n.a.;n.a.;3.0;2.0;4.0
GM1507;2024;85.0;1.0;n.a.;n.a.;n.a.;3.0;2.0;5.0
GM1509;2022;92.0;1.0;n.a.;n.a.;n.a.;1.0;0.0;4.0
GM1509;2023;88.0;1.0;n.a.;n.a.;n.a.;3.0;1.0;5.0
GM1509;2024;85.0;1.0;n.a.;n.a.;n.a.;3.0;2.0;7.0
GM1525;2022;92.0;3.0;n.a.;n.a.;n.a.;1.0;0.0;3.0
GM1525;2023;89.0;3.0;n.a.;n.a.;n.a.;2.0;1.0;4.0
GM1525;2024;87.0;3.0;n.a.;n.a.;n.a.;2.0;1.0;5.0
GM1581;2022;86.0;5.0;n.a.;n.a.;n.a.;2.0;0.0;3.0
GM1581;2023;84.0;5.0;n.a.;n.a.;n.a.;3.0;1.0;4.0
GM1581;2024;82.0;4.0;n.a.;n.a.;n.a.;3.0;1.0;5.0
GM1586;2022;92.0;1.0;n.a.;n.a.;n.a.;2.0;1.0;2.0
GM1586;2023;88.0;1.0;n.a.;n.a.;n.a.;4.0;1.0;4.0
GM1586;2024;84.0;1.0;n.a.;n.a.;n.a.;4.0;2.0;6.0
GM1598;2022;90.0;2.0;n.a.;n.a.;n.a.;2.0;1.0;4.0
GM1598;2023;86.0;2.0;n.a.;n.a.;n.a.;4.0;1.0;6.0
GM1598;2024;83.0;2.0;n.a.;n.a.;n.a.;5.0;2.0;7.0
GM1621;2022;87.0;1.0;0.0;0.0;4.0;3.0;0.0;3.0
GM1621;2023;86.0;1.0;0.0;0.0;4.0;3.0;1.0;4.0
GM1621;2024;82.0;1.0;0.0;0.0;4.0;4.0;1.0;6.0
GM1640;2022;90.0;2.0;n.a.;n.a.;n.a.;2.0;1.0;3.0
GM1640;2023;86.0;2.0;n.a.;n.a.;n.a.;3.0;2.0;4.0
GM1640;2024;84.0;2.0;n.a.;n.a.;n.a.;4.0;3.0;5.0
GM1641;2022;91.0;3.0;n.a.;n.a.;n.a.;1.0;1.0;2.0
GM1641;2023;87.0;3.0;n.a.;n.a.;n.a.;3.0;2.0;4.0
GM1641;2024;84.0;3.0;n.a.;n.a.;n.a.;3.0;3.0;4.0
GM1652;2022;86.0;2.0;n.a.;n.a.;n.a.;1.0;0.0;6.0
GM1652;2023;84.0;2.0;n.a.;n.a.;n.a.;2.0;1.0;6.0
GM1652;2024;82.0;1.0;n.a.;n.a.;n.a.;3.0;2.0;8.0
GM1655;2022;93.0;2.0;n.a.;n.a.;n.a.;1.0;0.0;2.0
GM1655;2023;89.0;2.0;n.a.;n.a.;n.a.;3.0;1.0;3.0
GM1655;2024;87.0;2.0;n.a.;n.a.;n.a.;3.0;2.0;4.0
GM1658;2022;92.0;0.0;n.a.;n.a.;n.a.;2.0;1.0;3.0
GM1658;2023;87.0;0.0;n.a.;n.a.;n.a.;4.0;2.0;5.0
GM1658;2024;83.0;0.0;n.a.;n.a.;n.a.;4.0;2.0;6.0
GM1659;2022;91.0;0.0;n.a.;n.a.;n.a.;1.0;1.0;4.0
GM1659;2023;87.0;0.0;n.a.;n.a.;n.a.;3.0;2.0;5.0
GM1659;2024;85.0;0.0;n.a.;n.a.;n.a.;4.0;2.0;5.0
GM1667;2022;85.0;1.0;n.a.;n.a.;n.a.;2.0;1.0;7.0
GM1667;2023;79.0;1.0;n.a.;n.a.;n.a.;4.0;2.0;10.0
GM1667;2024;76.0;1.0;n.a.;n.a.;n.a.;5.0;2.0;11.0
GM1669;2022;93.0;1.0;n.a.;n.a.;n.a.;1.0;1.0;2.0
GM1669;2023;89.0;1.0;n.a.;n.a.;n.a.;2.0;2.0;3.0
GM1669;2024;87.0;1.0;n.a.;n.a.;n.a.;3.0;3.0;4.0
GM1674;2022;90.0;3.0;n.a.;n.a.;n.a.;1.0;1.0;2.0
GM1674;2023;88.0;3.0;n.a.;n.a.;n.a.;2.0;2.0;3.0
GM1674;2024;86.0;2.0;n.a.;n.a.;n.a.;2.0;2.0;4.0
GM1676;2022;89.0;1.0;n.a.;n.a.;n.a.;3.0;1.0;4.0
GM1676;2023;87.0;1.0;n.a.;n.a.;n.a.;4.0;2.0;5.0
GM1676;2024;85.0;1.0;n.a.;n.a.;n.a.;5.0;2.0;5.0
GM1680;2022;89.0;3.0;n.a.;n.a.;n.a.;4.0;1.0;3.0
GM1680;2023;85.0;3.0;n.a.;n.a.;n.a.;6.0;1.0;4.0
GM1680;2024;81.0;3.0;n.a.;n.a.;n.a.;7.0;2.0;5.0
GM1681;2022;93.0;1.0;n.a.;n.a.;n.a.;2.0;1.0;3.0
GM1681;2023;88.0;1.0;n.a.;n.a.;n.a.;4.0;1.0;4.0
GM1681;2024;85.0;1.0;n.a.;n.a.;n.a.;5.0;2.0;5.0
GM1690;2022;90.0;5.0;n.a.;n.a.;n.a.;1.0;1.0;2.0
GM1690;2023;86.0;5.0;n.a.;n.a.;n.a.;4.0;1.0;3.0
GM1690;2024;83.0;4.0;n.a.;n.a.;n.a.;5.0;2.0;5.0
GM1695;2022;87.0;3.0;n.a.;n.a.;n.a.;1.0;1.0;4.0
GM1695;2023;83.0;3.0;n.a.;n.a.;n.a.;2.0;1.0;6.0
GM1695;2024;81.0;3.0;n.a.;n.a.;n.a.;3.0;2.0;7.0
GM1696;2022;92.0;0.0;n.a.;n.a.;n.a.;1.0;0.0;2.0
GM1696;2023;90.0;0.0;n.a.;n.a.;n.a.;2.0;1.0;2.0
GM1696;2024;88.0;0.0;n.a.;n.a.;n.a.;3.0;1.0;3.0
GM1699;2022;90.0;2.0;n.a.;n.a.;n.a.;1.0;0.0;2.0
GM1699;2023;88.0;2.0;n.a.;n.a.;n.a.;3.0;1.0;4.0
GM1699;2024;84.0;2.0;n.a.;n.a.;n.a.;4.0;2.0;5.0
GM1700;2022;92.0;2.0;n.a.;n.a.;n.a.;2.0;0.0;2.0
GM1700;2023;88.0;2.0;n.a.;n.a.;n.a.;4.0;1.0;3.0
GM1700;2024;85.0;2.0;n.a.;n.a.;n.a.;4.0;2.0;4.0
GM1701;2022;92.0;1.0;n.a.;n.a.;n.a.;2.0;1.0;3.0
GM1701;2023;88.0;1.0;n.a.;n.a.;n.a.;4.0;1.0;4.0
GM1701;2024;85.0;0.0;n.a.;n.a.;n.a.;5.0;2.0;5.0
GM1705;2022;94.0;1.0;n.a.;n.a.;n.a.;2.0;0.0;2.0
GM1705;2023;90.0;1.0;n.a.;n.a.;n.a.;3.0;1.0;2.0
GM1705;2024;89.0;1.0;n.a.;n.a.;n.a.;4.0;2.0;3.0
GM1706;2022;94.0;1.0;n.a.;n.a.;n.a.;2.0;1.0;2.0
GM1706;2023;90.0;1.0;n.a.;n.a.;n.a.;3.0;2.0;3.0
GM1706;2024;88.0;1.0;n.a.;n.a.;n.a.;3.0;2.0;4.0
GM1708;2022;91.0;3.0;n.a.;n.a.;n.a.;1.0;0.0;2.0
GM1708;2023;88.0;3.0;n.a.;n.a.;n.a.;3.0;1.0;4.0
GM1708;2024;85.0;3.0;n.a.;n.a.;n.a.;3.0;2.0;5.0
GM1709;2022;91.0;2.0;n.a.;n.a.;n.a.;1.0;1.0;2.0
GM1709;2023;88.0;1.0;n.a.;n.a.;n.a.;3.0;2.0;3.0
GM1709;2024;86.0;1.0;n.a.;n.a.;n.a.;3.0;2.0;5.0
GM1711;2022;92.0;3.0;n.a.;n.a.;n.a.;1.0;1.0;2.0
GM1711;2023;88.0;3.0;n.a.;n.a.;n.a.;2.0;2.0;3.0
GM1711;2024;86.0;2.0;n.a.;n.a.;n.a.;3.0;3.0;4.0
GM1714;2022;92.0;1.0;n.a.;n.a.;n.a.;1.0;0.0;3.0
GM1714;2023;89.0;1.0;n.a.;n.a.;n.a.;2.0;1.0;3.0
GM1714;2024;86.0;1.0;n.a.;n.a.;n.a.;2.0;1.0;5.0
GM1719;2022;91.0;1.0;n.a.;n.a.;n.a.;1.0;0.0;4.0
GM1719;2023;87.0;1.0;n.a.;n.a.;n.a.;3.0;1.0;5.0
GM1719;2024;85.0;1.0;n.a.;n.a.;n.a.;3.0;2.0;6.0
GM1721;2022;90.0;1.0;n.a.;n.a.;n.a.;2.0;1.0;3.0
GM1721;2023;87.0;2.0;n.a.;n.a.;n.a.;3.0;1.0;5.0
GM1721;2024;83.0;1.0;n.a.;n.a.;n.a.;3.0;2.0;7.0
GM1723;2022;90.0;0.0;n.a.;n.a.;n.a.;2.0;0.0;4.0
GM1723;2023;86.0;0.0;n.a.;n.a.;n.a.;4.0;1.0;5.0
GM1723;2024;83.0;0.0;n.a.;n.a.;n.a.;5.0;2.0;7.0
GM1724;2022;89.0;1.0;n.a.;n.a.;n.a.;2.0;1.0;3.0
GM1724;2023;85.0;1.0;n.a.;n.a.;n.a.;4.0;1.0;4.0
GM1724;2024;81.0;1.0;n.a.;n.a.;n.a.;5.0;2.0;6.0
GM1728;2022;90.0;1.0;n.a.;n.a.;n.a.;3.0;1.0;3.0
GM1728;2023;86.0;1.0;n.a.;n.a.;n.a.;5.0;2.0;4.0
GM1728;2024;83.0;1.0;n.a.;n.a.;n.a.;6.0;2.0;5.0
GM1729;2022;90.0;4.0;n.a.;n.a.;n.a.;1.0;1.0;2.0
GM1729;2023;87.0;4.0;n.a.;n.a.;n.a.;3.0;1.0;2.0
GM1729;2024;85.0;4.0;n.a.;n.a.;n.a.;3.0;2.0;3.0
GM1730;2022;93.0;1.0;n.a.;n.a.;n.a.;2.0;0.0;3.0
GM1730;2023;89.0;1.0;n.a.;n.a.;n.a.;4.0;1.0;3.0
GM1730;2024;85.0;1.0;n.a.;n.a.;n.a.;5.0;2.0;4.0
GM1731;2022;91.0;2.0;n.a.;n.a.;n.a.;2.0;0.0;2.0
GM1731;2023;86.0;2.0;n.a.;n.a.;n.a.;5.0;1.0;3.0
GM1731;2024;83.0;1.0;n.a.;n.a.;n.a.;6.0;2.0;5.0
GM1734;2022;91.0;1.0;n.a.;n.a.;n.a.;1.0;1.0;3.0
GM1734;2023;88.0;1.0;n.a.;n.a.;n.a.;3.0;1.0;4.0
GM1734;2024;85.0;1.0;n.a.;n.a.;n.a.;3.0;2.0;5.0
GM1735;2022;91.0;2.0;n.a.;n.a.;n.a.;2.0;1.0;2.0
GM1735;2023;87.0;2.0;n.a.;n.a.;n.a.;4.0;1.0;3.0
GM1735;2024;83.0;2.0;n.a.;n.a.;n.a.;5.0;2.0;4.0
GM1740;2022;92.0;0.0;n.a.;n.a.;n.a.;2.0;0.0;4.0
GM1740;2023;89.0;0.0;n.a.;n.a.;n.a.;3.0;1.0;4.0
GM1740;2024;86.0;0.0;n.a.;n.a.;n.a.;3.0;2.0;6.0
GM1742;2022;91.0;3.0;n.a.;n.a.;n.a.;2.0;0.0;2.0
GM1742;2023;87.0;3.0;n.a.;n.a.;n.a.;4.0;1.0;3.0
GM1742;2024;84.0;3.0;n.a.;n.a.;n.a.;5.0;2.0;5.0
GM1771;2022;90.0;5.0;n.a.;n.a.;n.a.;1.0;0.0;2.0
GM1771;2023;87.0;5.0;n.a.;n.a.;n.a.;3.0;1.0;3.0
GM1771;2024;85.0;5.0;n.a.;n.a.;n.a.;3.0;2.0;4.0
GM1773;2022;91.0;1.0;n.a.;n.a.;n.a.;1.0;0.0;4.0
GM1773;2023;86.0;1.0;n.a.;n.a.;n.a.;3.0;1.0;5.0
GM1773;2024;82.0;1.0;n.a.;n.a.;n.a.;3.0;2.0;7.0
GM1774;2022;87.0;1.0;n.a.;n.a.;n.a.;2.0;1.0;2.0
GM1774;2023;83.0;1.0;n.a.;n.a.;n.a.;4.0;1.0;4.0
GM1774;2024;80.0;1.0;n.a.;n.a.;n.a.;5.0;2.0;5.0
GM1783;2022;91.0;3.0;n.a.;n.a.;n.a.;1.0;0.0;3.0
GM1783;2023;88.0;3.0;n.a.;n.a.;n.a.;2.0;1.0;4.0
GM1783;2024;86.0;3.0;n.a.;n.a.;n.a.;2.0;1.0;5.0
GM1842;2022;88.0;2.0;0.0;0.0;5.0;1.0;1.0;1.0
GM1842;2023;86.0;2.0;0.0;0.0;5.0;3.0;1.0;2.0
GM1842;2024;84.0;2.0;0.0;0.0;5.0;3.0;2.0;3.0
GM1859;2022;92.0;2.0;n.a.;n.a.;n.a.;2.0;0.0;2.0
GM1859;2023;88.0;2.0;n.a.;n.a.;n.a.;4.0;1.0;3.0
GM1859;2024;85.0;2.0;n.a.;n.a.;n.a.;5.0;2.0;4.0
GM1876;2022;91.0;1.0;n.a.;n.a.;n.a.;1.0;0.0;2.0
GM1876;2023;88.0;1.0;n.a.;n.a.;n.a.;3.0;1.0;3.0
GM1876;2024;84.0;1.0;n.a.;n.a.;n.a.;3.0;2.0;5.0
GM1883;2022;84.0;8.0;0.0;0.0;4.0;1.0;1.0;1.0
GM1883;2023;81.0;7.0;0.0;1.0;4.0;2.0;1.0;2.0
GM1883;2024;80.0;7.0;0.0;1.0;5.0;2.0;2.0;3.0
GM1884;2022;87.0;3.0;n.a.;n.a.;n.a.;1.0;0.0;5.0
GM1884;2023;85.0;3.0;n.a.;n.a.;n.a.;2.0;1.0;7.0
GM1884;2024;81.0;3.0;n.a.;n.a.;n.a.;3.0;1.0;10.0
GM1891;2022;92.0;2.0;n.a.;n.a.;n.a.;2.0;0.0;2.0
GM1891;2023;89.0;2.0;n.a.;n.a.;n.a.;3.0;1.0;3.0
GM1891;2024;87.0;2.0;n.a.;n.a.;n.a.;3.0;2.0;4.0
GM1892;2022;83.0;8.0;n.a.;n.a.;n.a.;2.0;0.0;5.0
GM1892;2023;80.0;8.0;n.a.;n.a.;n.a.;3.0;1.0;7.0
GM1892;2024;78.0;7.0;n.a.;n.a.;n.a.;3.0;1.0;9.0
GM1894;2022;91.0;0.0;n.a.;n.a.;n.a.;2.0;1.0;4.0
GM1894;2023;87.0;0.0;n.a.;n.a.;n.a.;3.0;2.0;6.0
GM1894;2024;84.0;0.0;n.a.;n.a.;n.a.;4.0;3.0;7.0
GM1895;2022;90.0;4.0;n.a.;n.a.;n.a.;2.0;1.0;3.0
GM1895;2023;87.0;4.0;n.a.;n.a.;n.a.;3.0;1.0;4.0
GM1895;2024;83.0;4.0;n.a.;n.a.;n.a.;4.0;2.0;5.0
GM1896;2022;90.0;3.0;n.a.;n.a.;n.a.;2.0;1.0;2.0
GM1896;2023;85.0;3.0;n.a.;n.a.;n.a.;4.0;1.0;4.0
GM1896;2024;83.0;3.0;n.a.;n.a.;n.a.;5.0;2.0;5.0
GM1900;2022;90.0;3.0;n.a.;n.a.;n.a.;1.0;0.0;3.0
GM1900;2023;88.0;3.0;n.a.;n.a.;n.a.;2.0;1.0;4.0
GM1900;2024;86.0;3.0;n.a.;n.a.;n.a.;3.0;1.0;4.0
GM1901;2022;86.0;4.0;n.a.;n.a.;n.a.;1.0;0.0;5.0
GM1901;2023;83.0;4.0;n.a.;n.a.;n.a.;2.0;1.0;6.0
GM1901;2024;81.0;3.0;n.a.;n.a.;n.a.;2.0;1.0;8.0
GM1903;2022;93.0;0.0;n.a.;n.a.;n.a.;1.0;1.0;2.0
GM1903;2023;90.0;1.0;n.a.;n.a.;n.a.;3.0;2.0;3.0
GM1903;2024;87.0;1.0;n.a.;n.a.;n.a.;4.0;2.0;4.0
GM1904;2022;90.0;3.0;n.a.;n.a.;n.a.;2.0;0.0;1.0
GM1904;2023;88.0;3.0;n.a.;n.a.;n.a.;3.0;1.0;2.0
GM1904;2024;86.0;3.0;n.a.;n.a.;n.a.;3.0;1.0;3.0
GM1911;2022;92.0;1.0;n.a.;n.a.;n.a.;2.0;1.0;3.0
GM1911;2023;88.0;1.0;n.a.;n.a.;n.a.;3.0;1.0;5.0
GM1911;2024;84.0;1.0;n.a.;n.a.;n.a.;5.0;2.0;6.0
GM1916;2022;81.0;17.0;n.a.;n.a.;n.a.;1.0;0.0;1.0
GM1916;2023;79.0;16.0;n.a.;n.a.;n.a.;1.0;0.0;2.0
GM1916;2024;78.0;16.0;n.a.;n.a.;n.a.;1.0;1.0;3.0
GM1924;2022;89.0;1.0;n.a.;n.a.;n.a.;2.0;1.0;4.0
GM1924;2023;86.0;1.0;n.a.;n.a.;n.a.;3.0;1.0;5.0
GM1924;2024;84.0;1.0;n.a.;n.a.;n.a.;4.0;2.0;7.0
GM1926;2022;77.0;2.0;0.0;1.0;11.0;2.0;0.0;6.0
GM1926;2023;75.0;2.0;0.0;1.0;11.0;3.0;1.0;7.0
GM1926;2024;73.0;1.0;0.0;1.0;11.0;3.0;1.0;9.0
GM1930;2022;87.0;5.0;n.a.;n.a.;n.a.;1.0;0.0;3.0
GM1930;2023;85.0;4.0;n.a.;n.a.;n.a.;2.0;1.0;4.0
GM1930;2024;84.0;4.0;n.a.;n.a.;n.a.;2.0;2.0;5.0
GM1931;2022;91.0;2.0;n.a.;n.a.;n.a.;1.0;0.0;2.0
GM1931;2023;89.0;2.0;n.a.;n.a.;n.a.;2.0;1.0;3.0
GM1931;2024;87.0;2.0;n.a.;n.a.;n.a.;3.0;1.0;4.0
GM1940;2022;92.0;1.0;n.a.;n.a.;n.a.;2.0;1.0;3.0
GM1940;2023;89.0;1.0;n.a.;n.a.;n.a.;3.0;1.0;4.0
GM1940;2024;87.0;1.0;n.a.;n.a.;n.a.;3.0;2.0;5.0
GM1942;2022;85.0;11.0;n.a.;n.a.;n.a.;1.0;0.0;1.0
GM1942;2023;83.0;10.0;n.a.;n.a.;n.a.;3.0;0.0;2.0
GM1942;2024;82.0;10.0;n.a.;n.a.;n.a.;3.0;1.0;3.0
GM1945;2022;91.0;3.0;n.a.;n.a.;n.a.;1.0;0.0;3.0
GM1945;2023;88.0;3.0;n.a.;n.a.;n.a.;2.0;1.0;4.0
GM1945;2024;85.0;3.0;n.a.;n.a.;n.a.;3.0;2.0;5.0
GM1948;2022;90.0;2.0;n.a.;n.a.;n.a.;1.0;1.0;4.0
GM1948;2023;87.0;2.0;n.a.;n.a.;n.a.;2.0;1.0;5.0
GM1948;2024;84.0;2.0;n.a.;n.a.;n.a.;3.0;2.0;7.0
GM1949;2022;91.0;2.0;n.a.;n.a.;n.a.;2.0;0.0;2.0
GM1949;2023;88.0;2.0;n.a.;n.a.;n.a.;3.0;1.0;3.0
GM1949;2024;85.0;2.0;n.a.;n.a.;n.a.;4.0;2.0;4.0
GM1950;2022;88.0;4.0;n.a.;n.a.;n.a.;2.0;0.0;2.0
GM1950;2023;85.0;5.0;n.a.;n.a.;n.a.;3.0;1.0;2.0
GM1950;2024;83.0;5.0;n.a.;n.a.;n.a.;4.0;2.0;3.0
GM1952;2022;89.0;5.0;n.a.;n.a.;n.a.;2.0;0.0;2.0
GM1952;2023;85.0;5.0;n.a.;n.a.;n.a.;3.0;1.0;4.0
GM1952;2024;83.0;5.0;n.a.;n.a.;n.a.;4.0;2.0;5.0
GM1954;2022;92.0;2.0;n.a.;n.a.;n.a.;2.0;1.0;2.0
GM1954;2023;89.0;2.0;n.a.;n.a.;n.a.;4.0;2.0;2.0
GM1954;2024;87.0;2.0;n.a.;n.a.;n.a.;4.0;2.0;3.0
GM1955;2022;89.0;2.0;n.a.;n.a.;n.a.;1.0;1.0;5.0
GM1955;2023;86.0;2.0;n.a.;n.a.;n.a.;3.0;1.0;6.0
GM1955;2024;84.0;2.0;n.a.;n.a.;n.a.;3.0;2.0;7.0
GM1959;2022;91.0;1.0;n.a.;n.a.;n.a.;2.0;0.0;3.0
GM1959;2023;88.0;1.0;n.a.;n.a.;n.a.;3.0;1.0;5.0
GM1959;2024;86.0;1.0;n.a.;n.a.;n.a.;3.0;2.0;5.0
GM1960;2022;91.0;1.0;n.a.;n.a.;n.a.;1.0;0.0;4.0
GM1960;2023;87.0;1.0;n.a.;n.a.;n.a.;3.0;1.0;5.0
GM1960;2024;85.0;1.0;n.a.;n.a.;n.a.;4.0;2.0;6.0
GM1961;2022;88.0;4.0;n.a.;n.a.;n.a.;1.0;0.0;4.0
GM1961;2023;86.0;5.0;n.a.;n.a.;n.a.;2.0;1.0;6.0
GM1961;2024;82.0;4.0;n.a.;n.a.;n.a.;2.0;1.0;9.0
GM1963;2022;92.0;2.0;n.a.;n.a.;n.a.;2.0;1.0;3.0
GM1963;2023;89.0;2.0;n.a.;n.a.;n.a.;3.0;1.0;4.0
GM1963;2024;86.0;2.0;n.a.;n.a.;n.a.;3.0;2.0;6.0
GM1966;2022;92.0;2.0;n.a.;n.a.;n.a.;2.0;0.0;2.0
GM1966;2023;88.0;2.0;n.a.;n.a.;n.a.;4.0;1.0;3.0
GM1966;2024;84.0;2.0;n.a.;n.a.;n.a.;5.0;2.0;4.0
GM1969;2022;88.0;2.0;n.a.;n.a.;n.a.;2.0;1.0;4.0
GM1969;2023;84.0;3.0;n.a.;n.a.;n.a.;4.0;2.0;5.0
GM1969;2024;80.0;3.0;n.a.;n.a.;n.a.;6.0;3.0;7.0
GM1970;2022;92.0;2.0;n.a.;n.a.;n.a.;2.0;0.0;2.0
GM1970;2023;89.0;2.0;n.a.;n.a.;n.a.;3.0;1.0;3.0
GM1970;2024;87.0;2.0;n.a.;n.a.;n.a.;4.0;2.0;4.0
GM1978;2022;91.0;3.0;n.a.;n.a.;n.a.;1.0;0.0;3.0
GM1978;2023;88.0;2.0;n.a.;n.a.;n.a.;2.0;1.0;4.0
GM1978;2024;86.0;2.0;n.a.;n.a.;n.a.;3.0;1.0;5.0
GM1979;2022;85.0;5.0;n.a.;n.a.;n.a.;1.0;0.0;5.0
GM1979;2023;79.0;5.0;n.a.;n.a.;n.a.;2.0;1.0;8.0
GM1979;2024;76.0;5.0;n.a.;n.a.;n.a.;3.0;2.0;10.0
GM1980;2022;79.0;1.0;0.0;0.0;12.0;1.0;0.0;5.0
GM1980;2023;75.0;1.0;0.0;0.0;12.0;2.0;1.0;7.0
GM1980;2024;73.0;1.0;0.0;0.0;13.0;2.0;1.0;8.0
GM1982;2022;91.0;2.0;n.a.;n.a.;n.a.;1.0;1.0;3.0
GM1982;2023;88.0;1.0;n.a.;n.a.;n.a.;2.0;1.0;4.0
GM1982;2024;86.0;1.0;n.a.;n.a.;n.a.;2.0;2.0;5.0
GM1991;2022;87.0;5.0;n.a.;n.a.;n.a.;2.0;0.0;4.0
GM1991;2023;85.0;4.0;n.a.;n.a.;n.a.;3.0;1.0;5.0
GM1991;2024;82.0;4.0;n.a.;n.a.;n.a.;3.0;2.0;6.0
GM1992;2022;n.a.;n.a.;n.a.;n.a.;n.a.;n.a.;n.a.;n.a.
GM1992;2023;87.0;4.0;n.a.;n.a.;n.a.;2.0;1.0;4.0
GM1992;2024;85.0;4.0;n.a.;n.a.;n.a.;2.0;2.0;5.0
