gemeentecode;type;periode;bag_woningen;gekalibreerd_woningen;gekalibreerd_m2;etm_present_number;etm_typical_useful_demand_kWh_m2;etm_present_share_in_useful_demand;m2_per_woning
GM0482;apartments;before_1945;20.0;49.29653857482386;5019.968001683429;42.0;88.74039118606795;0.00512;101.8
GM0482;apartments;1945_1964;321.0;371.2891197759517;28162.121759652335;323.0;95.81801584293515;0.03169;75.8
GM0482;apartments;1965_1984;1123.0;1131.830468178102;80292.13861496007;1127.0;74.44254759937562;0.08674;70.9
GM0482;apartments;1985_2004;569.0;654.2533042312207;55941.60972045385;683.0;56.836404295295544;0.04654;85.5
GM0482;apartments;2005_present;485.0;516.9142956313585;50774.63455319451;465.0;42.82986903368299;0.02895;98.2
GM0482;apartments;future;21.0;21.01157727427915;1611.8881423268435;;65.0;;76.7
GM0482;terraced_houses;before_1945;256.0;235.9937423381116;22586.86091815002;245.0;101.541325574241;0.03219;95.7
GM0482;terraced_houses;1945_1964;1034.0;1007.3449014950102;91608.87595493215;1050.0;98.76804048536454;0.1308;90.9
GM0482;terraced_houses;1965_1984;969.0;971.8079996631529;116343.96660037973;986.0;78.78134521485717;0.12728;119.7
GM0482;terraced_houses;1985_2004;886.0;836.5328045502636;91732.701910151;792.0;63.93087132906752;0.07914;109.7
GM0482;terraced_houses;2005_present;343.0;323.329142168687;43418.78624553708;324.0;48.08923926536404;0.03002;134.3
GM0482;terraced_houses;future;34.0;32.72727557861293;3328.855045571891;;55.0;;101.7
GM0482;semi_detached_houses;before_1945;339.0;338.3247633857845;39375.96603577379;332.0;114.36826497526437;0.05891;116.4
GM0482;semi_detached_houses;1945_1964;593.0;572.0582522977668;58503.890640224294;567.0;117.3753233272906;0.09006;102.3
GM0482;semi_detached_houses;1965_1984;378.0;365.04989943636633;47788.30691114279;357.0;93.3352210170924;0.0589;130.9
GM0482;semi_detached_houses;1985_2004;428.0;402.4788392848771;51155.86570108767;410.0;75.43361455710516;0.05405;127.1
GM0482;semi_detached_houses;2005_present;207.0;194.8972004554153;31836.33544817925;199.0;53.69206993112546;0.02444;163.3
GM0482;semi_detached_houses;future;10.0;10.998389988883197;1155.0543693453776;;55.0;;105.0
GM0482;detached_houses;before_1945;164.0;155.3849557012801;27062.212997736824;154.0;95.19416403548108;0.03728;174.2
GM0482;detached_houses;1945_1964;54.0;51.30772643127123;11874.34407150556;52.0;84.38661651361191;0.01333;231.4
GM0482;detached_houses;1965_1984;56.0;57.31163272237878;13013.69026122077;51.0;92.21600874217484;0.01256;227.1
GM0482;detached_houses;1985_2004;145.0;134.7350519336385;25867.237968719775;145.0;82.10949047146939;0.03051;192.0
GM0482;detached_houses;2005_present;126.0;125.85936174453933;31560.652132025498;102.0;56.97567478147597;0.02149;250.8
GM0482;detached_houses;future;5.0;5.262757158224717;1067.8617815200178;;55.0;;202.9
GM0505;apartments;before_1945;3436.0;4075.228856274093;359147.6790321891;3380.0;97.8768320322667;0.06393;88.1
GM0505;apartments;1945_1964;5031.0;5096.08588387682;340309.3998085763;5556.0;99.850079190995;0.07917;66.8
GM0505;apartments;1965_1984;8955.0;9092.235282111562;676490.1818239361;8566.0;85.16214442736299;0.11546;74.4
GM0505;apartments;1985_2004;4439.0;4502.430093445227;362818.5752387087;4392.0;64.3730997836717;0.04959;80.6
GM0505;apartments;2005_present;2693.0;2698.5817692918076;221107.6368995731;2136.0;45.9836087365673;0.01825;81.9
GM0505;apartments;future;579.0;555.7298933377778;41074.50050542392;;65.0;;73.9
GM0505;terraced_houses;before_1945;5509.0;6002.360514782802;665828.7032513237;6233.0;92.16915786364834;0.14151;110.9
GM0505;terraced_houses;1945_1964;2015.0;2048.625369211761;197515.89512650928;2275.0;94.81561606756544;0.04454;96.4
GM0505;terraced_houses;1965_1984;6372.0;6440.875037833326;751876.177018768;6447.0;76.66639052925132;0.1231;116.7
GM0505;terraced_houses;1985_2004;4919.0;5019.925283621611;610235.3569377016;4962.0;61.76348950038716;0.0789;121.6
GM0505;terraced_houses;2005_present;1694.0;1777.4754058844926;233375.48511286936;1326.0;49.08719329669725;0.01826;131.3
GM0505;terraced_houses;future;234.0;253.32654425437363;32002.590663162933;;55.0;;126.3
GM0505;semi_detached_houses;before_1945;3217.0;2193.768835172189;276876.210434477;2212.0;109.2801320884384;0.06344;126.2
GM0505;semi_detached_houses;1945_1964;1401.0;1322.292122968901;142740.61922962285;1462.0;108.02737688865558;0.03635;107.9
GM0505;semi_detached_houses;1965_1984;2787.0;2605.841424924968;322734.4728542099;2621.0;90.81233921395284;0.0631;123.9
GM0505;semi_detached_houses;1985_2004;1993.0;1859.4666321375846;249777.5821771491;1908.0;71.1201105673669;0.03799;134.3
GM0505;semi_detached_houses;2005_present;983.0;923.2518678285409;146415.94336227665;767.0;56.47502266791889;0.01431;158.6
GM0505;semi_detached_houses;future;143.0;152.3882020091546;23604.108417355423;;55.0;;154.9
GM0505;detached_houses;before_1945;573.0;463.64179377091676;82000.14813148059;463.0;98.36675672413128;0.01646;176.9
GM0505;detached_houses;1945_1964;139.0;118.99662394251897;22364.409947308945;145.0;101.93525671011088;0.00538;187.9
GM0505;detached_houses;1965_1984;164.0;139.04825513014276;29935.808449188917;160.0;89.24539501241081;0.00611;215.3
GM0505;detached_houses;1985_2004;396.0;365.1779907955775;70865.61309412669;359.0;82.99306776217642;0.01154;194.1
GM0505;detached_houses;2005_present;486.0;456.69095699516;100385.59184348313;413.0;69.89403893680164;0.01261;219.8
GM0505;detached_houses;future;48.0;42.555360398694035;8755.046175224055;;55.0;;205.7
GM0523;apartments;before_1945;51.0;67.3809441386496;5429.9300026319725;95.0;84.06812803714274;0.01359;80.6
GM0523;apartments;1945_1964;96.0;102.46985553343391;8223.445148127623;104.0;75.66046766695027;0.01075;80.3
GM0523;apartments;1965_1984;780.0;751.9145520520589;52079.18334375018;778.0;70.17002144753448;0.06182;69.3
GM0523;apartments;1985_2004;465.0;472.35462046034314;39332.337258225176;484.0;59.61002291867349;0.03582;83.3
GM0523;apartments;2005_present;382.0;399.2213659508421;35253.57176188973;358.0;47.578277995678846;0.02202;88.3
GM0523;apartments;future;168.0;159.8365178697815;15928.636875163555;;65.0;;99.7
GM0523;terraced_houses;before_1945;128.0;128.98492791238806;11196.625505730231;129.0;99.11473491662652;0.01752;86.8
GM0523;terraced_houses;1945_1964;328.0;330.95035479063887;30003.110969127043;331.0;91.5427598284171;0.0395;90.7
GM0523;terraced_houses;1965_1984;1037.0;1078.3873534616773;129018.97068206844;1039.0;73.65522588677095;0.13294;119.6
GM0523;terraced_houses;1985_2004;460.0;477.5995121381183;58371.72926119053;461.0;64.01043596661201;0.05372;122.2
GM0523;terraced_houses;2005_present;306.0;290.53299924919975;36317.362708022454;270.0;43.81761486521398;0.0211299999999999;125.0
GM0523;terraced_houses;future;61.0;63.77762014294174;6900.050518763914;;55.0;;108.2
GM0523;semi_detached_houses;before_1945;744.0;703.1464150240789;76962.92929285121;710.0;110.77139917578674;0.12386;109.5
GM0523;semi_detached_houses;1945_1964;468.0;455.8892118275271;45528.27826868917;462.0;108.7023676169129;0.06976;99.9
GM0523;semi_detached_houses;1965_1984;544.0;531.1386963749818;66816.22713607519;529.0;86.18484417997534;0.08157;125.8
GM0523;semi_detached_houses;1985_2004;383.0;359.84743591413115;50501.536881659114;362.0;71.3592751666398;0.05224;140.3
GM0523;semi_detached_houses;2005_present;295.0;286.76338427019346;42266.32688888036;245.0;50.7521354917476;0.02612;147.4
GM0523;semi_detached_houses;future;64.0;67.25542538903755;9234.103216124153;;55.0;;137.3
GM0523;detached_houses;before_1945;509.0;532.4877129248833;71165.19304236239;505.0;101.7943990934684;0.10594;133.6
GM0523;detached_houses;1945_1964;88.0;90.69057784840007;13651.515593065578;89.0;101.6535689898568;0.01955;150.5
GM0523;detached_houses;1965_1984;144.0;143.5593981112819;28581.850554004544;147.0;82.34515851706298;0.03457;199.1
GM0523;detached_houses;1985_2004;287.0;285.1984314874074;53716.122856194146;282.0;73.32245718557984;0.05701;188.3
GM0523;detached_houses;2005_present;158.0;164.48225052976463;32814.93250958859;128.0;57.91509392674668;0.02057;199.5
GM0523;detached_houses;future;13.0;15.130436598239244;2851.917266819717;;55.0;;188.5
GM0531;apartments;before_1945;4.0;4.447137282612658;381.3420219840355;5.0;73.95061657332504;0.00049;85.8
GM0531;apartments;1945_1964;210.0;193.1486447546195;15732.126423120451;229.0;88.4083133712583;0.01629;81.5
GM0531;apartments;1965_1984;963.0;988.4883120639737;71997.4266899919;1040.0;75.03742437743098;0.0561;72.8
GM0531;apartments;1985_2004;712.0;727.2585008627921;56332.55117007214;540.0;60.309645910429566;0.02838;77.5
GM0531;apartments;2005_present;1066.0;1142.0529576035103;111765.88310047664;1021.0;48.690224730464735;0.04731;97.9
GM0531;apartments;future;59.0;54.22140745833194;4081.30966987207;;65.0;;75.3
GM0531;terraced_houses;before_1945;70.0;75.50837240058353;6970.676454592887;78.0;100.67083011049245;0.00704;92.3
GM0531;terraced_houses;1945_1964;968.0;1002.3970945136665;100090.30891292516;1068.0;91.04469612486662;0.09268;99.9
GM0531;terraced_houses;1965_1984;1741.0;1767.705849714211;218103.91456005326;1760.0;72.8160989038727;0.15534;123.4
GM0531;terraced_houses;1985_2004;1324.0;1338.4096010630378;161610.6610266205;1335.0;60.69577384117015;0.09522;120.7
GM0531;terraced_houses;2005_present;1749.0;1746.36936475463;215665.05077873156;1583.0;48.924788450863005;0.09418;123.5
GM0531;terraced_houses;future;129.0;136.84395269849716;15779.058112623281;;55.0;;115.3
GM0531;semi_detached_houses;before_1945;265.0;270.09521452040957;31056.734190654774;237.0;114.74221089299292;0.02801;115.0
GM0531;semi_detached_houses;1945_1964;488.0;475.2634867891387;52330.64511210046;519.0;102.95110076256552;0.05417;110.1
GM0531;semi_detached_houses;1965_1984;858.0;821.2894015724864;108373.1782763772;817.0;85.09579174303771;0.09011;132.0
GM0531;semi_detached_houses;1985_2004;603.0;579.8304860087053;81091.76151027404;600.0;69.72795892124549;0.0571;139.9
GM0531;semi_detached_houses;2005_present;923.0;868.1236856296031;130693.83350190455;677.0;54.939911351314834;0.05372;150.5
GM0531;semi_detached_houses;future;100.0;97.48861696604304;14520.589525069025;;55.0;;148.9
GM0531;detached_houses;before_1945;175.0;163.94927579639423;31013.009394256318;177.0;99.24630829827704;0.02809;189.2
GM0531;detached_houses;1945_1964;63.0;58.190773942575134;11160.143503368217;55.0;93.7767656705824;0.00928;191.8
GM0531;detached_houses;1965_1984;138.0;122.51643664932836;28196.94720661228;134.0;86.25980151856379;0.02364;230.1
GM0531;detached_houses;1985_2004;198.0;191.50141206546476;39541.29103437205;198.0;72.94388685234874;0.02889;206.5
GM0531;detached_houses;2005_present;339.0;320.4539920122566;75832.78377003517;257.0;58.06279207541211;0.03396;236.6
GM0531;detached_houses;future;41.0;40.44602287712788;9689.556393754357;;55.0;;239.6
GM0590;apartments;before_1945;9.0;12.15605325555221;1727.2406368150253;14.0;89.08953255907447;0.00119;142.1
GM0590;apartments;1945_1964;381.0;411.16816156562004;31896.99036943962;466.0;84.93964644587382;0.02613;77.6
GM0590;apartments;1965_1984;2177.0;2245.7072702476244;169760.7987785653;2218.0;81.95149810251704;0.11933;75.6
GM0590;apartments;1985_2004;1185.0;1232.5850512353115;96548.91885330199;1214.0;66.21907372485343;0.05321;78.3
GM0590;apartments;2005_present;972.0;1001.4038838821468;98892.36066807943;920.0;49.49815108327904;0.03858;98.8
GM0590;apartments;future;59.0;56.10971460586972;3955.2593736578333;;65.0;;70.5
GM0590;terraced_houses;before_1945;114.0;114.90270203917146;11398.719150369981;112.0;92.65080013266092;0.00859;99.2
GM0590;terraced_houses;1945_1964;1066.0;1064.8354938064344;98626.62293449219;1112.0;88.87137783366484;0.07896;92.6
GM0590;terraced_houses;1965_1984;2925.0;2916.529896612145;352586.0722048559;2918.0;74.1346218857747;0.22074;120.9
GM0590;terraced_houses;1985_2004;1814.0;1812.7150306738577;222573.96240636555;1809.0;62.22935032140884;0.11882;122.8
GM0590;terraced_houses;2005_present;374.0;363.84943848612215;49712.95994279297;397.0;47.201594102541115;0.02173;136.6
GM0590;terraced_houses;future;62.0;64.28193759322207;6455.150700893559;;55.0;;100.4
GM0590;semi_detached_houses;before_1945;215.0;207.2828703532332;25724.352915869604;204.0;97.5591572368885;0.02164;124.1
GM0590;semi_detached_houses;1945_1964;537.0;506.4696798960222;50370.129904766;496.0;104.3840492294696;0.04378;99.5
GM0590;semi_detached_houses;1965_1984;1172.0;1113.7508988274867;142721.8582217719;1125.0;85.81096222959587;0.10395;128.1
GM0590;semi_detached_houses;1985_2004;887.0;848.8249898490967;122924.84295169015;857.0;67.70091882523718;0.07201;144.8
GM0590;semi_detached_houses;2005_present;188.0;168.94665764900145;29007.953924225527;117.0;50.820550651654926;0.00803;171.7
GM0590;semi_detached_houses;future;16.0;16.62494454977769;1687.4318718024356;;55.0;;101.5
GM0590;detached_houses;before_1945;135.0;138.65837435204315;27710.61706362987;134.0;87.70645347461652;0.01837;199.8
GM0590;detached_houses;1945_1964;34.0;35.5266647319233;6863.093934357616;34.0;99.71413576816364;0.0045;193.2
GM0590;detached_houses;1965_1984;70.0;68.01193431274429;15279.327561352595;64.0;78.1320872158556;0.00917;224.7
GM0590;detached_houses;1985_2004;205.0;196.87492824173435;40746.94510304948;201.0;73.56979114063134;0.02467;207.0
GM0590;detached_houses;2005_present;97.0;96.80001998272958;22331.53119184682;62.0;57.41824151460361;0.0066;230.7
GM0590;detached_houses;future;4.0;3.98340325113052;662.0873907850912;;55.0;;166.2
GM0610;apartments;before_1945;66.0;79.58928093545462;8946.760869751728;56.0;76.21254725511068;0.0061;112.4
GM0610;apartments;1945_1964;569.0;593.0653136691855;40969.63995753862;577.0;91.22110402487152;0.04253;69.1
GM0610;apartments;1965_1984;1890.0;1898.199433259293;128165.86646644333;1783.0;84.60875845227334;0.11337;67.5
GM0610;apartments;1985_2004;588.0;586.2231006564742;48483.5478275178;666.0;63.45062453311002;0.03989;82.7
GM0610;apartments;2005_present;1156.0;1144.5999666348414;102760.85100549071;1135.0;47.704629295576574;0.05386;89.8
GM0610;apartments;future;129.0;123.97426872003139;10894.916499563422;;65.0;;87.9
GM0610;terraced_houses;before_1945;469.0;499.0002433322478;43890.21085256486;522.0;96.7824700517173;0.0519;88.0
GM0610;terraced_houses;1945_1964;492.0;490.5467882762282;48060.395246873486;523.0;90.95157867108917;0.04986;98.0
GM0610;terraced_houses;1965_1984;1257.0;1312.357039313937;150225.12366448223;1340.0;75.0504794258381;0.1283;114.5
GM0610;terraced_houses;1985_2004;780.0;813.9817340560811;91981.2355773808;796.0;65.24068297215862;0.06759;113.0
GM0610;terraced_houses;2005_present;636.0;641.9623629992171;80545.23515039105;530.0;44.647839530573414;0.03247;125.5
GM0610;terraced_houses;future;38.0;39.19908759419088;5812.162857812323;;55.0;;148.3
GM0610;semi_detached_houses;before_1945;931.0;915.9629358646364;100428.06477927543;933.0;104.50630577460004;0.12741;109.6
GM0610;semi_detached_houses;1945_1964;286.0;268.5181402985068;29758.292417288718;293.0;100.04873896632829;0.03503;110.8
GM0610;semi_detached_houses;1965_1984;660.0;601.4534653954922;73764.1264404501;591.0;87.54369694662762;0.07077;122.6
GM0610;semi_detached_houses;1985_2004;498.0;464.6244000485025;61994.18707596683;488.0;70.36330144139731;0.05415;133.4
GM0610;semi_detached_houses;2005_present;313.0;312.9710404222599;51140.93615960559;235.0;50.76667456079747;0.02306;163.4
GM0610;semi_detached_houses;future;28.0;26.768813125487085;4419.207180065477;;55.0;;165.1
GM0610;detached_houses;before_1945;342.0;313.4475398676612;51125.13383857294;298.0;94.35186789131708;0.05223;163.1
GM0610;detached_houses;1945_1964;63.0;57.8697577560795;9731.235582632577;62.0;94.99633111844044;0.01121;168.2
GM0610;detached_houses;1965_1984;66.0;60.9900620312776;14591.27819788147;54.0;79.16317327262011;0.01131;239.2
GM0610;detached_houses;1985_2004;164.0;165.17076523894224;30024.35142823175;154.0;73.9692526596561;0.02358;181.8
GM0610;detached_houses;2005_present;49.0;54.46662994368162;13412.054834252605;42.0;60.568115168835384;0.00538;246.2
GM0610;detached_houses;future;4.0;9.057830560290657;3000.673105992816;;55.0;;331.3
GM0642;apartments;before_1945;70.0;71.69145267418828;5926.415922090901;72.0;94.1153098767527;0.00331;82.7
GM0642;apartments;1945_1964;1894.0;1932.4284345238561;133851.91032666637;2041.0;99.4639299127648;0.08039;69.3
GM0642;apartments;1965_1984;3746.0;3759.236467296424;303643.4358434997;3730.0;76.0060460411625;0.13277;80.8
GM0642;apartments;1985_2004;1375.0;1401.5865558165954;116750.54106822511;1382.0;63.76794645941246;0.04235;83.3
GM0642;apartments;2005_present;918.0;938.5629260369059;91992.14536171999;928.0;48.84338155562492;0.02467;98.0
GM0642;apartments;future;89.0;87.23036959550548;7636.100622661594;;65.0;;87.5
GM0642;terraced_houses;before_1945;609.0;643.5430932002935;63489.93973256335;623.0;94.00230318409238;0.03334;98.7
GM0642;terraced_houses;1945_1964;1794.0;1836.0266328538362;179128.41026236667;1955.0;90.435301631383;0.09853;97.6
GM0642;terraced_houses;1965_1984;3220.0;3333.681677911286;404891.9428489047;3340.0;75.70378784359526;0.17365;121.5
GM0642;terraced_houses;1985_2004;1594.0;1618.1972441411685;200198.5029791496;1618.0;63.549006912009354;0.07299;123.7
GM0642;terraced_houses;2005_present;257.0;253.50715117386954;32462.735310778608;212.0;48.139802743178755;0.00763;128.1
GM0642;terraced_houses;future;37.0;39.67475545288936;5099.314965275741;;55.0;;128.5
GM0642;semi_detached_houses;before_1945;596.0;579.7678541283456;63781.67779404386;587.0;113.59779877921596;0.04194;110.0
GM0642;semi_detached_houses;1945_1964;1101.0;1034.36563503385;114037.01368421983;1126.0;103.74936265871708;0.07325;110.2
GM0642;semi_detached_houses;1965_1984;1620.0;1510.9867854984548;196687.89931795953;1552.0;88.31189199197983;0.10167;130.2
GM0642;semi_detached_houses;1985_2004;821.0;782.2849014552219;107868.81044732206;788.0;72.6332308219689;0.04513;137.9
GM0642;semi_detached_houses;2005_present;126.0;115.37322803913268;16389.949343475368;89.0;55.23308470903924;0.00399;142.1
GM0642;semi_detached_houses;future;23.0;22.327126898270652;3562.685933625739;;55.0;;159.6
GM0642;detached_houses;before_1945;207.0;186.9975999971727;37050.49500379215;184.0;91.0690766497577;0.01722;198.1
GM0642;detached_houses;1945_1964;117.0;103.17929758845813;18336.03987065133;97.0;89.96027199480586;0.00954;177.7
GM0642;detached_houses;1965_1984;210.0;192.0950692938354;43490.96110852574;205.0;81.31016861408096;0.02098;226.4
GM0642;detached_houses;1985_2004;143.0;130.93129858701428;29511.226772366565;145.0;70.10837442156779;0.01295;225.4
GM0642;detached_houses;2005_present;54.0;47.55669475009178;12443.188621820645;43.0;58.77360273646338;0.0037;261.6
GM0642;detached_houses;future;15.0;14.767748053334522;3015.226166236729;;55.0;;204.2
