buurtcode;buurtnaam;gemeentecode;gemeentenaam;water;woningen_bag_totaal;m2_bag_totaal;cbs_woningvoorraad;aandeel_apartments_bag_pct;aandeel_apartments_cbs_pct;aandeel_terraced_houses_bag_pct;aandeel_terraced_houses_cbs_pct;aandeel_semi_detached_houses_bag_pct;aandeel_semi_detached_houses_cbs_pct;aandeel_detached_houses_bag_pct;aandeel_detached_houses_cbs_pct;typeverdeling_bron;woningen_apartments_before_1945;woningen_apartments_1945_1964;woningen_apartments_1965_1984;woningen_apartments_1985_2004;woningen_apartments_2005_present;woningen_apartments_future;woningen_terraced_houses_before_1945;woningen_terraced_houses_1945_1964;woningen_terraced_houses_1965_1984;woningen_terraced_houses_1985_2004;woningen_terraced_houses_2005_present;woningen_terraced_houses_future;woningen_semi_detached_houses_before_1945;woningen_semi_detached_houses_1945_1964;woningen_semi_detached_houses_1965_1984;woningen_semi_detached_houses_1985_2004;woningen_semi_detached_houses_2005_present;woningen_semi_detached_houses_future;woningen_detached_houses_before_1945;woningen_detached_houses_1945_1964;woningen_detached_houses_1965_1984;woningen_detached_houses_1985_2004;woningen_detached_houses_2005_present;woningen_detached_houses_future;m2_apartments_before_1945;m2_apartments_1945_1964;m2_apartments_1965_1984;m2_apartments_1985_2004;m2_apartments_2005_present;m2_apartments_future;m2_terraced_houses_before_1945;m2_terraced_houses_1945_1964;m2_terraced_houses_1965_1984;m2_terraced_houses_1985_2004;m2_terraced_houses_2005_present;m2_terraced_houses_future;m2_semi_detached_houses_before_1945;m2_semi_detached_houses_1945_1964;m2_semi_detached_houses_1965_1984;m2_semi_detached_houses_1985_2004;m2_semi_detached_houses_2005_present;m2_semi_detached_houses_future;m2_detached_houses_before_1945;m2_detached_houses_1945_1964;m2_detached_houses_1965_1984;m2_detached_houses_1985_2004;m2_detached_houses_2005_present;m2_detached_houses_future
BU04820101;Cortgene;GM0482;Alblasserdam;NEE;382;53493.0;383;36.1;36.0;15.2;15.0;29.3;29.0;19.4;19.0;cbs_ipf;2;0;0;103;33;0;5;21;2;25;5;0;26;40;16;21;9;0;20;22;5;20;7;0;504.0;0.0;0.0;7871.0;4060.0;0.0;531.0;1929.0;294.0;3569.0;887.0;0.0;3574.0;4970.0;2430.0;3093.0;2029.0;0.0;6186.0;4820.0;1598.0;3799.0;1349.0;0.0
BU04820102;Redersbuurt;GM0482;Alblasserdam;NEE;424;34842.0;388;54.0;61.0;27.1;23.0;17.7;16.0;1.2;1.0;cbs_ipf;2;3;174;25;25;0;51;36;0;0;0;28;34;32;0;1;0;8;2;3;0;0;0;0;244.0;772.0;10216.0;1362.0;2702.0;0.0;4306.0;3631.0;0.0;0.0;0.0;2582.0;3114.0;3764.0;0.0;91.0;0.0;792.0;535.0;731.0;0.0;0.0;0.0;0.0
BU04820103;kerkbuurt;GM0482;Alblasserdam;NEE;681;66120.0;676;18.8;29.0;45.5;39.0;29.5;27.0;6.2;5.0;cbs_ipf;12;52;0;29;35;0;100;157;1;44;8;0;79;89;5;23;5;0;28;8;2;4;0;0;710.0;3471.0;0.0;2135.0;2893.0;0.0;8490.0;14943.0;91.0;3061.0;816.0;0.0;8612.0;9513.0;556.0;2390.0;799.0;0.0;3530.0;2238.0;221.0;1651.0;0.0;0.0
BU04820104;Polderbuurt;GM0482;Alblasserdam;NEE;208;28359.0;204;1.0;5.0;21.6;21.0;41.8;41.0;35.6;33.0;cbs_ipf;0;0;0;2;0;0;36;0;0;9;0;0;58;13;0;12;4;0;36;3;0;12;22;1;0.0;0.0;0.0;229.0;0.0;0.0;3324.0;0.0;0.0;1066.0;0.0;0.0;5701.0;1756.0;0.0;1404.0;626.0;0.0;5522.0;919.0;0.0;2098.0;5527.0;187.0
BU04820105;De Werven;GM0482;Alblasserdam;NEE;500;63066.0;498;60.6;61.0;22.4;22.0;14.4;13.0;2.6;2.0;cbs_ipf;0;0;5;37;261;0;13;0;0;0;99;0;16;0;0;0;56;0;4;0;0;0;9;0;0.0;0.0;734.0;4617.0;27635.0;0.0;1776.0;0.0;0.0;0.0;13982.0;0.0;2953.0;0.0;0.0;0.0;8862.0;0.0;813.0;0.0;0.0;0.0;1694.0;0.0
BU04820201;Dijk;GM0482;Alblasserdam;NEE;260;37559.0;244;18.5;26.0;19.2;15.0;38.8;37.0;23.5;22.0;cbs_ipf;2;0;0;46;0;0;35;3;0;3;3;6;73;10;1;8;7;2;42;5;0;6;6;2;274.0;0.0;0.0;4002.0;0.0;0.0;4964.0;465.0;0.0;416.0;490.0;896.0;10008.0;1561.0;215.0;1334.0;1308.0;256.0;7767.0;1073.0;0.0;1098.0;942.0;490.0
BU04820202;Vogelbuurt;GM0482;Alblasserdam;NEE;568;51556.0;568;42.4;42.0;41.2;41.0;15.5;16.0;0.9;1.0;cbs_ipf;0;180;0;61;0;0;0;183;4;47;0;0;0;46;8;34;0;0;0;0;0;5;0;0;0.0;12240.0;0.0;4655.0;0.0;0.0;0.0;16742.0;426.0;5221.0;0.0;0.0;0.0;4918.0;895.0;5153.0;0.0;0.0;0.0;0.0;0.0;1306.0;0.0;0.0
BU04820203;Waterland;GM0482;Alblasserdam;NEE;180;20862.0;180;13.9;14.0;56.7;57.0;24.4;25.0;5.0;5.0;cbs_ipf;0;0;0;5;20;0;0;0;0;102;0;0;0;0;0;44;0;0;0;0;0;9;0;0;0.0;0.0;0.0;260.0;1317.0;0.0;0.0;0.0;0.0;11844.0;0.0;0.0;0.0;0.0;0.0;5801.0;0.0;0.0;0.0;0.0;0.0;1640.0;0.0;0.0
BU04820204;Groene Long;GM0482;Alblasserdam;NEE;3;499.0;4;0.0;32.0;0.0;n.a.;0.0;n.a.;100.0;n.a.;bag;0;0;0;0;0;0;0;0;0;0;0;0;0;0;0;0;0;0;1;0;0;0;2;0;0.0;0.0;0.0;0.0;0.0;0.0;0.0;0.0;0.0;0.0;0.0;0.0;0.0;0.0;0.0;0.0;0.0;0.0;153.0;0.0;0.0;0.0;346.0;0.0
BU04820205;Rivierenbuurt;GM0482;Alblasserdam;NEE;444;40947.0;444;36.7;39.0;40.1;39.0;20.9;21.0;2.3;2.0;cbs_ipf;0;32;98;0;33;0;4;122;7;5;40;0;2;60;16;6;9;0;1;0;7;0;2;0;0.0;2160.0;5774.0;0.0;2442.0;0.0;316.0;11100.0;1218.0;617.0;4784.0;0.0;175.0;5713.0;2707.0;750.0;1214.0;0.0;147.0;0.0;1427.0;0.0;403.0;0.0
BU04820206;Nieuw Kinderdijk;GM0482;Alblasserdam;NEE;198;22467.0;199;9.1;10.0;42.4;41.0;41.4;43.0;7.1;6.0;cbs_ipf;0;18;0;0;0;0;3;16;0;0;65;0;32;18;0;0;32;0;10;0;0;1;3;0;0.0;708.0;0.0;0.0;0.0;0.0;288.0;1226.0;0.0;0.0;8635.0;0.0;3157.0;1421.0;0.0;0.0;4769.0;0.0;1288.0;0.0;0.0;270.0;705.0;0.0
BU04820301;Zeelt;GM0482;Alblasserdam;NEE;358;42596.0;358;0.0;8.0;62.0;55.0;29.1;28.0;8.9;9.0;cbs_ipf;0;0;0;0;0;0;0;0;0;222;0;0;0;0;0;104;0;0;0;0;0;32;0;0;0.0;0.0;0.0;0.0;0.0;0.0;0.0;0.0;0.0;24185.0;0.0;0.0;0.0;0.0;0.0;12804.0;0.0;0.0;0.0;0.0;0.0;5607.0;0.0;0.0
BU04820302;Middelland;GM0482;Alblasserdam;NEE;220;27849.0;220;0.0;0.0;59.5;60.0;30.0;30.0;10.5;10.0;cbs_ipf;0;0;0;0;0;0;0;0;0;131;0;0;0;0;0;66;0;0;0;0;0;23;0;0;0.0;0.0;0.0;0.0;0.0;0.0;0.0;0.0;0.0;15152.0;0.0;0.0;0.0;0.0;0.0;8490.0;0.0;0.0;0.0;0.0;0.0;4207.0;0.0;0.0
BU04820303;Blokweer Noord;GM0482;Alblasserdam;NEE;394;42540.0;394;10.2;11.0;62.9;63.0;21.8;21.0;5.1;5.0;cbs_ipf;0;0;40;0;0;0;0;0;228;20;0;0;0;0;67;19;0;0;0;0;7;13;0;0;0.0;0.0;1761.0;0.0;0.0;0.0;0.0;0.0;24405.0;2642.0;0.0;0.0;0.0;0.0;7886.0;2334.0;0.0;0.0;0.0;0.0;1258.0;2254.0;0.0;0.0
BU04820304;Blokweer Zuid;GM0482;Alblasserdam;NEE;313;36419.0;313;7.3;13.0;62.9;63.0;29.4;24.0;0.3;0.0;cbs_ipf;0;0;0;0;23;0;0;0;87;73;37;0;0;0;48;26;18;0;0;0;0;1;0;0;0.0;0.0;0.0;0.0;1794.0;0.0;0.0;0.0;10663.0;7042.0;4676.0;0.0;0.0;0.0;6539.0;2994.0;2507.0;0.0;0.0;0.0;0.0;204.0;0.0;0.0
BU04820305;Drentsebuurt;GM0482;Alblasserdam;NEE;383;39318.0;383;21.1;28.0;49.6;44.0;28.2;27.0;1.0;1.0;cbs_ipf;0;0;0;81;0;0;4;32;14;100;40;0;4;56;8;30;10;0;0;1;3;0;0;0;0.0;0.0;0.0;7348.0;0.0;0.0;304.0;3070.0;1638.0;9615.0;4854.0;0.0;316.0;6136.0;936.0;3066.0;1316.0;0.0;0.0;108.0;611.0;0.0;0.0;0.0
BU04820306;Florabuurt;GM0482;Alblasserdam;NEE;679;64742.0;656;20.2;18.0;55.7;58.0;23.3;22.0;0.9;1.0;cbs_ipf;0;36;2;59;19;21;0;274;30;52;22;0;0;128;10;14;6;0;0;0;6;0;0;0;0.0;2692.0;405.0;5395.0;2112.0;1611.0;0.0;23473.0;3387.0;5796.0;2666.0;0.0;0.0;11765.0;1309.0;1675.0;730.0;0.0;0.0;0.0;1726.0;0.0;0.0;0.0
BU04820307;Staatsliedenbuurt;GM0482;Alblasserdam;NEE;756;64741.0;756;46.8;47.0;39.8;40.0;12.7;12.0;0.7;1.0;cbs_ipf;0;0;354;0;0;0;0;137;132;32;0;0;0;52;35;9;0;0;0;0;4;1;0;0;0.0;0.0;21328.0;0.0;0.0;0.0;0.0;13767.0;14698.0;3462.0;0.0;0.0;0.0;5304.0;3712.0;1255.0;0.0;0.0;0.0;0.0;899.0;316.0;0.0;0.0
BU04820401;Schildersbuurt;GM0482;Alblasserdam;NEE;544;63534.0;545;41.2;41.0;41.5;41.0;15.1;15.0;2.2;2.0;cbs_ipf;0;0;224;0;0;0;0;0;214;12;0;0;0;0;76;6;0;0;0;0;6;6;0;0;0.0;0.0;21280.0;0.0;0.0;0.0;0.0;0.0;26894.0;1900.0;0.0;0.0;0.0;0.0;9872.0;978.0;0.0;0.0;0.0;0.0;1464.0;1146.0;0.0;0.0
BU04820402;Schrijversbuurt;GM0482;Alblasserdam;NEE;630;71966.0;630;41.6;42.0;39.7;40.0;14.9;15.0;3.8;4.0;cbs_ipf;0;0;226;0;36;0;0;0;250;0;0;0;4;1;88;0;1;0;5;4;6;6;2;1;0.0;0.0;18313.0;0.0;3139.0;0.0;0.0;0.0;32313.0;0.0;0.0;0.0;608.0;100.0;12420.0;0.0;198.0;0.0;677.0;842.0;1418.0;1351.0;384.0;203.0
BU04820403;Klein Alblas;GM0482;Alblasserdam;NEE;128;26918.0;118;0.0;0.0;20.3;18.0;42.2;43.0;37.5;40.0;cbs_ipf;0;0;0;0;0;0;0;2;0;0;24;0;2;2;0;0;50;0;0;1;0;0;46;1;0.0;0.0;0.0;0.0;0.0;0.0;0.0;175.0;0.0;0.0;4216.0;0.0;212.0;188.0;0.0;0.0;9261.0;0.0;0.0;183.0;0.0;0.0;12560.0;123.0
BU04820404;Oranjebuurt;GM0482;Alblasserdam;NEE;231;19413.0;231;52.4;52.0;26.0;26.0;20.8;21.0;0.9;1.0;cbs_ipf;0;0;0;121;0;0;0;51;0;9;0;0;0;44;0;4;0;0;0;0;0;2;0;0;0.0;0.0;0.0;10642.0;0.0;0.0;0.0;3757.0;0.0;976.0;0.0;0.0;0.0;3369.0;0.0;455.0;0.0;0.0;0.0;0.0;0.0;214.0;0.0;0.0
BU04820501;Vinkenwaard;GM0482;Alblasserdam;NEE;9;1175.0;9;0.0;32.0;0.0;n.a.;22.2;n.a.;77.8;n.a.;bag;0;0;0;0;0;0;0;0;0;0;0;0;0;2;0;0;0;0;1;0;5;1;0;0;0.0;0.0;0.0;0.0;0.0;0.0;0.0;0.0;0.0;0.0;0.0;0.0;0.0;196.0;0.0;0.0;0.0;0.0;116.0;0.0;766.0;97.0;0.0;0.0
BU04820503;Nieuwland;GM0482;Alblasserdam;NEE;18;1761.0;18;0.0;32.0;27.8;n.a.;44.4;n.a.;27.8;n.a.;bag;0;0;0;0;0;0;5;0;0;0;0;0;7;0;0;1;0;0;4;1;0;0;0;0;0.0;0.0;0.0;0.0;0.0;0.0;330.0;0.0;0.0;0.0;0.0;0.0;787.0;0.0;0.0;182.0;0.0;0.0;394.0;68.0;0.0;0.0;0.0;0.0
BU04820601;Polder Blokweer;GM0482;Alblasserdam;NEE;2;391.0;2;0.0;32.0;0.0;n.a.;0.0;n.a.;100.0;n.a.;bag;0;0;0;0;0;0;0;0;0;0;0;0;0;0;0;0;0;0;0;0;1;0;1;0;0.0;0.0;0.0;0.0;0.0;0.0;0.0;0.0;0.0;0.0;0.0;0.0;0.0;0.0;0.0;0.0;0.0;0.0;0.0;0.0;175.0;0.0;216.0;0.0
BU04820602;Polder Kortland;GM0482;Alblasserdam;NEE;14;3770.0;14;0.0;32.0;0.0;n.a.;0.0;n.a.;100.0;n.a.;bag;0;0;0;0;0;0;0;0;0;0;0;0;0;0;0;0;0;0;4;3;3;3;1;0;0.0;0.0;0.0;0.0;0.0;0.0;0.0;0.0;0.0;0.0;0.0;0.0;0.0;0.0;0.0;0.0;0.0;0.0;531.0;999.0;680.0;687.0;873.0;0.0
BU04820603;Polder Souburgh;GM0482;Alblasserdam;NEE;13;3469.0;12;0.0;32.0;0.0;n.a.;0.0;n.a.;100.0;n.a.;bag;0;0;0;0;0;0;0;0;0;0;0;0;0;0;0;0;0;0;4;2;1;0;6;0;0.0;0.0;0.0;0.0;0.0;0.0;0.0;0.0;0.0;0.0;0.0;0.0;0.0;0.0;0.0;0.0;0.0;0.0;454.0;491.0;367.0;0.0;2157.0;0.0
BU04820604;Polder Vinkenwaard;GM0482;Alblasserdam;NEE;26;5115.0;26;7.7;8.0;0.0;0.0;7.7;8.0;84.6;85.0;cbs_ipf;2;0;0;0;0;0;0;0;0;0;0;0;2;0;0;0;0;0;2;1;0;0;19;0;291.0;0.0;0.0;0.0;0.0;0.0;0.0;0.0;0.0;0.0;0.0;0.0;245.0;0.0;0.0;0.0;0.0;0.0;184.0;138.0;0.0;0.0;4257.0;0.0
BU05050100;Nieuwe Haven en omgeving;GM0505;Dordrecht;NEE;511;74204.0;509;55.0;61.0;31.3;35.0;12.1;3.0;1.6;1.0;cbs_ipf;189;0;15;75;2;0;159;0;1;0;0;0;58;0;2;2;0;0;6;1;0;1;0;0;18470.0;0.0;1529.0;7413.0;626.0;0.0;28794.0;0.0;556.0;0.0;0.0;0.0;13553.0;0.0;688.0;212.0;0.0;0.0;1455.0;813.0;0.0;95.0;0.0;0.0
BU05050101;Groenmarkt en omgeving;GM0505;Dordrecht;NEE;495;59856.0;484;55.4;65.0;26.1;30.0;17.8;4.0;0.8;0.0;cbs_ipf;150;12;39;63;10;0;99;2;1;27;0;0;72;3;2;11;0;0;4;0;0;0;0;0;15699.0;1056.0;2004.0;5807.0;1514.0;0.0;14011.0;288.0;100.0;3622.0;0.0;0.0;13407.0;253.0;200.0;1258.0;0.0;0.0;637.0;0.0;0.0;0.0;0.0;0.0
BU05050102;Grote Markt en omgeving;GM0505;Dordrecht;NEE;384;35573.0;380;84.9;87.0;8.6;12.0;6.2;1.0;0.3;0.0;cbs_ipf;116;49;154;3;4;0;33;0;0;0;0;0;22;1;1;0;0;0;1;0;0;0;0;0;10851.0;3093.0;9668.0;369.0;397.0;0.0;6229.0;0.0;0.0;0.0;0.0;0.0;4496.0;92.0;221.0;0.0;0.0;0.0;157.0;0.0;0.0;0.0;0.0;0.0
BU05050103;Wijnstraat en omgeving;GM0505;Dordrecht;NEE;261;41140.0;260;68.6;74.0;11.9;23.0;19.2;3.0;0.4;0.0;cbs_ipf;128;2;11;38;0;0;26;0;0;5;0;0;48;0;0;2;0;0;1;0;0;0;0;0;16521.0;281.0;876.0;3627.0;0.0;0.0;5031.0;0.0;0.0;1734.0;0.0;0.0;12684.0;0.0;0.0;237.0;0.0;0.0;149.0;0.0;0.0;0.0;0.0;0.0
BU05050104;Kalkhaven;GM0505;Dordrecht;NEE;132;17628.0;131;57.6;69.0;22.7;27.0;17.4;2.0;2.3;0.0;cbs_ipf;49;4;23;0;0;0;29;0;0;0;1;0;21;2;0;0;0;0;3;0;0;0;0;0;4269.0;393.0;1844.0;0.0;0.0;0.0;6192.0;0.0;0.0;0.0;380.0;0.0;3796.0;386.0;0.0;0.0;0.0;0.0;368.0;0.0;0.0;0.0;0.0;0.0
BU05050105;Achterhakkers en omgeving;GM0505;Dordrecht;NEE;253;26998.0;236;69.6;69.0;22.1;27.0;7.1;3.0;1.2;0.0;cbs_ipf;32;0;0;98;46;0;11;0;0;42;3;0;13;0;0;3;2;0;3;0;0;0;0;0;3437.0;0.0;0.0;8332.0;4414.0;0.0;1609.0;0.0;0.0;5298.0;382.0;0.0;2269.0;0.0;0.0;374.0;254.0;0.0;629.0;0.0;0.0;0.0;0.0;0.0
BU05050106;Boogjes en omgeving;GM0505;Dordrecht;NEE;562;51346.0;558;63.7;76.0;20.8;20.0;15.1;4.0;0.4;0.0;cbs_ipf;142;2;136;78;0;0;88;2;7;20;0;0;69;3;2;11;0;0;1;0;0;1;0;0;11221.0;141.0;10875.0;5831.0;0.0;0.0;10623.0;171.0;832.0;1676.0;0.0;0.0;8318.0;202.0;182.0;1059.0;0.0;0.0;139.0;0.0;0.0;76.0;0.0;0.0
BU05050107;Lombard en omgeving;GM0505;Dordrecht;NEE;368;34586.0;345;76.4;86.0;11.4;12.0;11.1;1.0;1.1;0.0;cbs_ipf;241;0;29;0;11;0;25;1;2;0;14;0;34;1;2;0;4;0;4;0;0;0;0;0;20156.0;0.0;2157.0;0.0;872.0;0.0;2913.0;107.0;238.0;0.0;2188.0;0.0;4532.0;128.0;241.0;0.0;634.0;0.0;420.0;0.0;0.0;0.0;0.0;0.0
BU05050108;Centrum;GM0505;Dordrecht;NEE;747;65767.0;732;64.4;78.0;20.3;21.0;13.3;1.0;2.0;0.0;cbs_ipf;142;27;125;149;38;0;141;2;1;8;0;0;87;2;7;3;0;0;11;1;1;2;0;0;10434.0;2584.0;11191.0;12682.0;2749.0;0.0;11643.0;220.0;90.0;880.0;0.0;0.0;9859.0;233.0;774.0;327.0;0.0;0.0;1701.0;139.0;62.0;199.0;0.0;0.0
BU05050109;Augustijnenkamp en omgeving;GM0505;Dordrecht;NEE;211;23354.0;208;36.5;43.0;36.0;50.0;25.6;6.0;1.9;0.0;cbs_ipf;42;2;0;33;0;0;68;1;1;4;2;0;42;0;1;6;5;0;4;0;0;0;0;0;3219.0;228.0;0.0;2339.0;0.0;0.0;9075.0;119.0;132.0;316.0;379.0;0.0;5427.0;0.0;179.0;621.0;810.0;0.0;510.0;0.0;0.0;0.0;0.0;0.0
BU05050110;Geldelozepad en omgeving;GM0505;Dordrecht;NEE;398;41915.0;378;61.8;63.0;25.4;30.0;11.8;7.0;1.0;1.0;cbs_ipf;83;2;77;48;36;0;74;0;0;22;5;0;35;2;0;8;2;0;2;0;1;1;0;0;5746.0;132.0;11292.0;3418.0;4673.0;0.0;6899.0;0.0;0.0;2195.0;761.0;0.0;4553.0;205.0;0.0;916.0;269.0;0.0;475.0;0.0;191.0;190.0;0.0;0.0
BU05050111;Rozenhof en omgeving;GM0505;Dordrecht;NEE;440;42893.0;440;69.8;70.0;20.0;23.0;9.5;6.0;0.7;1.0;cbs_ipf;40;0;267;0;0;0;87;1;0;0;0;0;41;1;0;0;0;0;3;0;0;0;0;0;3291.0;0.0;16304.0;0.0;0.0;0.0;15104.0;267.0;0.0;0.0;0.0;0.0;6883.0;89.0;0.0;0.0;0.0;0.0;955.0;0.0;0.0;0.0;0.0;0.0
BU05050112;Beverwijcksplein en omgeving;GM0505;Dordrecht;NEE;478;47070.0;411;81.6;84.0;9.6;12.0;8.6;3.0;0.2;0.0;cbs_ipf;52;12;88;185;0;53;39;0;0;7;0;0;35;0;2;4;0;0;1;0;0;0;0;0;4570.0;859.0;5707.0;15822.0;0.0;5785.0;6495.0;0.0;0.0;916.0;0.0;0.0;6139.0;0.0;96.0;567.0;0.0;0.0;114.0;0.0;0.0;0.0;0.0;0.0
BU05050113;Burgemeester de Raadtsingel en omgeving;GM0505;Dordrecht;NEE;320;37158.0;314;62.2;66.0;22.8;26.0;14.1;7.0;0.9;1.0;cbs_ipf;45;62;28;62;2;0;62;3;1;6;1;0;34;3;5;3;0;0;3;0;0;0;0;0;2674.0;3532.0;2906.0;5285.0;329.0;0.0;10750.0;353.0;282.0;1319.0;523.0;0.0;5868.0;765.0;710.0;1236.0;0.0;0.0;626.0;0.0;0.0;0.0;0.0;0.0
BU05050114;Kon. Wilhelminastraat en omgeving;GM0505;Dordrecht;NEE;324;42561.0;324;62.0;66.0;24.1;31.0;13.3;3.0;0.6;0.0;cbs_ipf;34;92;0;65;10;0;72;0;0;6;0;0;39;2;0;2;0;0;2;0;0;0;0;0;3232.0;7398.0;0.0;4787.0;800.0;0.0;14820.0;0.0;0.0;1251.0;0.0;0.0;8287.0;941.0;0.0;416.0;0.0;0.0;629.0;0.0;0.0;0.0;0.0;0.0
BU05050200;Bleijenhoek;GM0505;Dordrecht;NEE;1365;130240.0;1360;77.4;81.0;12.6;16.0;9.6;3.0;0.4;0.0;cbs_ipf;237;65;450;299;6;0;96;6;10;27;33;0;93;5;9;13;11;0;5;0;0;0;0;0;21222.0;4098.0;37177.0;22605.0;200.0;0.0;15298.0;685.0;1066.0;2724.0;3709.0;0.0;15783.0;762.0;1256.0;1321.0;1377.0;0.0;957.0;0.0;0.0;0.0;0.0;0.0
BU05050201;Stadswerven;GM0505;Dordrecht;NEE;495;69932.0;436;68.3;66.0;20.0;23.0;10.1;9.0;1.6;2.0;cbs_ipf;0;0;0;120;167;51;0;0;0;7;86;6;0;0;0;6;42;2;0;0;0;0;8;0;0.0;0.0;0.0;16762.0;20766.0;5617.0;0.0;0.0;0.0;1780.0;13693.0;828.0;0.0;0.0;0.0;1491.0;7359.0;275.0;0.0;0.0;0.0;0.0;1361.0;0.0
BU05050202;Lijnbaan;GM0505;Dordrecht;NEE;579;54995.0;562;59.4;64.0;28.0;29.0;12.4;7.0;0.2;0.0;cbs_ipf;2;0;58;224;60;0;6;0;0;128;14;14;4;0;0;56;8;4;1;0;0;0;0;0;219.0;0.0;4344.0;17689.0;6101.0;0.0;758.0;0.0;0.0;13424.0;2421.0;1484.0;1066.0;0.0;0.0;5467.0;1408.0;424.0;190.0;0.0;0.0;0.0;0.0;0.0
BU05050203;Matena's Pad en omgeving;GM0505;Dordrecht;NEE;444;42740.0;402;46.4;42.0;33.6;40.0;19.6;18.0;0.5;0.0;cbs_ipf;52;0;0;113;0;41;42;0;0;102;5;0;42;1;0;42;2;0;2;0;0;0;0;0;3795.0;0.0;0.0;10103.0;0.0;3808.0;4391.0;0.0;0.0;8847.0;640.0;0.0;6693.0;149.0;0.0;3600.0;258.0;0.0;456.0;0.0;0.0;0.0;0.0;0.0
BU05050204;Merwestein-Noord;GM0505;Dordrecht;NEE;296;37547.0;293;19.9;23.0;56.1;58.0;22.0;17.0;2.0;2.0;cbs_ipf;43;0;0;10;6;0;76;0;0;90;0;0;38;0;0;27;0;0;5;1;0;0;0;0;5278.0;0.0;0.0;776.0;278.0;0.0;8425.0;0.0;0.0;11461.0;0.0;0.0;6766.0;0.0;0.0;3645.0;0.0;0.0;839.0;79.0;0.0;0.0;0.0;0.0
BU05050205;Kasperspad en omgeving;GM0505;Dordrecht;NEE;614;67316.0;609;52.3;59.0;24.9;29.0;21.3;10.0;1.5;1.0;cbs_ipf;132;9;31;112;37;0;113;2;0;28;10;0;105;4;0;12;10;0;9;0;0;0;0;0;10416.0;606.0;2495.0;8143.0;3895.0;0.0;13902.0;513.0;0.0;2436.0;1296.0;0.0;16525.0;735.0;0.0;1061.0;1304.0;0.0;3989.0;0.0;0.0;0.0;0.0;0.0
BU05050206;Park Merwestein en omgeving;GM0505;Dordrecht;NEE;390;63251.0;355;19.5;21.0;29.5;29.0;42.3;41.0;8.7;8.0;cbs_ipf;37;0;21;14;4;0;87;0;1;8;0;19;142;3;0;10;0;10;28;3;1;1;0;1;4060.0;0.0;1329.0;1174.0;646.0;0.0;14129.0;0.0;174.0;768.0;0.0;2662.0;26661.0;596.0;0.0;1508.0;0.0;1359.0;6934.0;668.0;291.0;169.0;0.0;123.0
BU05050300;Zuidendijk;GM0505;Dordrecht;NEE;104;12695.0;105;0.0;0.0;23.1;24.0;61.5;63.0;15.4;12.0;cbs_ipf;0;0;0;0;0;0;19;4;1;0;0;0;54;8;2;0;0;0;12;2;2;0;0;0;0.0;0.0;0.0;0.0;0.0;0.0;1969.0;433.0;200.0;0.0;0.0;0.0;6003.0;1207.0;270.0;0.0;0.0;0.0;1879.0;486.0;248.0;0.0;0.0;0.0
BU05050301;Viottakade en omgeving;GM0505;Dordrecht;NEE;925;84493.0;924;23.9;24.0;56.4;59.0;17.1;14.0;2.6;2.0;cbs_ipf;35;77;48;23;38;0;490;32;0;0;0;0;134;24;0;0;0;0;10;2;0;0;12;0;2867.0;5375.0;2772.0;1851.0;3377.0;0.0;45445.0;3346.0;0.0;0.0;0.0;0.0;13664.0;2664.0;0.0;0.0;0.0;0.0;1168.0;248.0;0.0;0.0;1716.0;0.0
BU05050302;Erasmuslaan en omgeving;GM0505;Dordrecht;NEE;337;37353.0;339;9.8;11.0;65.0;69.0;24.6;20.0;0.6;1.0;cbs_ipf;31;2;0;0;0;0;158;61;0;0;0;0;55;28;0;0;0;0;1;1;0;0;0;0;2336.0;77.0;0.0;0.0;0.0;0.0;17173.0;7098.0;0.0;0.0;0.0;0.0;6824.0;3587.0;0.0;0.0;0.0;0.0;139.0;119.0;0.0;0.0;0.0;0.0
BU05050303;Breitnerstraat en omgeving;GM0505;Dordrecht;NEE;667;63953.0;666;3.7;4.0;71.8;73.0;23.7;22.0;0.7;0.0;cbs_ipf;22;3;0;0;0;0;402;21;0;4;52;0;129;11;0;2;16;0;5;0;0;0;0;0;2143.0;225.0;0.0;0.0;0.0;0.0;36208.0;2491.0;0.0;373.0;6658.0;0.0;11514.0;1436.0;0.0;178.0;2250.0;0.0;477.0;0.0;0.0;0.0;0.0;0.0
BU05050304;Jacob Marisstraat en omgeving;GM0505;Dordrecht;NEE;760;68578.0;758;40.9;43.0;42.6;43.0;16.4;13.0;0.0;0.0;cbs_ipf;60;162;0;37;52;0;161;0;0;10;153;0;57;2;0;6;60;0;0;0;0;0;0;0;4114.0;10740.0;0.0;2796.0;4503.0;0.0;15304.0;0.0;0.0;895.0;16271.0;0.0;6379.0;140.0;0.0;530.0;6906.0;0.0;0.0;0.0;0.0;0.0;0.0;0.0
BU05050305;Krispijnse Driehoek;GM0505;Dordrecht;NEE;818;77520.0;826;57.3;60.0;28.1;30.0;14.1;9.0;0.5;0.0;cbs_ipf;159;27;136;79;68;0;119;0;45;1;65;0;70;0;18;5;22;0;4;0;0;0;0;0;17679.0;1650.0;10558.0;6626.0;6344.0;0.0;10326.0;0.0;3978.0;65.0;7904.0;0.0;7181.0;0.0;1600.0;404.0;2827.0;0.0;378.0;0.0;0.0;0.0;0.0;0.0
BU05050306;Jacob Catsstraat en omgeving;GM0505;Dordrecht;NEE;807;77725.0;804;35.1;39.0;43.6;51.0;20.8;8.0;0.5;0.0;cbs_ipf;271;12;0;0;0;0;334;18;0;0;0;0;166;2;0;0;0;0;3;1;0;0;0;0;20743.0;1121.0;0.0;0.0;0.0;0.0;32739.0;2537.0;0.0;0.0;0.0;0.0;19802.0;293.0;0.0;0.0;0.0;0.0;377.0;113.0;0.0;0.0;0.0;0.0
BU05050307;Rembrandtlaan en omgeving;GM0505;Dordrecht;NEE;291;30124.0;291;33.7;34.0;46.4;46.0;19.9;20.0;0.0;0.0;cbs_ipf;0;0;68;0;30;0;0;24;0;0;111;0;0;24;0;0;34;0;0;0;0;0;0;0;0.0;0.0;5785.0;0.0;2092.0;0.0;0.0;1952.0;0.0;0.0;13839.0;0.0;0.0;2139.0;0.0;0.0;4317.0;0.0;0.0;0.0;0.0;0.0;0.0;0.0
BU05050400;Pr. Bernhardstraat en omgeving;GM0505;Dordrecht;NEE;819;72386.0;819;43.7;44.0;37.6;38.0;18.3;18.0;0.4;0.0;cbs_ipf;0;281;43;34;0;0;0;293;0;15;0;0;0;132;0;18;0;0;2;1;0;0;0;0;0.0;20401.0;2297.0;3177.0;0.0;0.0;0.0;28228.0;0.0;1992.0;0.0;0.0;0.0;13127.0;0.0;2443.0;0.0;0.0;636.0;85.0;0.0;0.0;0.0;0.0
BU05050401;Waldeck Pyrmontweg en omgeving;GM0505;Dordrecht;NEE;494;33177.0;494;93.5;94.0;2.0;2.0;4.5;5.0;0.0;0.0;cbs_ipf;0;462;0;0;0;0;0;10;0;0;0;0;0;22;0;0;0;0;0;0;0;0;0;0;0.0;30248.0;0.0;0.0;0.0;0.0;0.0;969.0;0.0;0.0;0.0;0.0;0.0;1960.0;0.0;0.0;0.0;0.0;0.0;0.0;0.0;0.0;0.0;0.0
BU05050402;Anna Paulownastraat en omgeving;GM0505;Dordrecht;NEE;521;47908.0;379;61.2;48.0;28.8;34.0;9.8;18.0;0.2;1.0;cbs_ipf;4;0;0;0;178;137;3;20;0;12;84;31;3;14;0;4;22;8;0;1;0;0;0;0;292.0;0.0;0.0;0.0;16025.0;9855.0;395.0;1856.0;0.0;1512.0;8768.0;3571.0;401.0;1388.0;0.0;492.0;2293.0;944.0;0.0;116.0;0.0;0.0;0.0;0.0
BU05050403;Emmastraat en omgeving;GM0505;Dordrecht;NEE;382;42262.0;378;20.7;27.0;52.4;58.0;25.4;14.0;1.6;1.0;cbs_ipf;76;0;3;0;0;0;182;2;0;1;5;10;86;2;1;2;2;4;3;0;0;0;2;1;6799.0;0.0;186.0;0.0;0.0;0.0;19160.0;240.0;0.0;122.0;582.0;1270.0;11527.0;246.0;67.0;245.0;252.0;532.0;287.0;0.0;0.0;0.0;583.0;164.0
BU05050404;Bloemenbuurt;GM0505;Dordrecht;NEE;233;21306.0;233;13.7;17.0;61.4;68.0;23.2;13.0;1.7;1.0;cbs_ipf;32;0;0;0;0;0;121;1;0;21;0;0;45;1;0;8;0;0;4;0;0;0;0;0;2331.0;0.0;0.0;0.0;0.0;0.0;10532.0;98.0;0.0;1967.0;0.0;0.0;4509.0;98.0;0.0;728.0;0.0;0.0;1043.0;0.0;0.0;0.0;0.0;0.0
BU05050405;Weizigtpark;GM0505;Dordrecht;NEE;357;18652.0;360;97.2;98.0;0.6;1.0;2.0;1.0;0.3;0.0;cbs_ipf;13;138;0;196;0;0;2;0;0;0;0;0;6;0;0;1;0;0;0;0;1;0;0;0;1392.0;3883.0;0.0;11590.0;0.0;0.0;350.0;0.0;0.0;0.0;0.0;0.0;1037.0;0.0;0.0;180.0;0.0;0.0;0.0;0.0;220.0;0.0;0.0;0.0
BU05050406;Nieuweweg en omgeving;GM0505;Dordrecht;NEE;26;4179.0;25;0.0;0.0;7.7;12.0;30.8;32.0;61.5;56.0;cbs_ipf;0;0;0;0;0;0;2;0;0;0;0;0;8;0;0;0;0;0;4;0;0;10;1;1;0.0;0.0;0.0;0.0;0.0;0.0;307.0;0.0;0.0;0.0;0.0;0.0;1179.0;0.0;0.0;0.0;0.0;0.0;811.0;0.0;0.0;1325.0;296.0;261.0
BU05050500;Wantijpark en omgeving;GM0505;Dordrecht;NEE;291;44806.0;268;42.3;37.0;4.8;6.0;33.0;35.0;19.9;22.0;cbs_ipf;0;0;86;23;14;0;0;1;0;0;13;0;0;58;0;0;38;0;1;14;2;1;39;1;0.0;0.0;6880.0;921.0;2131.0;0.0;0.0;228.0;0.0;0.0;2492.0;0.0;0.0;10332.0;0.0;0.0;6935.0;0.0;125.0;3919.0;598.0;70.0;9768.0;407.0
BU05050501;Transvaalstraat en omgeving;GM0505;Dordrecht;NEE;572;52657.0;571;30.2;34.0;54.5;59.0;14.7;7.0;0.5;0.0;cbs_ipf;110;10;51;0;2;0;304;6;2;0;0;0;80;3;0;0;1;0;3;0;0;0;0;0;9524.0;813.0;3425.0;0.0;259.0;0.0;26572.0;579.0;175.0;0.0;0.0;0.0;10409.0;269.0;0.0;0.0;154.0;0.0;478.0;0.0;0.0;0.0;0.0;0.0
BU05050502;Indische Buurt-Zuid;GM0505;Dordrecht;NEE;491;52072.0;493;15.1;21.0;55.2;60.0;28.1;18.0;1.6;0.0;cbs_ipf;74;0;0;0;0;0;255;0;1;1;14;0;113;6;2;13;4;0;8;0;0;0;0;0;7754.0;0.0;0.0;0.0;0.0;0.0;25246.0;0.0;130.0;135.0;1397.0;0.0;12560.0;763.0;278.0;2285.0;408.0;0.0;1116.0;0.0;0.0;0.0;0.0;0.0
BU05050503;Indische Buurt-Noord;GM0505;Dordrecht;NEE;567;72582.0;566;41.1;44.0;31.6;40.0;27.0;14.0;0.4;0.0;cbs_ipf;175;0;0;58;0;0;64;0;0;77;38;0;95;0;0;36;22;0;2;0;0;0;0;0;16454.0;0.0;0.0;4480.0;0.0;0.0;10897.0;0.0;0.0;9814.0;5139.0;0.0;16805.0;0.0;0.0;4957.0;2929.0;0.0;1107.0;0.0;0.0;0.0;0.0;0.0
BU05050504;Boeroestraat en omgeving;GM0505;Dordrecht;NEE;382;48047.0;382;3.1;4.0;81.4;82.0;14.9;14.0;0.5;0.0;cbs_ipf;12;0;0;0;0;0;293;18;0;0;0;0;49;8;0;0;0;0;0;2;0;0;0;0;1135.0;0.0;0.0;0.0;0.0;0.0;36916.0;1626.0;0.0;0.0;0.0;0.0;7416.0;750.0;0.0;0.0;0.0;0.0;0.0;204.0;0.0;0.0;0.0;0.0
BU05050505;Vogelplein-Aalscholverstraat en omgeving;GM0505;Dordrecht;NEE;1226;91956.0;1119;58.5;57.0;26.6;29.0;14.6;15.0;0.3;0.0;cbs_ipf;2;504;0;71;40;100;93;187;0;0;46;0;16;146;0;1;16;0;2;1;1;0;0;0;141.0;30307.0;0.0;5417.0;3304.0;7291.0;12515.0;12693.0;0.0;0.0;5400.0;0.0;2034.0;10350.0;0.0;129.0;1774.0;0.0;320.0;161.0;120.0;0.0;0.0;0.0
BU05050506;Hoekenessestraat en omgeving;GM0505;Dordrecht;NEE;256;24127.0;256;14.8;16.0;46.9;50.0;37.5;33.0;0.8;1.0;cbs_ipf;30;8;0;0;0;0;120;0;0;0;0;0;90;2;0;4;0;0;2;0;0;0;0;0;2350.0;820.0;0.0;0.0;0.0;0.0;10031.0;0.0;0.0;0.0;0.0;0.0;9754.0;294.0;0.0;474.0;0.0;0.0;404.0;0.0;0.0;0.0;0.0;0.0
BU05050507;Standhasenstraat en omgeving;GM0505;Dordrecht;NEE;602;55870.0;604;6.6;12.0;77.2;74.0;16.1;14.0;0.0;0.0;cbs_ipf;40;0;0;0;0;0;458;7;0;0;0;0;53;44;0;0;0;0;0;0;0;0;0;0;3247.0;0.0;0.0;0.0;0.0;0.0;38182.0;1131.0;0.0;0.0;0.0;0.0;6348.0;6962.0;0.0;0.0;0.0;0.0;0.0;0.0;0.0;0.0;0.0;0.0
BU05050508;Heysterbachstraat en omgeving;GM0505;Dordrecht;NEE;439;49350.0;392;26.9;28.0;39.0;40.0;31.7;30.0;2.5;3.0;cbs_ipf;77;4;0;12;0;25;105;12;0;37;0;17;85;34;0;14;0;6;10;1;0;0;0;0;6757.0;272.0;0.0;972.0;0.0;1650.0;11441.0;1741.0;0.0;4320.0;0.0;1496.0;11616.0;5023.0;0.0;1649.0;0.0;572.0;1706.0;135.0;0.0;0.0;0.0;0.0
BU05050509;Maria Montessorilaan en omgeving;GM0505;Dordrecht;NEE;811;59930.0;811;77.2;77.0;12.3;12.0;8.4;8.0;2.1;2.0;cbs_ipf;0;0;60;0;566;0;1;0;21;6;72;0;8;0;16;6;38;0;5;0;2;10;0;0;0.0;0.0;5935.0;0.0;25767.0;0.0;82.0;0.0;2645.0;888.0;11374.0;0.0;932.0;0.0;2172.0;864.0;6326.0;0.0;1068.0;0.0;483.0;1394.0;0.0;0.0
BU05050510;Sportterrein Krommedijk;GM0505;Dordrecht;NEE;33;4225.0;33;0.0;0.0;24.2;24.0;48.5;48.0;27.3;27.0;cbs_ipf;0;0;0;0;0;0;8;0;0;0;0;0;16;0;0;0;0;0;8;0;0;0;1;0;0.0;0.0;0.0;0.0;0.0;0.0;824.0;0.0;0.0;0.0;0.0;0.0;1973.0;0.0;0.0;0.0;0.0;0.0;1241.0;0.0;0.0;0.0;187.0;0.0
BU05050600;Plein 1940-1945 en omgeving;GM0505;Dordrecht;NEE;98;9594.0;98;41.8;48.0;40.8;39.0;16.3;13.0;1.0;0.0;cbs_ipf;0;35;6;0;0;0;0;6;34;0;0;0;0;2;14;0;0;0;0;0;1;0;0;0;0.0;2819.0;480.0;0.0;0.0;0.0;0.0;642.0;3718.0;0.0;0.0;0.0;0.0;214.0;1539.0;0.0;0.0;0.0;0.0;0.0;182.0;0.0;0.0;0.0
BU05050601;Beekmanstraat en omgeving;GM0505;Dordrecht;NEE;343;23646.0;343;64.7;65.0;21.3;22.0;14.0;13.0;0.0;0.0;cbs_ipf;0;150;72;0;0;0;0;73;0;0;0;0;0;48;0;0;0;0;0;0;0;0;0;0;0.0;10707.0;3106.0;0.0;0.0;0.0;0.0;5834.0;0.0;0.0;0.0;0.0;0.0;3999.0;0.0;0.0;0.0;0.0;0.0;0.0;0.0;0.0;0.0;0.0
BU05050602;Noorderkwartier;GM0505;Dordrecht;NEE;348;24859.0;350;61.8;67.0;26.1;28.0;12.1;5.0;0.0;0.0;cbs_ipf;215;0;0;0;0;0;91;0;0;0;0;0;42;0;0;0;0;0;0;0;0;0;0;0;14525.0;0.0;0.0;0.0;0.0;0.0;6652.0;0.0;0.0;0.0;0.0;0.0;3682.0;0.0;0.0;0.0;0.0;0.0;0.0;0.0;0.0;0.0;0.0;0.0
BU05050603;Amerstraat en omgeving;GM0505;Dordrecht;NEE;308;25594.0;307;0.0;1.0;78.6;79.0;21.4;21.0;0.0;0.0;cbs_ipf;0;0;0;0;0;0;242;0;0;0;0;0;66;0;0;0;0;0;0;0;0;0;0;0;0.0;0.0;0.0;0.0;0.0;0.0;19999.0;0.0;0.0;0.0;0.0;0.0;5595.0;0.0;0.0;0.0;0.0;0.0;0.0;0.0;0.0;0.0;0.0;0.0
BU05050604;Merwedepolder-West;GM0505;Dordrecht;NEE;667;50668.0;667;83.7;84.0;10.5;11.0;5.7;5.0;0.1;0.0;cbs_ipf;0;252;306;0;0;0;0;31;39;0;0;0;0;14;24;0;0;0;0;0;1;0;0;0;0.0;15762.0;22020.0;0.0;0.0;0.0;0.0;2731.0;4810.0;0.0;0.0;0.0;0.0;1296.0;3082.0;0.0;0.0;0.0;0.0;0.0;967.0;0.0;0.0;0.0
BU05050605;Merwedepolder-Oost;GM0505;Dordrecht;NEE;910;82419.0;916;59.8;60.0;29.5;30.0;10.8;10.0;0.0;0.0;cbs_ipf;0;0;544;0;0;0;0;0;268;0;0;0;0;0;98;0;0;0;0;0;0;0;0;0;0.0;0.0;39662.0;0.0;0.0;0.0;0.0;0.0;31106.0;0.0;0.0;0.0;0.0;0.0;11651.0;0.0;0.0;0.0;0.0;0.0;0.0;0.0;0.0;0.0
BU05050606;Spaarbekken;GM0505;Dordrecht;NEE;1;93.0;1;0.0;45.0;0.0;n.a.;0.0;n.a.;100.0;n.a.;bag;0;0;0;0;0;0;0;0;0;0;0;0;0;0;0;0;0;0;0;0;1;0;0;0;0.0;0.0;0.0;0.0;0.0;0.0;0.0;0.0;0.0;0.0;0.0;0.0;0.0;0.0;0.0;0.0;0.0;0.0;0.0;0.0;93.0;0.0;0.0;0.0
BU05050607;1e Merwedehaven en omgeving;GM0505;Dordrecht;NEE;2;250.0;2;0.0;45.0;0.0;n.a.;0.0;n.a.;100.0;n.a.;bag;0;0;0;0;0;0;0;0;0;0;0;0;0;0;0;0;0;0;0;2;0;0;0;0;0.0;0.0;0.0;0.0;0.0;0.0;0.0;0.0;0.0;0.0;0.0;0.0;0.0;0.0;0.0;0.0;0.0;0.0;0.0;250.0;0.0;0.0;0.0;0.0
BU05050608;2e Merwedehaven en omgeving;GM0505;Dordrecht;NEE;13;1353.0;13;0.0;45.0;0.0;n.a.;15.4;n.a.;84.6;n.a.;bag;0;0;0;0;0;0;0;0;0;0;0;0;0;0;0;2;0;0;0;2;2;1;6;0;0.0;0.0;0.0;0.0;0.0;0.0;0.0;0.0;0.0;0.0;0.0;0.0;0.0;0.0;0.0;246.0;0.0;0.0;0.0;588.0;253.0;61.0;205.0;0.0
BU05050700;Admiraalsplein;GM0505;Dordrecht;NEE;503;45654.0;506;94.8;95.0;4.8;5.0;0.4;0.0;0.0;0.0;cbs_ipf;0;82;172;93;130;0;0;0;0;0;24;0;0;0;0;0;2;0;0;0;0;0;0;0;0.0;6902.0;13182.0;6679.0;15277.0;0.0;0.0;0.0;0.0;0.0;3312.0;0.0;0.0;0.0;0.0;0.0;302.0;0.0;0.0;0.0;0.0;0.0;0.0;0.0
BU05050701;Van Kinsbergenstraat en omgeving;GM0505;Dordrecht;NEE;699;61441.0;709;53.1;56.0;24.3;23.0;16.6;15.0;6.0;6.0;cbs_ipf;0;144;150;11;66;0;0;82;0;31;47;10;29;59;0;10;14;4;23;1;0;8;10;0;0.0;9864.0;9209.0;764.0;4917.0;0.0;0.0;7021.0;0.0;3331.0;6148.0;1438.0;3407.0;5600.0;0.0;1282.0;1818.0;587.0;2865.0;89.0;0.0;1481.0;1620.0;0.0
BU05050702;Cornelis Evertsenstraat en omgeving;GM0505;Dordrecht;NEE;531;32092.0;531;71.9;72.0;18.8;19.0;9.0;10.0;0.2;0.0;cbs_ipf;0;78;246;58;0;0;0;68;0;0;32;0;0;40;0;0;8;0;1;0;0;0;0;0;0.0;5081.0;7461.0;4256.0;0.0;0.0;0.0;5793.0;0.0;0.0;4561.0;0.0;0.0;3447.0;0.0;0.0;1138.0;0.0;355.0;0.0;0.0;0.0;0.0;0.0
BU05050703;Dorus Rijkersstraat en omgeving;GM0505;Dordrecht;NEE;233;24541.0;233;16.7;17.0;45.1;45.0;36.9;36.0;1.3;1.0;cbs_ipf;0;0;0;0;39;0;2;80;0;0;23;0;34;38;0;0;14;0;2;0;0;0;1;0;0.0;0.0;0.0;0.0;3225.0;0.0;235.0;8458.0;0.0;0.0;2801.0;0.0;3732.0;3728.0;0.0;0.0;1682.0;0.0;297.0;0.0;0.0;0.0;383.0;0.0
BU05050704;Van Ewijckstraat en omgeving;GM0505;Dordrecht;NEE;610;49399.0;610;73.9;74.0;18.9;19.0;7.2;7.0;0.0;0.0;cbs_ipf;0;324;0;87;40;0;0;83;0;13;19;0;0;41;0;2;1;0;0;0;0;0;0;0;0.0;21395.0;0.0;6614.0;3438.0;0.0;0.0;8664.0;0.0;1742.0;2560.0;0.0;0.0;4514.0;0.0;303.0;169.0;0.0;0.0;0.0;0.0;0.0;0.0;0.0
BU05050705;Zeehavenlaan en omgeving;GM0505;Dordrecht;NEE;265;25691.0;265;0.0;10.0;74.3;68.0;25.7;22.0;0.0;0.0;cbs_ipf;0;0;0;0;0;0;5;0;39;81;72;0;2;0;12;31;23;0;0;0;0;0;0;0;0.0;0.0;0.0;0.0;0.0;0.0;409.0;0.0;3036.0;8081.0;7649.0;0.0;144.0;0.0;885.0;3227.0;2260.0;0.0;0.0;0.0;0.0;0.0;0.0;0.0
BU05050707;Dordtse Hout;GM0505;Dordrecht;NEE;269;50648.0;269;0.0;0.0;66.5;67.0;20.8;20.0;12.6;12.0;cbs_ipf;0;0;0;0;0;0;0;0;0;179;0;0;0;0;0;56;0;0;1;0;1;32;0;0;0.0;0.0;0.0;0.0;0.0;0.0;0.0;0.0;0.0;32412.0;0.0;0.0;0.0;0.0;0.0;10613.0;0.0;0.0;126.0;0.0;125.0;7372.0;0.0;0.0
BU05050708;Amstelwijck Park;GM0505;Dordrecht;NEE;157;23656.0;95;12.1;20.0;42.7;40.0;35.7;33.0;9.6;6.0;cbs_ipf;0;0;0;0;19;0;0;0;0;0;37;30;0;0;0;0;32;24;0;0;0;0;7;8;0.0;0.0;0.0;0.0;1751.0;0.0;0.0;0.0;0.0;0.0;5212.0;4388.0;0.0;0.0;0.0;0.0;5230.0;4099.0;0.0;0.0;0.0;0.0;1360.0;1616.0
BU05050709;Amstelwijck Midden;GM0505;Dordrecht;NEE;151;21013.0;0;0.0;45.0;58.9;n.a.;39.7;n.a.;1.3;n.a.;bag;0;0;0;0;0;0;0;0;0;0;0;89;0;0;0;0;0;60;0;0;0;0;0;2;0.0;0.0;0.0;0.0;0.0;0.0;0.0;0.0;0.0;0.0;0.0;11783.0;0.0;0.0;0.0;0.0;0.0;8799.0;0.0;0.0;0.0;0.0;0.0;431.0
BU05050711;Amstelwijck Smitzigt;GM0505;Dordrecht;NEE;3;634.0;3;0.0;45.0;0.0;n.a.;0.0;n.a.;100.0;n.a.;bag;0;0;0;0;0;0;0;0;0;0;0;0;0;0;0;0;0;0;3;0;0;0;0;0;0.0;0.0;0.0;0.0;0.0;0.0;0.0;0.0;0.0;0.0;0.0;0.0;0.0;0.0;0.0;0.0;0.0;0.0;634.0;0.0;0.0;0.0;0.0;0.0
BU05050800;Crabbehof-Zuid;GM0505;Dordrecht;NEE;2524;200230.0;2597;76.6;78.0;15.5;14.0;6.3;5.0;1.7;2.0;cbs_ipf;0;1403;280;192;58;0;0;172;2;0;217;0;14;76;2;0;66;0;10;2;1;0;27;2;0.0;96667.0;19835.0;14533.0;4602.0;0.0;0.0;14841.0;138.0;0.0;26456.0;0.0;1466.0;6580.0;138.0;0.0;8737.0;0.0;2023.0;354.0;127.0;0.0;3673.0;60.0
BU05050801;Crabbehof-Noord;GM0505;Dordrecht;NEE;1364;105339.0;1257;86.6;86.0;8.9;9.0;4.2;4.0;0.3;0.0;cbs_ipf;0;518;561;0;31;71;0;98;0;0;21;3;0;48;3;0;6;0;0;0;0;0;4;0;0.0;34534.0;44486.0;0.0;2268.0;5085.0;0.0;8991.0;0.0;0.0;2237.0;499.0;0.0;5395.0;408.0;0.0;728.0;0.0;0.0;0.0;0.0;0.0;708.0;0.0
BU05050802;Zuidhoven;GM0505;Dordrecht;NEE;516;59463.0;515;52.7;53.0;20.0;20.0;22.5;21.0;4.8;5.0;cbs_ipf;0;0;168;0;104;0;0;92;11;0;0;0;2;88;24;0;0;2;2;12;10;0;0;1;0.0;0.0;10172.0;0.0;12249.0;0.0;0.0;11619.0;1755.0;0.0;0.0;0.0;206.0;12166.0;4725.0;0.0;0.0;983.0;361.0;2393.0;2590.0;0.0;0.0;244.0
BU05050900;Sterrenburg 1-West;GM0505;Dordrecht;NEE;719;82213.0;719;41.7;42.0;30.2;34.0;25.0;20.0;3.1;3.0;cbs_ipf;0;0;300;0;0;0;0;0;215;2;0;0;2;0;174;2;2;0;8;0;3;9;2;0;0.0;0.0;22652.0;0.0;0.0;0.0;0.0;0.0;28974.0;326.0;0.0;0.0;233.0;0.0;24559.0;413.0;1148.0;0.0;1141.0;0.0;752.0;1695.0;320.0;0.0
BU05050901;Sterrenburg 1-Oost;GM0505;Dordrecht;NEE;2109;185271.0;2109;65.8;66.0;25.6;26.0;7.8;7.0;0.8;0.0;cbs_ipf;0;0;1238;100;50;0;0;0;527;13;0;0;14;0;144;6;0;0;5;2;1;8;0;1;0.0;0.0;93050.0;6575.0;4271.0;0.0;0.0;0.0;58455.0;1492.0;0.0;0.0;1409.0;0.0;16721.0;916.0;0.0;0.0;600.0;323.0;100.0;1207.0;0.0;152.0
BU05050902;Waterman en omgeving;GM0505;Dordrecht;NEE;964;103443.0;964;40.0;40.0;39.4;39.0;20.5;20.0;0.0;0.0;cbs_ipf;0;0;211;175;0;0;0;0;380;0;0;0;0;0;198;0;0;0;0;0;0;0;0;0;0.0;0.0;17047.0;13437.0;0.0;0.0;0.0;0.0;47619.0;0.0;0.0;0.0;0.0;0.0;25340.0;0.0;0.0;0.0;0.0;0.0;0.0;0.0;0.0;0.0
BU05050903;Driehoek en omgeving;GM0505;Dordrecht;NEE;478;60457.0;478;0.0;0.0;64.4;66.0;35.6;34.0;0.0;0.0;cbs_ipf;0;0;0;0;0;0;0;0;308;0;0;0;0;0;170;0;0;0;0;0;0;0;0;0;0.0;0.0;0.0;0.0;0.0;0.0;0.0;0.0;38491.0;0.0;0.0;0.0;0.0;0.0;21966.0;0.0;0.0;0.0;0.0;0.0;0.0;0.0;0.0;0.0
BU05050904;Blaauwweg en omgeving;GM0505;Dordrecht;NEE;800;78837.0;799;68.9;69.0;22.6;24.0;8.0;7.0;0.5;0.0;cbs_ipf;0;0;551;0;0;0;0;0;181;0;0;0;0;0;64;0;0;0;0;0;0;0;4;0;0.0;0.0;47675.0;0.0;0.0;0.0;0.0;0.0;22766.0;0.0;0.0;0.0;0.0;0.0;8086.0;0.0;0.0;0.0;0.0;0.0;0.0;0.0;310.0;0.0
BU05050905;Minnaertweg en omgeving;GM0505;Dordrecht;NEE;502;54871.0;501;28.1;31.0;46.4;46.0;23.1;20.0;2.4;3.0;cbs_ipf;0;0;75;0;66;0;0;0;233;0;0;0;0;0;112;0;3;1;0;0;0;3;9;0;0.0;0.0;4249.0;0.0;3123.0;0.0;0.0;0.0;29660.0;0.0;0.0;0.0;0.0;0.0;14816.0;0.0;507.0;143.0;0.0;0.0;0.0;642.0;1731.0;0.0
BU05050906;Mildenburg en omgeving;GM0505;Dordrecht;NEE;812;89007.0;812;20.4;21.0;61.5;62.0;18.1;18.0;0.0;0.0;cbs_ipf;0;0;166;0;0;0;0;0;499;0;0;0;0;0;147;0;0;0;0;0;0;0;0;0;0.0;0.0;13953.0;0.0;0.0;0.0;0.0;0.0;57957.0;0.0;0.0;0.0;0.0;0.0;17097.0;0.0;0.0;0.0;0.0;0.0;0.0;0.0;0.0;0.0
BU05050907;Zuilenburg en omgeving;GM0505;Dordrecht;NEE;850;84586.0;850;37.9;38.0;46.1;46.0;15.5;16.0;0.5;0.0;cbs_ipf;0;0;304;18;0;0;0;0;384;8;0;0;0;0;130;2;0;0;0;0;4;0;0;0;0.0;0.0;27236.0;1684.0;0.0;0.0;0.0;0.0;39963.0;1200.0;0.0;0.0;0.0;0.0;13714.0;359.0;0.0;0.0;0.0;0.0;430.0;0.0;0.0;0.0
BU05050908;Vredenburg en omgeving;GM0505;Dordrecht;NEE;1320;146118.0;1296;33.6;32.0;46.7;48.0;19.2;20.0;0.5;0.0;cbs_ipf;0;0;419;0;0;24;0;0;617;0;0;0;2;0;252;0;0;0;1;0;4;1;0;0;0.0;0.0;33642.0;0.0;0.0;1024.0;0.0;0.0;79062.0;0.0;0.0;0.0;305.0;0.0;31181.0;0.0;0.0;0.0;102.0;0.0;484.0;318.0;0.0;0.0
BU05050909;Wittenstein en omgeving;GM0505;Dordrecht;NEE;1306;151261.0;1306;12.0;16.0;62.9;60.0;23.8;22.0;1.2;1.0;cbs_ipf;0;0;157;0;0;0;0;0;788;34;0;0;0;0;277;34;0;0;2;0;3;11;0;0;0.0;0.0;15000.0;0.0;0.0;0.0;0.0;0.0;87465.0;5121.0;0.0;0.0;0.0;0.0;35300.0;5406.0;0.0;0.0;292.0;0.0;457.0;2220.0;0.0;0.0
BU05050910;Smitsweg;GM0505;Dordrecht;NEE;598;94855.0;561;6.0;6.0;47.3;50.0;28.6;28.0;18.1;15.0;cbs_ipf;0;0;0;0;36;0;0;0;0;0;283;0;2;0;0;0;155;14;6;0;0;0;84;18;0.0;0.0;0.0;0.0;3185.0;0.0;0.0;0.0;0.0;0.0;39706.0;0.0;216.0;0.0;0.0;0.0;25025.0;3222.0;1152.0;0.0;0.0;0.0;18313.0;4036.0
BU05051000;Vissersdijk-West;GM0505;Dordrecht;NEE;3;663.0;3;0.0;45.0;0.0;n.a.;0.0;n.a.;100.0;n.a.;bag;0;0;0;0;0;0;0;0;0;0;0;0;0;0;0;0;0;0;0;0;2;1;0;0;0.0;0.0;0.0;0.0;0.0;0.0;0.0;0.0;0.0;0.0;0.0;0.0;0.0;0.0;0.0;0.0;0.0;0.0;0.0;0.0;536.0;127.0;0.0;0.0
BU05051001;Vissersdijk-Beneden;GM0505;Dordrecht;NEE;99;15577.0;100;0.0;0.0;8.1;8.0;60.6;63.0;31.3;29.0;cbs_ipf;0;0;0;0;0;0;0;0;0;8;0;0;12;2;0;30;16;0;14;1;0;6;9;1;0.0;0.0;0.0;0.0;0.0;0.0;0.0;0.0;0.0;1053.0;0.0;0.0;1340.0;157.0;0.0;4968.0;2995.0;0.0;2001.0;94.0;0.0;1171.0;1711.0;87.0
BU05051002;Vissersdijk-Oost;GM0505;Dordrecht;NEE;169;28022.0;170;0.0;0.0;43.8;44.0;23.7;24.0;32.5;31.0;cbs_ipf;0;0;0;0;0;0;0;0;0;74;0;0;20;0;0;16;4;0;7;0;2;33;13;0;0.0;0.0;0.0;0.0;0.0;0.0;0.0;0.0;0.0;11778.0;0.0;0.0;2211.0;0.0;0.0;2613.0;875.0;0.0;1045.0;0.0;413.0;6046.0;3041.0;0.0
BU05051003;Egstraat en omgeving;GM0505;Dordrecht;NEE;4;1293.0;4;0.0;45.0;0.0;n.a.;50.0;n.a.;50.0;n.a.;bag;0;0;0;0;0;0;0;0;0;0;0;0;0;0;0;2;0;0;0;0;0;2;0;0;0.0;0.0;0.0;0.0;0.0;0.0;0.0;0.0;0.0;0.0;0.0;0.0;0.0;0.0;0.0;492.0;0.0;0.0;0.0;0.0;0.0;801.0;0.0;0.0
BU05051004;Oudendijk en omgeving;GM0505;Dordrecht;NEE;141;3455.0;141;98.6;99.0;0.0;0.0;0.0;1.0;1.4;1.0;cbs_ipf;0;0;0;87;52;0;0;0;0;0;0;0;0;0;0;0;0;0;1;0;1;0;0;0;0.0;0.0;0.0;2325.0;706.0;0.0;0.0;0.0;0.0;0.0;0.0;0.0;0.0;0.0;0.0;0.0;0.0;0.0;161.0;0.0;263.0;0.0;0.0;0.0
BU05051005;Vissersdijk-Noord;GM0505;Dordrecht;NEE;8;1241.0;8;0.0;45.0;0.0;n.a.;25.0;n.a.;75.0;n.a.;bag;0;0;0;0;0;0;0;0;0;0;0;0;2;0;0;0;0;0;1;3;0;1;1;0;0.0;0.0;0.0;0.0;0.0;0.0;0.0;0.0;0.0;0.0;0.0;0.0;308.0;0.0;0.0;0.0;0.0;0.0;92.0;480.0;0.0;247.0;114.0;0.0
BU05051006;Dubbeldam-Noord;GM0505;Dordrecht;NEE;2378;249268.0;2413;24.4;25.0;38.1;39.0;31.8;31.0;5.6;5.0;cbs_ipf;0;15;244;145;177;0;7;399;320;177;3;0;247;233;185;90;2;0;63;13;22;26;6;4;0.0;1321.0;11899.0;14313.0;10267.0;0.0;710.0;38599.0;37543.0;24809.0;394.0;0.0;24643.0;24206.0;23471.0;14410.0;253.0;0.0;9297.0;1668.0;4304.0;5007.0;1358.0;796.0
BU05051007;Dubbeldam-Zuid;GM0505;Dordrecht;NEE;2157;287538.0;2150;15.8;16.0;36.8;38.0;32.9;32.0;14.5;14.0;cbs_ipf;3;0;146;136;56;0;2;77;631;56;26;1;135;68;362;99;44;2;84;18;48;103;57;3;960.0;0.0;9770.0;11512.0;4794.0;0.0;182.0;8419.0;74308.0;7385.0;4652.0;102.0;16872.0;8440.0;46791.0;16427.0;8506.0;295.0;14364.0;3917.0;11691.0;22442.0;15145.0;564.0
BU05051010;Albert Schweitzerplaats;GM0505;Dordrecht;NEE;203;23095.0;203;81.3;81.0;1.5;1.0;9.9;9.0;7.4;7.0;cbs_ipf;0;0;0;0;165;0;3;0;0;0;0;0;18;2;0;0;0;0;8;3;0;3;1;0;0.0;0.0;0.0;0.0;18467.0;0.0;331.0;0.0;0.0;0.0;0.0;0.0;1919.0;171.0;0.0;0.0;0.0;0.0;1223.0;304.0;0.0;542.0;138.0;0.0
BU05051011;De Hoven;GM0505;Dordrecht;NEE;391;79137.0;391;11.8;12.0;4.9;5.0;44.0;45.0;39.4;38.0;cbs_ipf;0;0;0;0;46;0;0;0;0;0;19;0;0;0;0;0;172;0;7;2;0;1;143;1;0.0;0.0;0.0;0.0;7040.0;0.0;0.0;0.0;0.0;0.0;3717.0;0.0;0.0;0.0;0.0;0.0;32068.0;0.0;866.0;374.0;0.0;258.0;34464.0;350.0
BU05051012;Zuidpolder;GM0505;Dordrecht;NEE;19;3586.0;19;0.0;45.0;0.0;n.a.;21.1;n.a.;78.9;n.a.;bag;0;0;0;0;0;0;0;0;0;0;0;0;4;0;0;0;0;0;6;3;1;2;3;0;0.0;0.0;0.0;0.0;0.0;0.0;0.0;0.0;0.0;0.0;0.0;0.0;387.0;0.0;0.0;0.0;0.0;0.0;1647.0;547.0;190.0;317.0;498.0;0.0
BU05051013;Belthure Park;GM0505;Dordrecht;NEE;33;6027.0;33;0.0;0.0;0.0;0.0;24.2;24.0;75.8;76.0;cbs_ipf;0;0;0;0;0;0;0;0;0;0;0;0;5;0;0;1;2;0;16;3;0;2;3;1;0.0;0.0;0.0;0.0;0.0;0.0;0.0;0.0;0.0;0.0;0.0;0.0;708.0;0.0;0.0;168.0;508.0;0.0;3042.0;364.0;0.0;378.0;667.0;192.0
BU05051100;Amazone en omgeving;GM0505;Dordrecht;NEE;539;71057.0;539;0.0;0.0;74.8;75.0;23.4;23.0;1.9;2.0;cbs_ipf;0;0;0;0;0;0;0;0;0;403;0;0;0;0;0;126;0;0;0;0;0;9;1;0;0.0;0.0;0.0;0.0;0.0;0.0;0.0;0.0;0.0;51957.0;0.0;0.0;0.0;0.0;0.0;17684.0;0.0;0.0;0.0;0.0;0.0;1197.0;219.0;0.0
BU05051101;Palissander en omgeving;GM0505;Dordrecht;NEE;859;104108.0;859;11.8;13.0;68.3;68.0;19.1;18.0;0.8;1.0;cbs_ipf;0;0;0;81;20;0;0;0;0;587;0;0;0;0;0;164;0;0;0;0;0;6;1;0;0.0;0.0;0.0;6373.0;645.0;0.0;0.0;0.0;0.0;72935.0;0.0;0.0;0.0;0.0;0.0;23455.0;0.0;0.0;0.0;0.0;0.0;640.0;60.0;0.0
BU05051102;Azobe en omgeving;GM0505;Dordrecht;NEE;407;58482.0;406;3.9;4.0;69.8;70.0;25.6;25.0;0.7;0.0;cbs_ipf;0;0;0;16;0;0;0;0;0;272;12;0;0;0;0;76;28;0;1;0;0;2;0;0;0.0;0.0;0.0;1581.0;0.0;0.0;0.0;0.0;0.0;36823.0;2274.0;0.0;0.0;0.0;0.0;10888.0;6392.0;0.0;185.0;0.0;0.0;339.0;0.0;0.0
BU05051103;Iroko en omgeving;GM0505;Dordrecht;NEE;357;54355.0;357;0.0;0.0;55.2;55.0;31.4;31.0;13.4;13.0;cbs_ipf;0;0;0;0;0;0;0;0;0;197;0;0;0;0;0;112;0;0;0;0;0;48;0;0;0.0;0.0;0.0;0.0;0.0;0.0;0.0;0.0;0.0;26242.0;0.0;0.0;0.0;0.0;0.0;18171.0;0.0;0.0;0.0;0.0;0.0;9942.0;0.0;0.0
BU05051104;Bedrijventerrein Groene Zoom;GM0505;Dordrecht;NEE;4;508.0;4;0.0;45.0;0.0;n.a.;50.0;n.a.;50.0;n.a.;bag;0;0;0;0;0;0;0;0;0;0;0;0;2;0;0;0;0;0;0;1;1;0;0;0;0.0;0.0;0.0;0.0;0.0;0.0;0.0;0.0;0.0;0.0;0.0;0.0;162.0;0.0;0.0;0.0;0.0;0.0;0.0;138.0;208.0;0.0;0.0;0.0
BU05051105;Van Ravesteijn-erf en omgeving;GM0505;Dordrecht;NEE;1330;137363.0;1331;47.1;47.0;38.6;39.0;14.1;14.0;0.1;0.0;cbs_ipf;0;0;0;516;111;0;0;0;0;514;0;0;0;0;0;188;0;0;0;0;0;0;1;0;0.0;0.0;0.0;45893.0;9403.0;0.0;0.0;0.0;0.0;58859.0;0.0;0.0;0.0;0.0;0.0;23133.0;0.0;0.0;0.0;0.0;0.0;0.0;75.0;0.0
BU05051106;Van den Broek-erf en omgeving;GM0505;Dordrecht;NEE;719;77896.0;692;16.7;13.0;57.9;60.0;23.4;25.0;2.1;2.0;cbs_ipf;0;0;0;93;0;27;0;0;0;416;0;0;0;0;0;168;0;0;0;0;0;15;0;0;0.0;0.0;0.0;6845.0;0.0;621.0;0.0;0.0;0.0;47465.0;0.0;0.0;0.0;0.0;0.0;20630.0;0.0;0.0;0.0;0.0;0.0;2335.0;0.0;0.0
BU05051107;Suze Groeneweg-erf en omgeving;GM0505;Dordrecht;NEE;391;37096.0;391;33.5;34.0;49.4;49.0;16.9;17.0;0.3;0.0;cbs_ipf;0;0;131;0;0;0;0;0;134;59;0;0;0;0;40;26;0;0;0;1;0;0;0;0;0.0;0.0;9776.0;0.0;0.0;0.0;0.0;0.0;14838.0;5621.0;0.0;0.0;0.0;0.0;4373.0;2214.0;0.0;0.0;0.0;274.0;0.0;0.0;0.0;0.0
BU05051108;Joke Smit-erf en omgeving;GM0505;Dordrecht;NEE;372;37951.0;372;29.3;29.0;48.9;49.0;21.8;22.0;0.0;0.0;cbs_ipf;0;0;0;109;0;0;0;0;69;113;0;0;0;0;34;47;0;0;0;0;0;0;0;0;0.0;0.0;0.0;7516.0;0.0;0.0;0.0;0.0;7860.0;12922.0;0.0;0.0;0.0;0.0;4365.0;5288.0;0.0;0.0;0.0;0.0;0.0;0.0;0.0;0.0
BU05051109;Pearl Buck-erf en omgeving;GM0505;Dordrecht;NEE;1467;134318.0;1467;36.5;37.0;45.6;46.0;17.6;17.0;0.3;0.0;cbs_ipf;0;0;457;79;0;0;0;0;595;74;0;0;0;0;238;20;0;0;0;0;2;2;0;0;0.0;0.0;29875.0;6444.0;0.0;0.0;0.0;0.0;62152.0;7809.0;0.0;0.0;0.0;0.0;25265.0;2285.0;0.0;0.0;0.0;0.0;282.0;206.0;0.0;0.0
BU05051110;Aletta Jacobs-erf en omgeving;GM0505;Dordrecht;NEE;676;73645.0;676;8.9;9.0;66.7;67.0;24.3;24.0;0.1;0.0;cbs_ipf;0;0;0;60;0;0;0;0;0;451;0;0;0;0;0;164;0;0;0;0;0;1;0;0;0.0;0.0;0.0;4872.0;0.0;0.0;0.0;0.0;0.0;49869.0;0.0;0.0;0.0;0.0;0.0;18788.0;0.0;0.0;0.0;0.0;0.0;116.0;0.0;0.0
BU05051111;Johanna Naber-erf en omgeving;GM0505;Dordrecht;NEE;701;75617.0;701;8.7;9.0;63.2;63.0;26.0;26.0;2.1;2.0;cbs_ipf;0;0;0;61;0;0;0;0;0;435;8;0;0;0;0;178;4;0;0;0;0;9;6;0;0.0;0.0;0.0;4776.0;0.0;0.0;0.0;0.0;0.0;45305.0;1438.0;0.0;0.0;0.0;0.0;20661.0;647.0;0.0;0.0;0.0;0.0;1630.0;1160.0;0.0
BU05051900;Weeskinderendijk en Dokweg;GM0505;Dordrecht;NEE;52;4865.0;98;3.8;4.0;63.5;71.0;26.9;21.0;5.8;2.0;cbs_ipf;2;0;0;0;0;0;30;3;0;0;0;0;12;2;0;0;0;0;0;3;0;0;0;0;173.0;0.0;0.0;0.0;0.0;0.0;2514.0;261.0;0.0;0.0;0.0;0.0;1181.0;174.0;0.0;0.0;0.0;0.0;0.0;562.0;0.0;0.0;0.0;0.0
BU05051901;Handelskade en 's-Gravendeelsedijk;GM0505;Dordrecht;NEE;2;192.0;2;0.0;45.0;0.0;n.a.;100.0;n.a.;0.0;n.a.;bag;0;0;0;0;0;0;0;0;0;0;0;0;0;0;2;0;0;0;0;0;0;0;0;0;0.0;0.0;0.0;0.0;0.0;0.0;0.0;0.0;0.0;0.0;0.0;0.0;0.0;0.0;192.0;0.0;0.0;0.0;0.0;0.0;0.0;0.0;0.0;0.0
BU05051903;Louterbloemen;GM0505;Dordrecht;NEE;5;668.0;5;0.0;45.0;0.0;n.a.;40.0;n.a.;60.0;n.a.;bag;0;0;0;0;0;0;0;0;0;0;0;0;0;0;2;0;0;0;0;1;2;0;0;0;0.0;0.0;0.0;0.0;0.0;0.0;0.0;0.0;0.0;0.0;0.0;0.0;0.0;0.0;225.0;0.0;0.0;0.0;0.0;137.0;306.0;0.0;0.0;0.0
BU05051905;Julianahaven;GM0505;Dordrecht;NEE;3;631.0;3;0.0;45.0;0.0;n.a.;0.0;n.a.;100.0;n.a.;bag;0;0;0;0;0;0;0;0;0;0;0;0;0;0;0;0;0;0;2;1;0;0;0;0;0.0;0.0;0.0;0.0;0.0;0.0;0.0;0.0;0.0;0.0;0.0;0.0;0.0;0.0;0.0;0.0;0.0;0.0;236.0;395.0;0.0;0.0;0.0;0.0
BU05051909;Wieldrecht;GM0505;Dordrecht;NEE;69;9273.0;69;0.0;3.0;15.9;19.0;49.3;51.0;34.8;23.0;cbs_ipf;0;0;0;0;0;0;0;9;2;0;0;0;6;26;2;0;0;0;8;7;7;2;0;0;0.0;0.0;0.0;0.0;0.0;0.0;0.0;882.0;212.0;0.0;0.0;0.0;722.0;2504.0;298.0;0.0;0.0;0.0;1715.0;1076.0;1514.0;350.0;0.0;0.0
BU05051910;Dordtse Kil I;GM0505;Dordrecht;NEE;7;1246.0;7;0.0;45.0;0.0;n.a.;0.0;n.a.;100.0;n.a.;bag;0;0;0;0;0;0;0;0;0;0;0;0;0;0;0;0;0;0;4;0;3;0;0;0;0.0;0.0;0.0;0.0;0.0;0.0;0.0;0.0;0.0;0.0;0.0;0.0;0.0;0.0;0.0;0.0;0.0;0.0;801.0;0.0;445.0;0.0;0.0;0.0
BU05051911;Amstelwijck-West;GM0505;Dordrecht;NEE;1;420.0;1;0.0;45.0;0.0;n.a.;0.0;n.a.;100.0;n.a.;bag;0;0;0;0;0;0;0;0;0;0;0;0;0;0;0;0;0;0;0;0;1;0;0;0;0.0;0.0;0.0;0.0;0.0;0.0;0.0;0.0;0.0;0.0;0.0;0.0;0.0;0.0;0.0;0.0;0.0;0.0;0.0;0.0;420.0;0.0;0.0;0.0
BU05051912;Schotman terrein;GM0505;Dordrecht;NEE;9;2001.0;9;0.0;45.0;0.0;n.a.;0.0;n.a.;100.0;n.a.;bag;0;0;0;0;0;0;0;0;0;0;0;0;0;0;0;0;0;0;3;2;2;0;2;0;0.0;0.0;0.0;0.0;0.0;0.0;0.0;0.0;0.0;0.0;0.0;0.0;0.0;0.0;0.0;0.0;0.0;0.0;526.0;561.0;429.0;0.0;485.0;0.0
BU05051914;Amstelwijck;GM0505;Dordrecht;NEE;58;2847.0;2;86.2;45.0;6.9;n.a.;3.4;n.a.;3.4;n.a.;bag;0;0;0;0;0;50;0;0;0;0;0;4;0;0;0;0;0;2;1;0;0;0;1;0;0.0;0.0;0.0;0.0;0.0;2050.0;0.0;0.0;0.0;0.0;0.0;164.0;0.0;0.0;0.0;0.0;0.0;82.0;197.0;0.0;0.0;0.0;354.0;0.0
BU05051915;Tweede Tol;GM0505;Dordrecht;NEE;135;18546.0;137;1.5;1.0;18.5;21.0;47.4;48.0;32.6;28.0;cbs_ipf;0;0;2;0;0;0;0;0;1;0;24;0;37;0;5;0;22;0;24;6;6;7;1;0;0.0;0.0;389.0;0.0;0.0;0.0;0.0;0.0;91.0;0.0;2999.0;0.0;3904.0;0.0;797.0;0.0;2934.0;0.0;4089.0;1012.0;968.0;1128.0;235.0;0.0
BU05051916;Dordtse Kil II;GM0505;Dordrecht;NEE;4;494.0;5;0.0;45.0;0.0;n.a.;50.0;n.a.;50.0;n.a.;bag;0;0;0;0;0;0;0;0;0;0;0;0;2;0;0;0;0;0;0;0;1;1;0;0;0.0;0.0;0.0;0.0;0.0;0.0;0.0;0.0;0.0;0.0;0.0;0.0;198.0;0.0;0.0;0.0;0.0;0.0;0.0;0.0;156.0;140.0;0.0;0.0
BU05051917;Dordtse Kil III;GM0505;Dordrecht;NEE;6;1386.0;5;0.0;45.0;0.0;n.a.;0.0;n.a.;100.0;n.a.;bag;0;0;0;0;0;0;0;0;0;0;0;0;0;0;0;0;0;0;1;2;1;1;1;0;0.0;0.0;0.0;0.0;0.0;0.0;0.0;0.0;0.0;0.0;0.0;0.0;0.0;0.0;0.0;0.0;0.0;0.0;500.0;196.0;213.0;263.0;214.0;0.0
BU05051918;Oostkil;GM0505;Dordrecht;NEE;3;398.0;3;0.0;45.0;0.0;n.a.;0.0;n.a.;100.0;n.a.;bag;0;0;0;0;0;0;0;0;0;0;0;0;0;0;0;0;0;0;2;0;1;0;0;0;0.0;0.0;0.0;0.0;0.0;0.0;0.0;0.0;0.0;0.0;0.0;0.0;0.0;0.0;0.0;0.0;0.0;0.0;297.0;0.0;101.0;0.0;0.0;0.0
BU05051919;Dordtse Kil IV;GM0505;Dordrecht;NEE;1;165.0;4;0.0;45.0;0.0;n.a.;0.0;n.a.;100.0;n.a.;bag;0;0;0;0;0;0;0;0;0;0;0;0;0;0;0;0;0;0;0;0;1;0;0;0;0.0;0.0;0.0;0.0;0.0;0.0;0.0;0.0;0.0;0.0;0.0;0.0;0.0;0.0;0.0;0.0;0.0;0.0;0.0;0.0;165.0;0.0;0.0;0.0
BU05059800;Merwelanden;GM0505;Dordrecht;NEE;15;2284.0;15;0.0;45.0;0.0;n.a.;13.3;n.a.;86.7;n.a.;bag;0;0;0;0;0;0;0;0;0;0;0;0;2;0;0;0;0;0;11;0;1;1;0;0;0.0;0.0;0.0;0.0;0.0;0.0;0.0;0.0;0.0;0.0;0.0;0.0;445.0;0.0;0.0;0.0;0.0;0.0;1574.0;0.0;123.0;142.0;0.0;0.0
BU05059804;Dordtse Biesbosch;GM0505;Dordrecht;NEE;118;19490.0;137;5.9;10.0;4.2;12.0;11.9;10.0;78.0;68.0;cbs_ipf;5;0;2;0;0;0;0;5;0;0;0;0;6;6;0;0;2;0;42;13;14;8;14;1;649.0;0.0;205.0;0.0;0.0;0.0;0.0;761.0;0.0;0.0;0.0;0.0;752.0;815.0;0.0;0.0;191.0;0.0;7461.0;1534.0;2290.0;1557.0;3135.0;140.0
BU05059805;Bovenpolder;GM0505;Dordrecht;NEE;40;6549.0;39;0.0;3.0;0.0;0.0;25.0;31.0;75.0;64.0;cbs_ipf;0;0;0;0;0;0;0;0;0;0;0;0;6;4;0;0;0;0;15;3;2;4;5;1;0.0;0.0;0.0;0.0;0.0;0.0;0.0;0.0;0.0;0.0;0.0;0.0;603.0;456.0;0.0;0.0;0.0;0.0;2603.0;685.0;482.0;608.0;926.0;186.0
BU05230101;Centrum;GM0523;Hardinxveld-Giessendam;NEE;221;23095.0;216;74.2;80.0;4.5;5.0;15.4;9.0;5.9;6.0;cbs_ipf;11;16;5;50;82;0;5;3;0;2;0;0;20;9;1;2;2;0;8;2;2;1;0;0;867.0;1634.0;365.0;3946.0;8157.0;0.0;540.0;346.0;0.0;172.0;0.0;0.0;2655.0;1208.0;86.0;222.0;240.0;0.0;1533.0;293.0;527.0;304.0;0.0;0.0
BU05230102;Wielwijk-zuid;GM0523;Hardinxveld-Giessendam;NEE;1135;127794.0;995;25.3;21.0;42.4;46.0;26.6;26.0;5.7;7.0;cbs_ipf;13;2;175;0;0;97;16;0;419;25;1;20;82;12;172;8;2;26;49;5;4;3;0;4;991.0;287.0;10595.0;0.0;0.0;10630.0;1065.0;0.0;51427.0;4452.0;127.0;2506.0;8174.0;1430.0;21758.0;1651.0;303.0;3657.0;6012.0;719.0;830.0;570.0;0.0;610.0
BU05230103;Wielwijk-noord;GM0523;Hardinxveld-Giessendam;NEE;449;60670.0;450;0.0;0.0;44.1;44.0;33.0;33.0;22.9;23.0;cbs_ipf;0;0;0;0;0;0;0;0;190;6;2;0;36;2;94;8;8;0;64;5;21;7;6;0;0.0;0.0;0.0;0.0;0.0;0.0;0.0;0.0;23875.0;1306.0;236.0;0.0;3965.0;232.0;12026.0;1545.0;1147.0;0.0;7580.0;832.0;4610.0;1981.0;1335.0;0.0
BU05230104;Giessenzoom;GM0523;Hardinxveld-Giessendam;NEE;9;1118.0;7;0.0;25.0;0.0;n.a.;22.2;n.a.;77.8;n.a.;bag;0;0;0;0;0;0;0;0;0;0;0;0;1;1;0;0;0;0;1;1;0;3;2;0;0.0;0.0;0.0;0.0;0.0;0.0;0.0;0.0;0.0;0.0;0.0;0.0;98.0;31.0;0.0;0.0;0.0;0.0;139.0;80.0;0.0;538.0;232.0;0.0
BU05230105;Parallelweg;GM0523;Hardinxveld-Giessendam;NEE;118;16892.0;113;0.0;2.0;0.0;0.0;42.4;44.0;57.6;54.0;cbs_ipf;0;0;0;0;0;0;0;0;0;0;0;0;24;15;5;0;4;2;29;4;10;11;10;4;0.0;0.0;0.0;0.0;0.0;0.0;0.0;0.0;0.0;0.0;0.0;0.0;2337.0;1790.0;559.0;0.0;814.0;403.0;3416.0;541.0;1959.0;2113.0;2172.0;788.0
BU05230106;Bedrijventerrein Nieuweweg;GM0523;Hardinxveld-Giessendam;NEE;14;2371.0;15;0.0;25.0;0.0;n.a.;0.0;n.a.;100.0;n.a.;bag;0;0;0;0;0;0;0;0;0;0;0;0;0;0;0;0;0;0;0;1;1;12;0;0;0.0;0.0;0.0;0.0;0.0;0.0;0.0;0.0;0.0;0.0;0.0;0.0;0.0;0.0;0.0;0.0;0.0;0.0;0.0;205.0;81.0;2085.0;0.0;0.0
BU05230107;Bedrijventerrein Langeveer;GM0523;Hardinxveld-Giessendam;NEE;69;8104.0;69;15.9;36.0;14.5;6.0;46.4;32.0;23.2;26.0;cbs_ipf;11;0;0;0;0;0;8;1;0;0;1;0;24;6;0;0;2;0;10;4;2;0;0;0;963.0;0.0;0.0;0.0;0.0;0.0;659.0;149.0;0.0;0.0;98.0;0.0;2434.0;892.0;0.0;0.0;331.0;0.0;1256.0;866.0;456.0;0.0;0.0;0.0
BU05230108;De Sluisweg;GM0523;Hardinxveld-Giessendam;NEE;161;17675.0;162;1.2;3.0;0.6;0.0;77.0;75.0;21.1;22.0;cbs_ipf;0;2;0;0;0;0;0;1;0;0;0;0;68;54;0;0;2;0;22;4;2;4;2;0;0.0;342.0;0.0;0.0;0.0;0.0;0.0;141.0;0.0;0.0;0.0;0.0;6803.0;4739.0;0.0;0.0;337.0;0.0;2857.0;415.0;427.0;1126.0;488.0;0.0
BU05230201;Bedrijventerrein De Peulen;GM0523;Hardinxveld-Giessendam;NEE;13;1504.0;13;0.0;25.0;15.4;n.a.;30.8;n.a.;53.8;n.a.;bag;0;0;0;0;0;0;2;0;0;0;0;0;4;0;0;0;0;0;2;1;2;1;1;0;0.0;0.0;0.0;0.0;0.0;0.0;156.0;0.0;0.0;0.0;0.0;0.0;435.0;0.0;0.0;0.0;0.0;0.0;328.0;42.0;201.0;174.5;168.0;0.0
BU05230202;De Peulen-Oost;GM0523;Hardinxveld-Giessendam;NEE;1359;138226.0;1359;47.7;48.0;27.7;28.0;20.4;21.0;4.2;4.0;cbs_ipf;0;66;368;54;160;0;8;122;163;18;66;0;16;138;67;7;49;0;16;18;11;2;9;1;0.0;4026.0;28204.0;5145.0;12842.0;0.0;701.0;11570.0;21887.0;2808.0;8476.0;0.0;1982.0;13308.0;9701.0;1306.0;7200.0;0.0;2189.0;2482.0;2252.0;282.0;1584.0;281.0
BU05230301;BH west;GM0523;Hardinxveld-Giessendam;NEE;797;75623.0;796;24.5;25.0;30.5;31.0;36.1;36.0;8.9;9.0;cbs_ipf;3;0;176;12;4;0;1;61;131;8;42;0;92;70;79;7;40;0;54;3;6;5;3;0;184.0;0.0;10661.0;794.0;282.0;0.0;104.0;5259.0;13172.0;736.0;5272.0;0.0;8716.0;6743.0;8545.0;653.0;5108.0;0.0;6510.0;402.0;1145.0;865.0;472.0;0.0
BU05230302;BH oost;GM0523;Hardinxveld-Giessendam;NEE;667;69131.0;628;32.5;33.0;31.6;32.0;27.3;27.0;8.5;9.0;cbs_ipf;6;0;14;163;34;0;12;96;52;14;27;10;38;64;41;8;27;4;27;4;12;11;3;0;412.0;0.0;959.0;12659.0;4060.0;0.0;1290.0;8299.0;4947.0;1873.0;3353.0;650.0;5244.0;6205.0;4522.0;1185.0;3892.0;260.0;4549.0;508.0;2052.0;1794.0;418.0;0.0
BU05230303;Tienmorgen;GM0523;Hardinxveld-Giessendam;NEE;259;36045.0;259;1.9;3.0;36.7;36.0;36.3;36.0;25.1;25.0;cbs_ipf;0;0;0;0;5;0;0;0;0;74;21;0;2;0;0;70;22;0;3;0;0;31;31;0;0.0;0.0;0.0;0.0;712.0;0.0;0.0;0.0;0.0;8184.0;2769.0;0.0;292.0;0.0;0.0;9058.0;3029.0;0.0;572.0;0.0;0.0;5313.0;6116.0;0.0
BU05230304;Tienmorgen Buitengebied;GM0523;Hardinxveld-Giessendam;NEE;1;79.0;1;0.0;25.0;0.0;n.a.;0.0;n.a.;100.0;n.a.;bag;0;0;0;0;0;0;0;0;0;0;0;0;0;0;0;0;0;0;0;0;1;0;0;0;0.0;0.0;0.0;0.0;0.0;0.0;0.0;0.0;0.0;0.0;0.0;0.0;0.0;0.0;0.0;0.0;0.0;0.0;0.0;0.0;79.0;0.0;0.0;0.0
BU05230305;Rvierdijk oost;GM0523;Hardinxveld-Giessendam;NEE;194;28309.0;195;8.2;13.0;1.0;1.0;43.8;40.0;46.9;46.0;cbs_ipf;0;0;0;16;0;0;0;0;1;1;0;0;55;9;5;9;7;0;45;4;7;18;17;0;0.0;0.0;0.0;2453.0;0.0;0.0;0.0;0.0;188.0;200.0;0.0;0.0;6138.0;999.0;832.0;1526.0;1110.0;0.0;5121.0;828.0;1630.0;3776.0;3508.0;0.0
BU05230306;Rivierdijk west;GM0523;Hardinxveld-Giessendam;NEE;113;13991.0;107;2.7;4.0;6.2;5.0;31.9;30.0;59.3;62.0;cbs_ipf;0;0;0;0;3;0;5;0;0;0;2;0;28;1;1;0;4;2;37;1;6;12;11;0;0.0;0.0;0.0;0.0;228.0;0.0;467.0;0.0;0.0;0.0;104.0;0.0;2725.0;120.0;60.0;0.0;426.0;334.0;4391.0;167.0;875.0;1867.0;2227.0;0.0
BU05230307;Bedrijventerrein Buitenwei;GM0523;Hardinxveld-Giessendam;NEE;15;2498.0;15;0.0;25.0;20.0;n.a.;40.0;n.a.;40.0;n.a.;bag;0;0;0;0;0;0;0;0;3;0;0;0;2;0;4;0;0;0;0;2;2;1;1;0;0.0;0.0;0.0;0.0;0.0;0.0;0.0;0.0;364.0;0.0;0.0;0.0;368.0;0.0;590.0;0.0;0.0;0.0;0.0;302.0;560.0;239.0;75.0;0.0
BU05230309;Buitengebied BH;GM0523;Hardinxveld-Giessendam;NEE;2;852.0;2;0.0;25.0;0.0;n.a.;0.0;n.a.;100.0;n.a.;bag;0;0;0;0;0;0;0;0;0;0;0;0;0;0;0;0;0;0;2;0;0;0;0;0;0.0;0.0;0.0;0.0;0.0;0.0;0.0;0.0;0.0;0.0;0.0;0.0;0.0;0.0;0.0;0.0;0.0;0.0;852.0;0.0;0.0;0.0;0.0;0.0
BU05230310;Avelinge diep;GM0523;Hardinxveld-Giessendam;NEE;5;673.0;5;0.0;25.0;0.0;n.a.;40.0;n.a.;60.0;n.a.;bag;0;0;0;0;0;0;0;0;0;0;0;0;0;0;0;2;0;0;0;0;0;3;0;0;0.0;0.0;0.0;0.0;0.0;0.0;0.0;0.0;0.0;0.0;0.0;0.0;0.0;0.0;0.0;130.0;0.0;0.0;0.0;0.0;0.0;543.0;0.0;0.0
BU05230401;Giessendam-West;GM0523;Hardinxveld-Giessendam;NEE;1512;183003.0;1424;21.9;21.0;31.0;33.0;29.6;28.0;17.6;18.0;cbs_ipf;5;10;42;170;39;65;43;39;78;296;8;4;79;51;55;233;17;12;82;18;16;129;21;0;391.0;1115.0;2958.0;13044.0;3079.0;5820.0;3812.0;3635.0;8164.0;34795.0;848.0;500.0;10139.0;5230.0;6309.0;32680.0;2486.0;1558.0;12154.0;2842.0;3225.0;24281.0;3938.0;0.0
BU05230402;Blauwe Zoom;GM0523;Hardinxveld-Giessendam;NEE;460;63982.0;406;13.7;16.0;32.8;29.0;32.4;31.0;21.1;24.0;cbs_ipf;2;0;0;0;55;6;3;0;0;1;120;27;24;1;5;6;95;18;25;3;17;15;34;3;201.0;0.0;0.0;0.0;4295.0;420.0;272.0;0.0;0.0;109.0;15088.0;2853.0;3156.0;115.0;900.0;845.0;14984.0;2554.0;3873.0;325.0;3400.0;2558.0;7338.0;696.0
BU05230403;Giessendam Over 't Spoor;GM0523;Hardinxveld-Giessendam;NEE;355;43481.0;356;0.0;4.0;17.2;18.0;64.5;59.0;18.3;18.0;cbs_ipf;0;0;0;0;0;0;25;5;0;15;16;0;148;35;13;19;14;0;32;8;5;13;7;0;0.0;0.0;0.0;0.0;0.0;0.0;2026.0;419.0;0.0;1674.0;1863.0;0.0;15803.0;3913.0;2356.0;2464.0;2002.0;0.0;4625.0;1276.0;909.0;2819.0;1332.0;0.0
BU05230404;Giessendam Het oog;GM0523;Hardinxveld-Giessendam;NEE;6;1080.0;6;0.0;25.0;0.0;n.a.;16.7;n.a.;83.3;n.a.;bag;0;0;0;0;0;0;0;0;0;0;0;0;1;0;0;0;0;0;0;0;3;2;0;0;0.0;0.0;0.0;0.0;0.0;0.0;0.0;0.0;0.0;0.0;0.0;0.0;131.0;0.0;0.0;0.0;0.0;0.0;0.0;0.0;558.0;391.0;0.0;0.0
BU05230405;Buitengebied Giessendam;GM0523;Hardinxveld-Giessendam;NEE;25;4625.0;24;0.0;8.0;0.0;0.0;24.0;17.0;76.0;75.0;cbs_ipf;0;0;0;0;0;0;0;0;0;0;0;0;0;0;2;4;0;0;1;0;14;3;0;1;0.0;0.0;0.0;0.0;0.0;0.0;0.0;0.0;0.0;0.0;0.0;0.0;0.0;0.0;403.0;549.0;0.0;0.0;54.0;0.0;2892.0;632.0;0.0;95.0
BU05310101;Dorp;GM0531;Hendrik-Ido-Ambacht;NEE;1937;223679.0;1934;17.2;18.0;48.5;50.0;26.7;26.0;7.5;7.0;cbs_ipf;0;36;192;92;14;0;11;641;255;33;0;0;59;290;128;41;0;0;49;12;28;45;11;0;0.0;2664.0;14592.0;7657.0;769.0;0.0;1169.0;67277.0;30554.0;5029.0;0.0;0.0;6134.0;32554.0;17247.0;6205.0;0.0;0.0;10442.0;1679.0;7443.0;9482.0;2782.0;0.0
BU05310102;Oostendam;GM0531;Hendrik-Ido-Ambacht;NEE;1616;167102.0;1501;43.3;41.0;30.1;33.0;20.4;21.0;6.2;6.0;cbs_ipf;0;174;240;78;148;59;45;296;24;33;44;45;88;162;23;16;28;12;43;30;12;2;14;0;0.0;14483.0;18984.0;6447.0;15462.0;4441.0;4114.0;26955.0;2995.0;4353.0;6181.0;4910.0;9417.0;17351.0;3129.0;2225.0;4311.0;1320.0;8124.0;5407.0;2451.0;804.0;3238.0;0.0
BU05310103;Kruiswiel;GM0531;Hendrik-Ido-Ambacht;NEE;1357;154795.0;1347;34.5;35.0;34.8;36.0;25.9;25.0;4.8;4.0;cbs_ipf;4;0;394;70;0;0;6;30;428;4;0;4;69;24;251;4;2;2;28;1;27;5;3;1;343.0;0.0;28055.0;2860.0;0.0;0.0;475.0;2440.0;59638.0;516.0;0.0;454.0;7543.0;2267.0;36777.0;901.0;340.0;244.0;4102.0;156.0;5964.0;917.0;592.0;211.0
BU05310201;Krommeweg-Noord;GM0531;Hendrik-Ido-Ambacht;NEE;1159;129442.0;1159;27.6;28.0;48.5;49.0;21.8;21.0;2.1;2.0;cbs_ipf;0;0;18;302;0;0;0;0;217;345;0;0;0;0;96;157;0;0;0;0;11;13;0;0;0.0;0.0;1438.0;21669.0;0.0;0.0;0.0;0.0;27546.0;40734.0;0.0;0.0;0.0;0.0;13456.0;19638.0;0.0;0.0;0.0;0.0;2527.0;2434.0;0.0;0.0
BU05310202;Krommeweg-Zuid;GM0531;Hendrik-Ido-Ambacht;NEE;1521;172431.0;1521;7.8;9.0;63.8;64.0;27.2;26.0;1.2;1.0;cbs_ipf;0;0;119;0;0;0;0;0;817;117;36;0;0;0;360;35;18;0;0;0;14;0;5;0;0.0;0.0;7304.0;0.0;0.0;0.0;0.0;0.0;93863.0;12505.0;4831.0;0.0;0.0;0.0;42628.0;4289.0;3052.0;0.0;0.0;0.0;2603.0;0.0;1356.0;0.0
BU05310203;De Sandeling;GM0531;Hendrik-Ido-Ambacht;NEE;552;69430.0;551;21.2;22.0;54.7;54.0;18.1;17.0;6.0;6.0;cbs_ipf;0;0;0;117;0;0;0;0;0;302;0;0;0;0;0;100;0;0;0;0;1;30;1;1;0.0;0.0;0.0;10593.0;0.0;0.0;0.0;0.0;0.0;37805.0;0.0;0.0;0.0;0.0;0.0;14693.0;0.0;0.0;0.0;0.0;205.0;5953.0;166.0;15.0
BU05310204;Ambachtszone;GM0531;Hendrik-Ido-Ambacht;NEE;32;6574.0;30;0.0;3.0;0.0;0.0;25.0;23.0;75.0;73.0;cbs_ipf;0;0;0;0;0;0;0;0;0;0;0;0;4;2;0;0;0;2;7;2;5;4;6;0;0.0;0.0;0.0;0.0;0.0;0.0;0.0;0.0;0.0;0.0;0.0;0.0;466.0;346.0;0.0;0.0;0.0;1278.0;1200.0;348.0;873.0;796.0;1267.0;0.0
BU05310301;Volgerlanden-West;GM0531;Hendrik-Ido-Ambacht;NEE;2864;365064.0;2864;24.1;25.0;47.6;47.0;21.2;20.0;7.2;7.0;cbs_ipf;0;0;0;53;636;0;0;0;0;445;917;0;10;0;0;221;377;0;4;0;3;78;120;0;0.0;0.0;0.0;5793.0;61576.0;0.0;0.0;0.0;0.0;53859.0;112355.0;0.0;941.0;0.0;0.0;32358.0;54866.0;0.0;462.0;0.0;1209.0;15167.0;26478.0;0.0
BU05310302;Volgerlanden-Oost;GM0531;Hendrik-Ido-Ambacht;NEE;1999;282113.0;1797;13.4;16.0;43.0;43.0;31.1;29.0;12.5;12.0;cbs_ipf;0;0;0;0;268;0;6;0;0;45;728;80;15;8;0;29;486;84;26;5;15;10;161;33;0.0;0.0;0.0;0.0;26562.0;0.0;413.0;0.0;0.0;5024.0;88946.0;9526.0;2007.0;1024.0;0.0;4030.0;74341.0;12064.0;4065.0;987.0;3458.0;2431.0;39391.0;7844.0
BU05310400;Sandelingen-Ambacht;GM0531;Hendrik-Ido-Ambacht;NEE;96;22730.0;90;0.0;0.0;25.0;27.0;16.7;20.0;58.3;53.0;cbs_ipf;0;0;0;0;0;0;0;0;0;0;24;0;4;0;0;0;12;0;11;6;9;8;17;5;0.0;0.0;0.0;0.0;0.0;0.0;0.0;0.0;0.0;0.0;3508.0;0.0;1352.0;0.0;0.0;0.0;1998.0;0.0;3437.5;2024.0;2023.0;1895.0;5020.0;1472.0
BU05310501;Antoniapolder;GM0531;Hendrik-Ido-Ambacht;NEE;37;7588.0;36;0.0;14.0;8.1;11.0;37.8;41.0;54.1;31.0;cbs_ipf;0;0;0;0;0;0;2;1;0;0;0;0;12;2;0;0;0;0;4;4;8;3;1;0;0.0;0.0;0.0;0.0;0.0;0.0;270.0;110.0;0.0;0.0;0.0;0.0;1763.0;219.0;0.0;0.0;0.0;0.0;997.0;677.0;2110.0;1369.0;73.0;0.0
BU05310502;Noordoevers;GM0531;Hendrik-Ido-Ambacht;NEE;16;2959.0;14;0.0;24.0;0.0;n.a.;25.0;n.a.;75.0;n.a.;bag;0;0;0;0;0;0;0;0;0;0;0;0;4;0;0;0;0;0;3;3;5;0;0;1;0.0;0.0;0.0;0.0;0.0;0.0;0.0;0.0;0.0;0.0;0.0;0.0;557.0;0.0;0.0;0.0;0.0;0.0;450.0;685.0;995.0;0.0;0.0;272.0
BU05900101;De Boezem;GM0590;Papendrecht;NEE;363;42449.0;363;26.4;26.0;39.4;39.0;23.1;24.0;11.0;11.0;cbs_ipf;0;0;96;0;0;0;0;0;117;26;0;0;2;0;48;34;0;0;4;0;0;36;0;0;0.0;0.0;8736.0;0.0;0.0;0.0;0.0;0.0;11990.0;3528.0;0.0;0.0;192.0;0.0;4898.0;5500.0;0.0;0.0;534.0;0.0;0.0;7071.0;0.0;0.0
BU05900102;Schildersbuurt;GM0590;Papendrecht;NEE;1139;135184.0;1138;21.4;21.0;59.4;60.0;18.4;17.0;0.8;1.0;cbs_ipf;0;0;217;27;0;0;0;68;608;0;0;0;0;20;190;0;0;0;0;2;6;0;1;0;0.0;0.0;14852.0;1937.0;0.0;0.0;0.0;8235.0;79296.0;0.0;0.0;0.0;0.0;2558.0;25744.0;0.0;0.0;0.0;0.0;637.0;1418.0;0.0;507.0;0.0
BU05900103;Schrijversbuurt;GM0590;Papendrecht;NEE;847;88028.0;846;24.4;29.0;45.6;42.0;25.5;24.0;4.5;4.0;cbs_ipf;4;8;168;27;0;0;3;171;212;0;0;0;39;79;88;2;8;0;16;4;1;12;4;1;955.0;424.0;12132.0;3299.0;0.0;0.0;334.0;15174.0;22404.0;0.0;0.0;0.0;5050.0;7392.0;10025.0;392.0;1451.0;0.0;3640.0;981.0;157.0;2726.0;1303.0;189.0
BU05900104;Den Briel;GM0590;Papendrecht;NEE;208;18297.0;208;99.0;100.0;0.0;0.0;1.0;0.0;0.0;0.0;cbs_ipf;0;0;176;0;30;0;0;0;0;0;0;0;0;2;0;0;0;0;0;0;0;0;0;0;0.0;0.0;15312.0;0.0;2730.0;0.0;0.0;0.0;0.0;0.0;0.0;0.0;0.0;255.0;0.0;0.0;0.0;0.0;0.0;0.0;0.0;0.0;0.0;0.0
BU05900105;Erasmusbuurt;GM0590;Papendrecht;NEE;654;58500.0;644;46.6;46.0;34.1;35.0;19.3;19.0;0.0;0.0;cbs_ipf;0;209;96;0;0;0;0;214;8;1;0;0;0;120;6;0;0;0;0;0;0;0;0;0;0.0;14633.0;6542.0;0.0;0.0;0.0;0.0;21905.0;868.0;122.0;0.0;0.0;0.0;13497.0;933.0;0.0;0.0;0.0;0.0;0.0;0.0;0.0;0.0;0.0
BU05900106;Het Eiland;GM0590;Papendrecht;NEE;614;77262.0;614;68.6;69.0;15.6;15.0;12.7;13.0;3.1;3.0;cbs_ipf;0;0;0;44;377;0;39;25;0;18;14;0;36;16;0;8;18;0;14;4;0;0;1;0;0.0;0.0;0.0;4942.0;44738.0;0.0;4347.0;2454.0;0.0;2731.0;2163.0;0.0;5180.0;1859.0;0.0;1350.0;3073.0;0.0;3100.0;1016.0;0.0;0.0;309.0;0.0
BU05900107;Centrum;GM0590;Papendrecht;NEE;680;59612.0;673;81.3;84.0;8.1;7.0;6.6;4.0;4.0;4.0;cbs_ipf;5;0;121;199;228;0;0;1;8;29;17;0;13;2;8;7;15;0;16;1;3;1;6;0;333.0;0.0;8568.0;10788.0;20255.0;0.0;0.0;70.0;1300.0;3323.0;2048.0;0.0;1627.0;140.0;1332.0;1338.0;2124.0;0.0;3078.0;294.0;1431.0;189.5;1374.0;0.0
BU05900201;Molenbuurt;GM0590;Papendrecht;NEE;881;114637.0;876;13.1;14.0;56.4;56.0;27.5;27.0;3.1;3.0;cbs_ipf;0;0;115;0;0;0;0;0;492;5;0;0;0;0;238;4;0;0;0;0;25;2;0;0;0.0;0.0;9518.0;0.0;0.0;0.0;0.0;0.0;64294.0;988.0;0.0;0.0;0.0;0.0;32281.0;755.0;0.0;0.0;0.0;0.0;6244.0;557.0;0.0;0.0
BU05900202;Achterdijk;GM0590;Papendrecht;NEE;499;61969.0;499;0.0;5.0;68.7;65.0;28.5;27.0;2.8;3.0;cbs_ipf;0;0;0;0;0;0;0;0;343;0;0;0;0;0;142;0;0;0;0;0;7;7;0;0;0.0;0.0;0.0;0.0;0.0;0.0;0.0;0.0;40774.0;0.0;0.0;0.0;0.0;0.0;18927.0;0.0;0.0;0.0;0.0;0.0;944.0;1324.0;0.0;0.0
BU05900301;Kraaihoek Noord;GM0590;Papendrecht;NEE;1169;118631.0;1167;42.4;49.0;38.0;37.0;19.2;14.0;0.4;0.0;cbs_ipf;0;126;220;105;45;0;0;148;3;185;108;0;0;88;3;100;33;0;0;2;1;2;0;0;0.0;11718.0;14207.0;9637.0;4615.0;0.0;0.0;13104.0;293.0;21693.0;15607.0;0.0;0.0;7996.0;303.0;13523.0;5300.0;0.0;0.0;332.0;55.0;248.0;0.0;0.0
BU05900302;Kraaihoek Zuid;GM0590;Papendrecht;NEE;1112;96798.0;975;29.8;29.0;47.1;48.0;21.6;22.0;1.5;2.0;cbs_ipf;0;38;78;111;45;59;0;420;6;36;0;62;6;190;2;26;0;16;1;11;0;5;0;0;0.0;2276.0;3588.0;7203.0;4620.0;4159.0;0.0;35522.0;791.0;4999.0;0.0;6226.0;558.0;17376.0;297.0;3588.0;0.0;1624.0;336.0;1731.0;0.0;1904.0;0.0;0.0
BU05900303;Pontonniersbuurt;GM0590;Papendrecht;NEE;425;46100.0;426;62.6;62.0;18.8;19.0;13.2;13.0;5.4;6.0;cbs_ipf;0;0;0;266;0;0;3;0;0;77;0;0;23;0;1;32;0;0;17;1;0;3;2;0;0.0;0.0;0.0;23882.0;0.0;0.0;356.0;0.0;0.0;9403.0;0.0;0.0;3097.0;0.0;666.0;4154.0;0.0;0.0;3423.0;237.0;0.0;480.0;402.0;0.0
BU05900304;Het Zand;GM0590;Papendrecht;NEE;233;23240.0;233;9.9;12.0;56.7;56.0;32.6;31.0;0.9;1.0;cbs_ipf;0;0;23;0;0;0;54;0;78;0;0;0;42;0;34;0;0;0;1;0;1;0;0;0;0.0;0.0;1693.0;0.0;0.0;0.0;4264.0;0.0;9319.0;0.0;0.0;0.0;3576.0;0.0;3989.0;0.0;0.0;0.0;133.0;0.0;266.0;0.0;0.0;0.0
BU05900401;Staatsliedenbuurt;GM0590;Papendrecht;NEE;881;99221.0;881;38.1;38.0;45.1;47.0;16.3;15.0;0.5;0.0;cbs_ipf;0;0;300;0;36;0;0;0;397;0;0;0;0;0;144;0;0;0;0;0;4;0;0;0;0.0;0.0;24762.0;0.0;3698.0;0.0;0.0;0.0;49939.0;0.0;0.0;0.0;0.0;0.0;19698.0;0.0;0.0;0.0;0.0;0.0;1124.0;0.0;0.0;0.0
BU05900402;Zeeheldenbuurt;GM0590;Papendrecht;NEE;296;33915.0;296;43.9;45.0;17.2;18.0;21.6;21.0;17.2;17.0;cbs_ipf;0;0;130;0;0;0;8;18;22;3;0;0;22;18;20;4;0;0;32;2;10;6;1;0;0.0;0.0;8423.0;0.0;0.0;0.0;1198.0;2023.0;2770.0;489.0;0.0;0.0;2924.0;2015.0;2987.0;878.0;0.0;0.0;5902.0;390.0;2339.0;1284.0;293.0;0.0
BU05900501;Oostdonk;GM0590;Papendrecht;NEE;718;89255.0;718;5.2;5.0;59.7;60.0;31.5;31.0;3.6;4.0;cbs_ipf;0;0;0;37;0;0;0;0;0;424;5;0;0;0;0;224;2;0;0;0;0;17;9;0;0.0;0.0;0.0;2579.0;0.0;0.0;0.0;0.0;0.0;50136.0;542.0;0.0;0.0;0.0;0.0;31094.0;210.0;0.0;0.0;0.0;0.0;3664.0;1030.0;0.0
BU05900502;Zuiddonk;GM0590;Papendrecht;NEE;1007;96511.0;1008;28.3;28.0;55.6;56.0;16.1;16.0;0.0;0.0;cbs_ipf;0;0;192;93;0;0;0;0;452;108;0;0;0;0;150;12;0;0;0;0;0;0;0;0;0.0;0.0;13651.0;6409.0;0.0;0.0;0.0;0.0;48667.0;10201.0;0.0;0.0;0.0;0.0;16355.0;1228.0;0.0;0.0;0.0;0.0;0.0;0.0;0.0;0.0
BU05900503;Westdonk;GM0590;Papendrecht;NEE;710;86201.0;710;19.4;20.0;51.1;51.0;24.2;24.0;5.2;5.0;cbs_ipf;0;0;0;138;0;0;0;0;0;363;0;0;0;0;0;172;0;0;0;0;0;37;0;0;0.0;0.0;0.0;9880.0;0.0;0.0;0.0;0.0;0.0;44413.0;0.0;0.0;0.0;0.0;0.0;24395.0;0.0;0.0;0.0;0.0;0.0;7513.0;0.0;0.0
BU05900601;De Kooy;GM0590;Papendrecht;NEE;610;65167.0;608;45.2;45.0;30.3;32.0;16.7;16.0;7.7;7.0;cbs_ipf;0;0;245;0;31;0;2;0;179;4;0;0;6;0;96;0;0;0;17;1;5;21;0;3;0.0;0.0;22724.0;0.0;1546.0;0.0;214.0;0.0;20426.0;661.0;0.0;0.0;696.0;0.0;11769.0;0.0;0.0;0.0;2590.0;113.0;1177.0;2775.0;0.0;476.0
BU05900602;Bedrijventerrein Oosteind en Ketel;GM0590;Papendrecht;NEE;11;1665.0;12;0.0;34.0;0.0;n.a.;18.2;n.a.;81.8;n.a.;bag;0;0;0;0;0;0;0;0;0;0;0;0;0;0;2;0;0;0;0;3;5;1;0;0;0.0;0.0;0.0;0.0;0.0;0.0;0.0;0.0;0.0;0.0;0.0;0.0;0.0;0.0;293.0;0.0;0.0;0.0;0.0;412.0;838.0;122.0;0.0;0.0
BU05900702;Zuidkil Kwartier;GM0590;Papendrecht;NEE;657;91878.0;657;14.3;15.0;45.5;46.0;32.6;32.0;7.6;8.0;cbs_ipf;0;0;0;43;51;0;0;0;0;247;52;0;0;0;0;186;28;0;0;0;0;36;14;0;0.0;0.0;0.0;3563.0;2270.0;0.0;0.0;0.0;0.0;32937.0;7606.0;0.0;0.0;0.0;0.0;29601.0;5343.0;0.0;0.0;0.0;0.0;7485.0;3073.0;0.0
BU05900703;Noordkil Kwartier;GM0590;Papendrecht;NEE;744;89070.0;744;24.7;26.0;59.4;59.0;14.5;14.0;1.3;1.0;cbs_ipf;0;0;0;95;89;0;0;0;0;288;154;0;0;0;0;76;32;0;0;0;0;10;0;0;0.0;0.0;0.0;8233.0;7801.0;0.0;0.0;0.0;0.0;37040.0;19258.0;0.0;0.0;0.0;0.0;10621.0;4093.0;0.0;0.0;0.0;0.0;2024.0;0.0;0.0
BU05900704;Land van Matena;GM0590;Papendrecht;NEE;144;25417.0;144;27.8;28.0;16.0;16.0;33.3;34.0;22.9;23.0;cbs_ipf;0;0;0;0;40;0;0;0;0;0;23;0;0;0;0;0;48;0;0;0;0;0;33;0;0.0;0.0;0.0;0.0;3860.0;0.0;0.0;0.0;0.0;0.0;3794.0;0.0;0.0;0.0;0.0;0.0;9696.0;0.0;0.0;0.0;0.0;0.0;8067.0;0.0
BU05900705;Landschapspark Tiendzone;GM0590;Papendrecht;NEE;88;16498.0;89;0.0;2.0;8.0;8.0;36.4;32.0;55.7;58.0;cbs_ipf;0;0;0;0;0;0;5;1;0;0;1;0;26;2;0;0;4;0;17;2;1;3;26;0;0.0;0.0;0.0;0.0;0.0;0.0;599.0;131.0;0.0;0.0;58.0;0.0;3793.0;219.0;0.0;0.0;604.0;0.0;4085.0;265.0;204.0;422.0;6118.0;0.0
BU05900801;Alblasserbos Oost;GM0590;Papendrecht;NEE;8;2248.0;8;0.0;34.0;0.0;n.a.;0.0;n.a.;100.0;n.a.;bag;0;0;0;0;0;0;0;0;0;0;0;0;0;0;0;0;0;0;0;1;1;6;0;0;0.0;0.0;0.0;0.0;0.0;0.0;0.0;0.0;0.0;0.0;0.0;0.0;0.0;0.0;0.0;0.0;0.0;0.0;0.0;138.0;88.0;2022.0;0.0;0.0
BU06100101;Baanhoek-West;GM0610;Sliedrecht;NEE;874;107442.0;777;25.2;25.0;48.2;49.0;23.3;22.0;3.3;3.0;cbs_ipf;2;0;0;0;189;29;11;0;0;0;373;37;28;0;0;0;150;26;11;3;0;0;13;2;702.0;0.0;0.0;0.0;15259.0;2450.0;874.0;0.0;0.0;0.0;47452.0;5306.0;3209.0;0.0;0.0;0.0;22698.0;3939.0;1908.0;456.0;0.0;0.0;2825.0;364.0
BU06100102;Baanhoek-Bedrijven;GM0610;Sliedrecht;NEE;16;2060.0;19;12.5;38.0;18.8;n.a.;43.8;n.a.;25.0;n.a.;bag;0;2;0;0;0;0;3;0;0;0;0;0;3;1;0;2;1;0;2;0;1;1;0;0;0.0;192.0;0.0;0.0;0.0;0.0;229.0;0.0;0.0;0.0;0.0;0.0;222.0;117.0;0.0;360.0;104.0;0.0;380.0;0.0;246.0;210.0;0.0;0.0
BU06100103;De Weren;GM0610;Sliedrecht;NEE;701;80286.0;701;20.1;20.0;46.5;54.0;31.2;24.0;2.1;2.0;cbs_ipf;0;0;141;0;0;0;0;0;279;47;0;0;0;0;139;80;0;0;0;0;5;10;0;0;0.0;0.0;11508.0;0.0;0.0;0.0;0.0;0.0;32513.0;6404.0;0.0;0.0;0.0;0.0;15773.0;11303.0;0.0;0.0;0.0;0.0;1100.0;1685.0;0.0;0.0
BU06100104;Benedenveer;GM0610;Sliedrecht;NEE;105;26162.0;104;15.2;17.0;13.3;10.0;55.2;57.0;16.2;16.0;cbs_ipf;0;0;0;0;16;0;0;0;0;0;14;0;6;0;0;2;50;0;2;1;4;0;10;0;0.0;0.0;0.0;0.0;5018.0;0.0;0.0;0.0;0.0;0.0;2436.0;0.0;1420.0;0.0;0.0;449.0;13336.0;0.0;161.0;70.0;904.0;0.0;2368.0;0.0
BU06100105;Baanhoek-Oost;GM0610;Sliedrecht;NEE;154;20440.0;156;5.2;5.0;15.6;16.0;40.3;39.0;39.0;38.0;cbs_ipf;2;0;0;0;6;0;18;0;0;4;2;0;43;5;2;10;2;0;39;9;3;4;5;0;191.0;0.0;0.0;0.0;607.0;0.0;1691.0;0.0;0.0;675.0;222.0;0.0;4765.0;692.0;315.0;1724.0;222.0;0.0;5577.0;1329.0;592.0;911.0;927.0;0.0
BU06100106;Prickwaert en Weresteijn;GM0610;Sliedrecht;NEE;273;36993.0;273;0.0;0.0;50.5;52.0;46.2;44.0;3.3;3.0;cbs_ipf;0;0;0;0;0;0;0;0;138;0;0;0;0;0;126;0;0;0;0;0;9;0;0;0;0.0;0.0;0.0;0.0;0.0;0.0;0.0;0.0;17850.0;0.0;0.0;0.0;0.0;0.0;16519.0;0.0;0.0;0.0;0.0;0.0;2624.0;0.0;0.0;0.0
BU06100107;De Hoven;GM0610;Sliedrecht;NEE;313;31706.0;313;33.9;34.0;41.9;42.0;23.0;23.0;1.3;1.0;cbs_ipf;0;0;106;0;0;0;0;0;128;3;0;0;0;2;64;6;0;0;0;0;1;3;0;0;0.0;0.0;6455.0;0.0;0.0;0.0;0.0;0.0;15274.0;339.0;0.0;0.0;0.0;174.0;7816.0;766.0;0.0;0.0;0.0;0.0;375.0;507.0;0.0;0.0
BU06100108;Molendijk;GM0610;Sliedrecht;NEE;161;19112.0;161;5.6;7.0;24.8;25.0;46.0;46.0;23.6;21.0;cbs_ipf;9;0;0;0;0;0;33;0;0;7;0;0;70;0;0;4;0;0;32;1;2;3;0;0;870.0;0.0;0.0;0.0;0.0;0.0;2884.0;0.0;0.0;820.0;0.0;0.0;7784.0;0.0;0.0;452.0;0.0;0.0;5015.0;124.0;433.0;730.0;0.0;0.0
BU06100201;Rivierenbuurt-Noord;GM0610;Sliedrecht;NEE;491;44739.0;492;40.7;41.0;41.5;42.0;13.8;13.0;3.9;4.0;cbs_ipf;0;0;200;0;0;0;0;90;114;0;0;0;0;26;42;0;0;0;0;0;19;0;0;0;0.0;0.0;10983.0;0.0;0.0;0.0;0.0;9312.0;11979.0;0.0;0.0;0.0;0.0;2830.0;5179.0;0.0;0.0;0.0;0.0;0.0;4456.0;0.0;0.0;0.0
BU06100202;Rivierenbuurt-Zuid;GM0610;Sliedrecht;NEE;468;41155.0;468;82.7;83.0;9.2;9.0;6.8;7.0;1.3;1.0;cbs_ipf;0;0;174;28;185;0;0;6;28;0;9;0;0;6;18;4;4;0;0;0;2;0;4;0;0.0;0.0;9766.0;2203.0;18117.0;0.0;0.0;626.0;2966.0;0.0;1594.0;0.0;0.0;675.0;2285.0;704.0;701.0;0.0;0.0;0.0;707.0;0.0;811.0;0.0
BU06100203;Kerkbuurt-West;GM0610;Sliedrecht;NEE;270;34366.0;169;71.1;58.0;4.1;7.0;13.3;18.0;11.5;17.0;cbs_ipf;4;2;0;19;67;100;10;1;0;0;0;0;31;3;0;0;2;0;25;0;1;2;2;1;225.0;124.0;0.0;1558.0;9003.0;8893.0;813.0;182.0;0.0;0.0;0.0;0.0;4337.0;440.0;0.0;0.0;370.0;0.0;6718.0;0.0;139.0;416.0;737.0;411.0
BU06100204;Buitenuitbreiding-West;GM0610;Sliedrecht;NEE;557;52575.0;554;30.7;31.0;42.4;43.0;24.1;23.0;2.9;3.0;cbs_ipf;6;0;0;32;133;0;121;0;0;12;103;0;88;0;0;4;42;0;12;0;1;2;1;0;746.0;0.0;0.0;2092.0;11413.0;0.0;9626.0;0.0;0.0;1078.0;12188.0;0.0;7719.0;0.0;0.0;366.0;4896.0;0.0;1816.0;0.0;146.0;327.0;162.0;0.0
BU06100205;Bedrijventerrein Kerkerak;GM0610;Sliedrecht;NEE;4;633.0;4;0.0;38.0;0.0;n.a.;0.0;n.a.;100.0;n.a.;bag;0;0;0;0;0;0;0;0;0;0;0;0;0;0;0;0;0;0;1;2;0;1;0;0;0.0;0.0;0.0;0.0;0.0;0.0;0.0;0.0;0.0;0.0;0.0;0.0;0.0;0.0;0.0;0.0;0.0;0.0;168.0;323.0;0.0;142.0;0.0;0.0
BU06100206;Stationsweg;GM0610;Sliedrecht;NEE;115;11404.0;115;13.9;16.0;13.9;14.0;40.9;42.0;31.3;29.0;cbs_ipf;0;0;10;6;0;0;16;0;0;0;0;0;46;1;0;0;0;0;35;1;0;0;0;0;0.0;0.0;1096.0;526.0;0.0;0.0;1261.0;0.0;0.0;0.0;0.0;0.0;4318.0;216.0;0.0;0.0;0.0;0.0;3795.0;192.0;0.0;0.0;0.0;0.0
BU06100207;Staatsliedenbuurt;GM0610;Sliedrecht;NEE;478;47213.0;478;41.4;42.0;36.0;36.0;19.2;19.0;3.3;3.0;cbs_ipf;0;50;0;0;148;0;0;68;0;8;96;0;0;54;2;2;34;0;0;11;3;2;0;0;0.0;4000.0;0.0;0.0;11778.0;0.0;0.0;5996.0;0.0;752.0;11498.0;0.0;0.0;5925.0;351.0;188.0;4151.0;0.0;0.0;1714.0;554.0;306.0;0.0;0.0
BU06100208;Winklerplein-Noord;GM0610;Sliedrecht;NEE;910;76642.0;910;56.3;58.0;32.7;32.0;10.8;10.0;0.2;0.0;cbs_ipf;0;355;30;67;60;0;82;193;10;0;13;0;8;76;8;0;6;0;0;2;0;0;0;0;0.0;23609.0;2658.0;6369.0;4877.0;0.0;7618.0;18736.0;1074.0;0.0;1443.0;0.0;791.0;7654.0;918.0;0.0;666.0;0.0;0.0;229.0;0.0;0.0;0.0;0.0
BU06100209;Winklerplein-Zuid;GM0610;Sliedrecht;NEE;603;51732.0;603;46.4;48.0;35.2;35.0;17.9;17.0;0.5;0.0;cbs_ipf;0;104;79;83;14;0;66;97;29;20;0;0;24;59;14;11;0;0;2;0;0;1;0;0;0.0;7349.0;4029.0;6618.0;1417.0;0.0;6185.0;9545.0;2997.0;2044.0;0.0;0.0;2346.0;5876.0;1657.0;1232.0;0.0;0.0;205.0;0.0;0.0;232.0;0.0;0.0
BU06100210;Kerkbuurt-Oost;GM0610;Sliedrecht;NEE;179;17545.0;167;79.3;89.0;1.7;4.0;9.5;5.0;9.5;2.0;cbs_ipf;10;22;2;58;50;0;2;1;0;0;0;0;8;5;1;3;0;0;12;1;2;2;0;0;742.0;1667.0;130.0;6347.0;3682.0;0.0;184.0;84.0;0.0;0.0;0.0;0.0;875.0;671.0;109.0;816.0;0.0;0.0;1424.0;159.0;446.0;209.0;0.0;0.0
BU06100211;Buitenuitbreiding-Oost;GM0610;Sliedrecht;NEE;761;91316.0;758;5.9;6.0;13.8;15.0;65.0;64.0;15.2;15.0;cbs_ipf;12;2;0;0;31;0;85;0;0;20;0;0;477;12;2;2;2;0;105;10;0;0;1;0;1429.0;216.0;0.0;0.0;3065.0;0.0;7854.0;0.0;0.0;3420.0;0.0;0.0;52074.0;2061.0;514.0;342.0;526.0;0.0;16481.0;2759.0;0.0;0.0;575.0;0.0
BU06100301;Vogelbuurt-Noord;GM0610;Sliedrecht;NEE;863;74767.0;861;79.0;79.0;12.5;13.0;8.5;8.0;0.0;0.0;cbs_ipf;0;0;647;0;35;0;0;0;108;0;0;0;0;0;67;6;0;0;0;0;0;0;0;0;0.0;0.0;47860.0;0.0;4399.0;0.0;0.0;0.0;13105.0;0.0;0.0;0.0;0.0;0.0;8587.0;816.0;0.0;0.0;0.0;0.0;0.0;0.0;0.0;0.0
BU06100302;Vogelbuurt-Zuid;GM0610;Sliedrecht;NEE;1345;116623.0;1344;54.5;54.0;31.9;32.0;13.1;13.0;0.5;0.0;cbs_ipf;0;0;461;50;222;0;3;0;365;54;7;0;2;0;132;40;2;0;5;0;0;2;0;0;0.0;0.0;30022.0;2832.0;15578.0;0.0;260.0;0.0;39901.0;5610.0;844.0;0.0;168.0;0.0;15423.0;4932.0;252.0;0.0;499.0;0.0;0.0;302.0;0.0;0.0
BU06100303;Middenveer;GM0610;Sliedrecht;NEE;490;48568.0;490;22.9;23.0;50.0;53.0;25.3;21.0;1.8;2.0;cbs_ipf;0;32;40;40;0;0;1;33;54;157;0;0;8;18;37;61;0;0;2;0;0;7;0;0;0.0;2128.0;3150.0;2960.0;0.0;0.0;74.0;3236.0;5609.0;15822.0;0.0;0.0;629.0;1940.0;4395.0;7127.0;0.0;0.0;300.0;0.0;0.0;1198.0;0.0;0.0
BU06100304;Rivierdijk-West;GM0610;Sliedrecht;NEE;229;33330.0;224;49.3;52.0;5.7;5.0;25.3;23.0;19.7;20.0;cbs_ipf;19;0;0;94;0;0;9;0;0;0;3;1;40;8;0;0;8;2;23;7;6;6;3;0;2230.0;0.0;0.0;7642.0;0.0;0.0;1079.0;0.0;0.0;0.0;499.0;340.0;6847.0;1153.0;0.0;0.0;1378.0;662.0;6186.0;1025.0;1829.0;1659.0;801.0;0.0
BU06100305;De Grienden;GM0610;Sliedrecht;NEE;788;96335.0;788;7.5;7.0;54.9;55.0;26.6;26.0;10.9;11.0;cbs_ipf;0;0;0;59;0;0;0;0;0;433;0;0;0;0;0;210;0;0;1;0;0;85;0;0;0.0;0.0;0.0;4689.0;0.0;0.0;0.0;0.0;0.0;49083.0;0.0;0.0;0.0;0.0;0.0;27444.0;0.0;0.0;299.0;0.0;0.0;14820.0;0.0;0.0
BU06100306;Rivierdijk-Midden;GM0610;Sliedrecht;NEE;145;17288.0;147;33.1;33.0;13.8;18.0;40.0;34.0;13.1;14.0;cbs_ipf;2;0;0;46;0;0;9;0;1;10;0;0;16;5;4;33;0;0;12;0;1;0;5;1;416.0;0.0;0.0;4020.0;0.0;0.0;694.0;0.0;92.0;1294.0;0.0;0.0;1642.0;726.0;552.0;5156.0;0.0;0.0;1391.0;0.0;170.0;0.0;1037.0;98.0
BU06100307;Rivierdijk-Oost;GM0610;Sliedrecht;NEE;115;15505.0;115;5.2;5.0;16.5;17.0;40.0;41.0;38.3;37.0;cbs_ipf;0;0;0;6;0;0;0;3;0;0;16;0;17;5;0;14;10;0;12;7;1;22;2;0;0.0;0.0;0.0;703.0;0.0;0.0;0.0;399.0;0.0;0.0;1792.0;0.0;1568.0;584.0;0.0;2036.0;1172.0;0.0;1709.0;1093.0;149.0;3942.0;358.0;0.0
BU06100401;Het Buitengebied;GM0610;Sliedrecht;NEE;14;2583.0;14;0.0;38.0;0.0;n.a.;0.0;n.a.;100.0;n.a.;bag;0;0;0;0;0;0;0;0;0;0;0;0;0;0;0;0;0;0;0;0;2;9;3;0;0.0;0.0;0.0;0.0;0.0;0.0;0.0;0.0;0.0;0.0;0.0;0.0;0.0;0.0;0.0;0.0;0.0;0.0;0.0;0.0;452.0;1686.0;445.0;0.0
BU06100403;Bedrijventerrein Nijverwaard;GM0610;Sliedrecht;NEE;31;3382.0;31;0.0;3.0;9.7;13.0;38.7;45.0;51.6;39.0;cbs_ipf;0;0;0;0;0;0;0;0;3;0;0;0;10;0;2;0;0;0;6;7;3;0;0;0;0.0;0.0;0.0;0.0;0.0;0.0;0.0;0.0;381.0;0.0;0.0;0.0;911.0;0.0;258.0;0.0;0.0;0.0;603.0;875.0;354.0;0.0;0.0;0.0
BU06100404;Bedrijventerrein Stationspark;GM0610;Sliedrecht;NEE;19;2298.0;19;0.0;38.0;26.3;n.a.;52.6;n.a.;21.1;n.a.;bag;0;0;0;0;0;0;0;0;0;5;0;0;6;0;0;4;0;0;3;1;0;0;0;0;0.0;0.0;0.0;0.0;0.0;0.0;0.0;0.0;0.0;527.0;0.0;0.0;675.0;0.0;0.0;496.0;0.0;0.0;467.0;133.0;0.0;0.0;0.0;0.0
BU06100406;Bedrijventerrein Noordoost-Kwadrant;GM0610;Sliedrecht;NEE;2;328.0;2;0.0;38.0;0.0;n.a.;0.0;n.a.;100.0;n.a.;bag;0;0;0;0;0;0;0;0;0;0;0;0;0;0;0;0;0;0;0;0;0;2;0;0;0.0;0.0;0.0;0.0;0.0;0.0;0.0;0.0;0.0;0.0;0.0;0.0;0.0;0.0;0.0;0.0;0.0;0.0;0.0;0.0;0.0;328.0;0.0;0.0
BU06420101;Slagveld en Omgeving;GM0642;Zwijndrecht;NEE;423;42088.0;423;36.6;37.0;43.7;45.0;18.7;17.0;0.9;1.0;cbs_ipf;6;0;0;123;26;0;107;54;0;20;4;0;35;28;0;12;4;0;3;1;0;0;0;0;578.0;0.0;0.0;12511.0;2466.0;0.0;9642.0;4969.0;0.0;2169.0;521.0;0.0;3718.0;2537.0;0.0;1484.0;515.0;0.0;844.0;134.0;0.0;0.0;0.0;0.0
BU06420102;Veerplein - Oostkeetshaven;GM0642;Zwijndrecht;NEE;129;20797.0;129;19.4;26.0;58.9;60.0;20.2;12.0;1.6;0.0;cbs_ipf;0;0;23;2;0;0;4;0;72;0;0;0;4;0;21;0;1;0;0;0;2;0;0;0;0.0;0.0;1848.0;266.0;0.0;0.0;527.0;0.0;12670.0;0.0;0.0;0.0;644.0;0.0;4175.0;0.0;235.0;0.0;0.0;0.0;432.0;0.0;0.0;0.0
BU06420103;Drinkwaterbedrijf;GM0642;Zwijndrecht;NEE;2;835.0;2;0.0;40.0;0.0;n.a.;100.0;n.a.;0.0;n.a.;bag;0;0;0;0;0;0;0;0;0;0;0;0;0;0;0;0;2;0;0;0;0;0;0;0;0.0;0.0;0.0;0.0;0.0;0.0;0.0;0.0;0.0;0.0;0.0;0.0;0.0;0.0;0.0;0.0;835.0;0.0;0.0;0.0;0.0;0.0;0.0;0.0
BU06420104;Balkengat;GM0642;Zwijndrecht;NEE;137;29830.0;137;11.7;12.0;51.1;51.0;35.0;35.0;2.2;2.0;cbs_ipf;0;0;0;16;0;0;0;0;35;35;0;0;0;0;32;16;0;0;0;0;0;1;2;0;0.0;0.0;0.0;2520.0;0.0;0.0;0.0;0.0;6957.0;7432.0;0.0;0.0;0.0;0.0;7558.0;3680.0;0.0;0.0;0.0;0.0;0.0;428.0;1255.0;0.0
BU06420106;Industriegebied Ringdijk;GM0642;Zwijndrecht;NEE;2;213.0;2;0.0;40.0;0.0;n.a.;0.0;n.a.;100.0;n.a.;bag;0;0;0;0;0;0;0;0;0;0;0;0;0;0;0;0;0;0;0;0;1;1;0;0;0.0;0.0;0.0;0.0;0.0;0.0;0.0;0.0;0.0;0.0;0.0;0.0;0.0;0.0;0.0;0.0;0.0;0.0;0.0;0.0;113.0;100.0;0.0;0.0
BU06420107;Staatsliedenbuurt-Noord;GM0642;Zwijndrecht;NEE;495;61497.0;495;9.1;9.0;62.6;64.0;27.9;26.0;0.4;0.0;cbs_ipf;0;0;24;17;4;0;0;0;286;24;0;0;0;0;130;8;0;0;0;0;2;0;0;0;0.0;0.0;1338.0;1446.0;440.0;0.0;0.0;0.0;37222.0;2548.0;0.0;0.0;0.0;0.0;17119.0;950.0;0.0;0.0;0.0;0.0;434.0;0.0;0.0;0.0
BU06420108;Europesebuurt;GM0642;Zwijndrecht;NEE;627;70211.0;627;44.2;44.0;37.3;39.0;14.7;13.0;3.8;4.0;cbs_ipf;0;0;258;0;19;0;0;0;234;0;0;0;0;0;92;0;0;0;0;0;23;0;1;0;0.0;0.0;20021.0;0.0;1897.0;0.0;0.0;0.0;30635.0;0.0;0.0;0.0;0.0;0.0;12991.0;0.0;0.0;0.0;0.0;0.0;4619.0;0.0;48.0;0.0
BU06420109;Staatsliedenbuurt-Zuid;GM0642;Zwijndrecht;NEE;429;50189.0;473;51.7;47.0;35.9;40.0;12.1;13.0;0.2;0.0;cbs_ipf;0;0;222;0;0;0;0;0;154;0;0;0;0;0;52;0;0;0;0;0;1;0;0;0;0.0;0.0;21516.0;0.0;0.0;0.0;0.0;0.0;21265.0;0.0;0.0;0.0;0.0;0.0;7219.0;0.0;0.0;0.0;0.0;0.0;189.0;0.0;0.0;0.0
BU06420110;Oud- en Gerbrandyplein;GM0642;Zwijndrecht;NEE;392;33300.0;392;100.0;100.0;0.0;0.0;0.0;0.0;0.0;0.0;cbs_ipf;0;0;392;0;0;0;0;0;0;0;0;0;0;0;0;0;0;0;0;0;0;0;0;0;0.0;0.0;33300.0;0.0;0.0;0.0;0.0;0.0;0.0;0.0;0.0;0.0;0.0;0.0;0.0;0.0;0.0;0.0;0.0;0.0;0.0;0.0;0.0;0.0
BU06420111;Winkelcentrum Walburg;GM0642;Zwijndrecht;NEE;352;25364.0;350;94.6;95.0;1.7;2.0;2.3;2.0;1.4;1.0;cbs_ipf;0;0;217;116;0;0;2;0;0;4;0;0;6;0;0;2;0;0;2;2;1;0;0;0;0.0;0.0;13918.0;8641.0;0.0;0.0;190.0;0.0;0.0;286.0;0.0;0.0;816.0;0.0;0.0;131.0;0.0;0.0;516.0;649.0;217.0;0.0;0.0;0.0
BU06420112;De Were en omgeving;GM0642;Zwijndrecht;NEE;830;88735.0;829;59.3;59.0;24.7;25.0;15.5;15.0;0.5;0.0;cbs_ipf;0;0;380;26;86;0;0;0;183;16;6;0;0;0;89;26;14;0;0;0;0;3;1;0;0.0;0.0;33007.0;2272.0;5795.0;0.0;0.0;0.0;24583.0;2588.0;778.0;0.0;0.0;0.0;12383.0;4251.0;2129.0;0.0;0.0;0.0;0.0;788.0;161.0;0.0
BU06420113;Lievershil en omgeving;GM0642;Zwijndrecht;NEE;97;15294.0;96;0.0;0.0;56.7;69.0;39.2;30.0;4.1;0.0;cbs_ipf;0;0;0;0;0;0;0;0;55;0;0;0;0;0;38;0;0;0;0;0;3;0;1;0;0.0;0.0;0.0;0.0;0.0;0.0;0.0;0.0;8573.0;0.0;0.0;0.0;0.0;0.0;6030.0;0.0;0.0;0.0;0.0;0.0;486.0;0.0;205.0;0.0
BU06420114;Eem- en Zonnestein;GM0642;Zwijndrecht;NEE;578;55300.0;578;100.0;100.0;0.0;0.0;0.0;0.0;0.0;0.0;cbs_ipf;0;0;500;0;78;0;0;0;0;0;0;0;0;0;0;0;0;0;0;0;0;0;0;0;0.0;0.0;45765.0;0.0;9535.0;0.0;0.0;0.0;0.0;0.0;0.0;0.0;0.0;0.0;0.0;0.0;0.0;0.0;0.0;0.0;0.0;0.0;0.0;0.0
BU06420115;Swanendrif-Zuid;GM0642;Zwijndrecht;NEE;169;22723.0;169;40.8;41.0;18.3;18.0;34.3;36.0;6.5;5.0;cbs_ipf;3;0;0;66;0;0;0;0;23;8;0;0;2;0;44;8;4;0;2;2;1;6;0;0;554.0;0.0;0.0;5163.0;0.0;0.0;0.0;0.0;3694.0;1273.0;0.0;0.0;275.0;0.0;7378.0;1480.0;814.0;0.0;431.0;449.0;275.0;937.0;0.0;0.0
BU06420201;Veerplein - De Werf;GM0642;Zwijndrecht;NEE;208;16621.0;207;99.0;100.0;0.0;0.0;1.0;0.0;0.0;0.0;cbs_ipf;21;45;15;125;0;0;0;0;0;0;0;0;2;0;0;0;0;0;0;0;0;0;0;0;1758.0;3381.0;1035.0;10189.0;0.0;0.0;0.0;0.0;0.0;0.0;0.0;0.0;258.0;0.0;0.0;0.0;0.0;0.0;0.0;0.0;0.0;0.0;0.0;0.0
BU06420202;Euryza;GM0642;Zwijndrecht;NEE;154;20215.0;112;90.3;90.0;6.5;7.0;3.2;3.0;0.0;0.0;cbs_ipf;0;0;0;0;101;38;0;0;0;0;8;2;0;0;0;0;3;2;0;0;0;0;0;0;0.0;0.0;0.0;0.0;13718.0;4330.0;0.0;0.0;0.0;0.0;1112.0;312.0;0.0;0.0;0.0;0.0;417.0;326.0;0.0;0.0;0.0;0.0;0.0;0.0
BU06420203;Westkeetshaven;GM0642;Zwijndrecht;NEE;274;37259.0;275;53.6;55.0;36.1;39.0;9.9;6.0;0.4;0.0;cbs_ipf;0;0;0;60;87;0;0;0;0;98;1;0;0;0;0;24;3;0;0;0;0;1;0;0;0.0;0.0;0.0;7380.0;11465.0;0.0;0.0;0.0;0.0;14125.0;136.0;0.0;0.0;0.0;0.0;3529.0;422.0;0.0;0.0;0.0;0.0;202.0;0.0;0.0
BU06420205;Corridor-Oost;GM0642;Zwijndrecht;NEE;83;8403.0;150;19.3;11.0;33.7;49.0;44.6;39.0;2.4;1.0;cbs_ipf;0;0;16;0;0;0;7;0;21;0;0;0;22;0;15;0;0;0;2;0;0;0;0;0;0.0;0.0;1589.0;0.0;0.0;0.0;759.0;0.0;2050.0;0.0;0.0;0.0;2202.0;0.0;1585.0;0.0;0.0;0.0;218.0;0.0;0.0;0.0;0.0;0.0
BU06420206;Voormalig veilingterrein;GM0642;Zwijndrecht;NEE;585;46190.0;609;73.5;75.0;17.4;17.0;7.9;8.0;1.2;1.0;cbs_ipf;0;0;134;296;0;0;9;0;75;18;0;0;16;0;22;8;0;0;7;0;0;0;0;0;0.0;0.0;9244.0;20003.0;0.0;0.0;1298.0;0.0;7927.0;1823.0;0.0;0.0;1846.0;0.0;2320.0;804.0;0.0;0.0;925.0;0.0;0.0;0.0;0.0;0.0
BU06420207;Burgemeester Doornplein en omgeving;GM0642;Zwijndrecht;NEE;211;24060.0;229;6.2;7.0;51.7;53.0;36.0;34.0;6.2;5.0;cbs_ipf;13;0;0;0;0;0;81;15;0;0;13;0;59;11;0;2;4;0;7;6;0;0;0;0;1070.0;0.0;0.0;0.0;0.0;0.0;8149.0;1214.0;0.0;0.0;1546.0;0.0;7013.0;984.0;0.0;412.0;476.0;0.0;1687.0;1509.0;0.0;0.0;0.0;0.0
BU06420208;Prins Bernhardstraat en omgeving;GM0642;Zwijndrecht;NEE;314;35953.0;312;9.6;9.0;41.4;43.0;41.7;40.0;7.3;6.0;cbs_ipf;2;3;0;3;22;0;129;1;0;0;0;0;125;3;0;3;0;0;19;0;1;0;1;2;131.0;281.0;0.0;378.0;2039.0;0.0;13601.0;96.0;0.0;0.0;0.0;0.0;14188.0;923.0;0.0;447.0;0.0;0.0;3197.0;0.0;228.0;0.0;180.0;264.0
BU06420209;Juliandorp;GM0642;Zwijndrecht;NEE;629;69311.0;602;13.8;13.0;49.0;51.0;32.3;31.0;4.9;5.0;cbs_ipf;25;0;36;0;0;26;96;0;148;37;27;0;102;0;66;18;17;0;25;0;3;2;1;0;1637.0;0.0;2934.0;0.0;0.0;2076.0;10025.0;0.0;15426.0;3985.0;3280.0;0.0;11860.0;0.0;7678.0;2316.0;1904.0;0.0;4476.0;0.0;696.0;310.0;708.0;0.0
BU06420301;Industriegebied Develpoort;GM0642;Zwijndrecht;NEE;7;1143.0;7;0.0;40.0;0.0;n.a.;28.6;n.a.;71.4;n.a.;bag;0;0;0;0;0;0;0;0;0;0;0;0;0;2;0;0;0;0;0;5;0;0;0;0;0.0;0.0;0.0;0.0;0.0;0.0;0.0;0.0;0.0;0.0;0.0;0.0;0.0;385.0;0.0;0.0;0.0;0.0;0.0;758.0;0.0;0.0;0.0;0.0
BU06420302;Corridor-West;GM0642;Zwijndrecht;NEE;207;17700.0;207;48.3;48.0;25.6;28.0;19.3;18.0;6.8;6.0;cbs_ipf;0;100;0;0;0;0;9;43;1;0;0;0;11;26;2;0;1;0;12;2;0;0;0;0;0.0;7048.0;0.0;0.0;0.0;0.0;779.0;3928.0;210.0;0.0;0.0;0.0;972.0;2735.0;283.0;0.0;86.0;0.0;1371.0;288.0;0.0;0.0;0.0;0.0
BU06420303;Schildersbuurt;GM0642;Zwijndrecht;NEE;567;49273.0;593;26.5;29.0;50.3;49.0;22.6;21.0;0.7;1.0;cbs_ipf;0;150;0;0;0;0;0;253;0;0;32;0;0;116;0;0;12;0;0;4;0;0;0;0;0.0;9588.0;0.0;0.0;0.0;0.0;0.0;22277.0;0.0;0.0;4016.0;0.0;0.0;11273.0;0.0;0.0;1513.0;0.0;0.0;606.0;0.0;0.0;0.0;0.0
BU06420304;Sterrenbeeldenbuurt;GM0642;Zwijndrecht;NEE;373;34804.0;373;41.6;42.0;45.3;45.0;12.3;13.0;0.8;1.0;cbs_ipf;0;108;0;0;47;0;0;110;0;41;18;0;0;32;0;10;4;0;0;3;0;0;0;0;0.0;8407.0;0.0;0.0;4345.0;0.0;0.0;10624.0;0.0;4151.0;1994.0;0.0;0.0;3262.0;0.0;958.0;434.0;0.0;0.0;629.0;0.0;0.0;0.0;0.0
BU06420305;Planetenbuurt;GM0642;Zwijndrecht;NEE;293;23387.0;411;85.7;90.0;10.2;8.0;4.1;2.0;0.0;0.0;cbs_ipf;0;168;0;0;83;0;0;0;0;0;30;0;0;4;0;0;8;0;0;0;0;0;0;0;0.0;10057.0;0.0;0.0;8565.0;0.0;0.0;0.0;0.0;0.0;3446.0;0.0;0.0;312.0;0.0;0.0;1007.0;0.0;0.0;0.0;0.0;0.0;0.0;0.0
BU06420306;Begraafplaats Noord;GM0642;Zwijndrecht;NEE;1;152.0;1;0.0;40.0;0.0;n.a.;0.0;n.a.;100.0;n.a.;bag;0;0;0;0;0;0;0;0;0;0;0;0;0;0;0;0;0;0;1;0;0;0;0;0;0.0;0.0;0.0;0.0;0.0;0.0;0.0;0.0;0.0;0.0;0.0;0.0;0.0;0.0;0.0;0.0;0.0;0.0;152.0;0.0;0.0;0.0;0.0;0.0
BU06420307;Officiervliet-Oost;GM0642;Zwijndrecht;NEE;163;20745.0;163;0.0;0.0;41.1;41.0;51.5;51.0;7.4;7.0;cbs_ipf;0;0;0;0;0;0;2;65;0;0;0;0;16;64;2;0;2;0;3;6;2;0;1;0;0.0;0.0;0.0;0.0;0.0;0.0;182.0;7745.0;0.0;0.0;0.0;0.0;1524.0;8558.0;381.0;0.0;346.0;0.0;439.0;1034.0;381.0;0.0;155.0;0.0
BU06420308;Officiervliet-West;GM0642;Zwijndrecht;NEE;85;11685.0;85;2.4;8.0;25.9;26.0;58.8;53.0;12.9;13.0;cbs_ipf;0;0;2;0;0;0;14;3;5;0;0;0;22;22;6;0;0;0;4;3;3;0;1;0;0.0;0.0;200.0;0.0;0.0;0.0;1227.0;476.0;937.0;0.0;0.0;0.0;2050.0;3187.0;1416.0;0.0;0.0;0.0;661.0;491.0;750.0;0.0;290.0;0.0
BU06420310;Pilotenbuurt;GM0642;Zwijndrecht;NEE;385;34396.0;385;50.4;54.0;28.8;28.0;17.7;16.0;3.1;2.0;cbs_ipf;0;190;0;0;4;0;10;101;0;0;0;0;24;39;0;0;4;1;8;2;2;0;0;0;0.0;13421.0;0.0;0.0;670.0;0.0;1526.0;9268.0;0.0;0.0;0.0;0.0;3010.0;4247.0;0.0;0.0;413.0;130.0;1060.0;373.0;278.0;0.0;0.0;0.0
BU06420311;Langeraarstraat en omgeving;GM0642;Zwijndrecht;NEE;164;12611.0;164;86.6;87.0;8.5;9.0;4.9;5.0;0.0;0.0;cbs_ipf;0;142;0;0;0;0;0;14;0;0;0;0;0;8;0;0;0;0;0;0;0;0;0;0;0.0;10084.0;0.0;0.0;0.0;0.0;0.0;1574.0;0.0;0.0;0.0;0.0;0.0;953.0;0.0;0.0;0.0;0.0;0.0;0.0;0.0;0.0;0.0;0.0
BU06420312;Hoveniersplein - Griend;GM0642;Zwijndrecht;NEE;224;22538.0;224;34.4;34.0;33.5;34.0;30.4;30.0;1.8;1.0;cbs_ipf;0;77;0;0;0;0;0;62;0;13;0;0;2;56;0;10;0;0;1;2;0;1;0;0;0.0;5005.0;0.0;0.0;0.0;0.0;0.0;6602.0;0.0;2060.0;0.0;0.0;294.0;6209.0;0.0;1560.0;0.0;0.0;152.0;509.0;0.0;147.0;0.0;0.0
BU06420313;Prinsessenbuurt;GM0642;Zwijndrecht;NEE;463;47213.0;465;46.7;47.0;26.6;27.0;25.1;23.0;1.7;2.0;cbs_ipf;0;0;0;67;149;0;13;62;0;48;0;0;8;74;0;34;0;0;3;3;0;2;0;0;0.0;0.0;0.0;4600.0;11910.0;0.0;1470.0;6969.0;0.0;6366.0;0.0;0.0;812.0;9149.0;0.0;4867.0;0.0;0.0;275.0;440.0;0.0;355.0;0.0;0.0
BU06420402;Componistenbuurt-Zuid;GM0642;Zwijndrecht;NEE;541;57145.0;541;15.2;16.0;61.9;62.0;21.1;20.0;1.8;2.0;cbs_ipf;0;0;82;0;0;0;0;0;320;15;0;0;0;0;104;10;0;0;0;0;5;5;0;0;0.0;0.0;5860.0;0.0;0.0;0.0;0.0;0.0;34968.0;1892.0;0.0;0.0;0.0;0.0;11379.0;1317.0;0.0;0.0;0.0;0.0;918.0;811.0;0.0;0.0
BU06420403;Componistenbuurt-Midden;GM0642;Zwijndrecht;NEE;571;59258.0;571;11.2;11.0;61.6;62.0;26.6;26.0;0.5;0.0;cbs_ipf;0;0;0;64;0;0;0;0;238;114;0;0;0;0;96;56;0;0;0;0;0;3;0;0;0.0;0.0;0.0;4546.0;0.0;0.0;0.0;0.0;25059.0;12499.0;0.0;0.0;0.0;0.0;10496.0;6239.0;0.0;0.0;0.0;0.0;0.0;419.0;0.0;0.0
BU06420404;Componistenbuurt-Noord;GM0642;Zwijndrecht;NEE;419;50465.0;419;2.9;3.0;66.6;67.0;27.7;27.0;2.9;3.0;cbs_ipf;0;0;0;12;0;0;0;0;0;279;0;0;0;0;0;116;0;0;0;0;0;11;0;1;0.0;0.0;0.0;689.0;0.0;0.0;0.0;0.0;0.0;33372.0;0.0;0.0;0.0;0.0;0.0;14410.0;0.0;0.0;0.0;0.0;0.0;1876.0;0.0;118.0
BU06420405;Oudeland en Meubelmaker;GM0642;Zwijndrecht;NEE;171;18486.0;171;36.8;37.0;46.8;47.0;16.4;16.0;0.0;0.0;cbs_ipf;0;0;0;63;0;0;0;0;0;80;0;0;0;0;0;28;0;0;0;0;0;0;0;0;0.0;0.0;0.0;5220.0;0.0;0.0;0.0;0.0;0.0;9704.0;0.0;0.0;0.0;0.0;0.0;3562.0;0.0;0.0;0.0;0.0;0.0;0.0;0.0;0.0
BU06420406;Klarinetsingel en omgeving;GM0642;Zwijndrecht;NEE;378;47914.0;378;0.0;0.0;72.0;72.0;26.5;26.0;1.6;2.0;cbs_ipf;0;0;0;0;0;0;0;0;0;272;0;0;0;0;0;100;0;0;0;0;0;6;0;0;0.0;0.0;0.0;0.0;0.0;0.0;0.0;0.0;0.0;33487.0;0.0;0.0;0.0;0.0;0.0;13502.0;0.0;0.0;0.0;0.0;0.0;925.0;0.0;0.0
BU06420407;Sonate en omgeving;GM0642;Zwijndrecht;NEE;113;13451.0;113;0.0;0.0;53.1;56.0;46.0;44.0;0.9;0.0;cbs_ipf;0;0;0;0;0;0;0;0;0;60;0;0;0;0;0;52;0;0;0;0;0;0;1;0;0.0;0.0;0.0;0.0;0.0;0.0;0.0;0.0;0.0;6538.0;0.0;0.0;0.0;0.0;0.0;6795.0;0.0;0.0;0.0;0.0;0.0;0.0;118.0;0.0
BU06420408;De As;GM0642;Zwijndrecht;NEE;322;46979.0;322;8.4;9.0;47.2;48.0;37.0;36.0;7.5;7.0;cbs_ipf;0;0;0;27;0;0;0;0;0;152;0;0;0;0;0;119;0;0;0;0;0;24;0;0;0.0;0.0;0.0;2283.0;0.0;0.0;0.0;0.0;0.0;20224.0;0.0;0.0;0.0;0.0;0.0;18266.0;0.0;0.0;0.0;0.0;0.0;6206.0;0.0;0.0
BU06420410;Industriegebied Molenvliet;GM0642;Zwijndrecht;NEE;2;488.0;2;0.0;40.0;0.0;n.a.;100.0;n.a.;0.0;n.a.;bag;0;0;0;0;0;0;0;0;0;0;0;0;0;0;1;1;0;0;0;0;0;0;0;0;0.0;0.0;0.0;0.0;0.0;0.0;0.0;0.0;0.0;0.0;0.0;0.0;0.0;0.0;221.0;267.0;0.0;0.0;0.0;0.0;0.0;0.0;0.0;0.0
BU06420501;Noordzijde De Hoge Devel;GM0642;Zwijndrecht;NEE;1;458.0;1;0.0;40.0;0.0;n.a.;0.0;n.a.;100.0;n.a.;bag;0;0;0;0;0;0;0;0;0;0;0;0;0;0;0;0;0;0;0;0;0;0;1;0;0.0;0.0;0.0;0.0;0.0;0.0;0.0;0.0;0.0;0.0;0.0;0.0;0.0;0.0;0.0;0.0;0.0;0.0;0.0;0.0;0.0;0.0;458.0;0.0
BU06420503;Swinhove - De Lus;GM0642;Zwijndrecht;NEE;249;22184.0;249;83.9;84.0;8.8;9.0;7.2;7.0;0.0;0.0;cbs_ipf;0;0;113;96;0;0;0;0;22;0;0;0;0;0;18;0;0;0;0;0;0;0;0;0;0.0;0.0;5873.0;12831.0;0.0;0.0;0.0;0.0;1914.0;0.0;0.0;0.0;0.0;0.0;1566.0;0.0;0.0;0.0;0.0;0.0;0.0;0.0;0.0;0.0
BU06420504;Koloniënbuurt;GM0642;Zwijndrecht;NEE;178;14360.0;242;12.4;9.0;66.3;67.0;21.3;24.0;0.0;0.0;cbs_ipf;0;22;0;0;0;0;0;95;0;0;23;0;0;32;0;0;6;0;0;0;0;0;0;0;0.0;1664.0;0.0;0.0;0.0;0.0;0.0;6978.0;0.0;0.0;2530.0;0.0;0.0;2528.0;0.0;0.0;660.0;0.0;0.0;0.0;0.0;0.0;0.0;0.0
BU06420505;Meerdervoort;GM0642;Zwijndrecht;NEE;230;19729.0;230;0.0;0.0;65.7;67.0;33.9;33.0;0.4;0.0;cbs_ipf;0;0;0;0;0;0;100;51;0;0;0;0;54;24;0;0;0;0;0;1;0;0;0;0;0.0;0.0;0.0;0.0;0.0;0.0;8274.0;4669.0;0.0;0.0;0.0;0.0;4693.0;1983.0;0.0;0.0;0.0;0.0;0.0;110.0;0.0;0.0;0.0;0.0
BU06420506;Dichtersbuurt-Midden;GM0642;Zwijndrecht;NEE;192;17273.0;192;20.8;21.0;56.8;58.0;20.8;20.0;1.6;1.0;cbs_ipf;0;0;0;40;0;0;0;38;0;71;0;0;0;16;0;24;0;0;1;0;0;2;0;0;0.0;0.0;0.0;2959.0;0.0;0.0;0.0;3261.0;0.0;6843.0;0.0;0.0;0.0;1483.0;0.0;2324.0;0.0;0.0;192.0;0.0;0.0;211.0;0.0;0.0
BU06420507;Dichtersbuurt-West;GM0642;Zwijndrecht;NEE;293;27596.0;293;51.2;51.0;35.8;37.0;13.0;12.0;0.0;0.0;cbs_ipf;0;110;0;0;40;0;0;56;0;49;0;0;0;22;0;16;0;0;0;0;0;0;0;0;0.0;7309.0;0.0;0.0;3208.0;0.0;0.0;6005.0;0.0;6366.0;0.0;0.0;0.0;2354.0;0.0;2354.0;0.0;0.0;0.0;0.0;0.0;0.0;0.0;0.0
BU06420508;Verzetsheldenbuurt;GM0642;Zwijndrecht;NEE;486;48400.0;486;19.3;20.0;54.5;55.0;25.5;24.0;0.6;0.0;cbs_ipf;0;18;60;16;0;0;2;216;10;8;29;0;3;104;4;6;7;0;2;1;0;0;0;0;0.0;1380.0;4680.0;1436.0;0.0;0.0;159.0;21615.0;1343.0;608.0;3625.0;0.0;207.0;10806.0;571.0;456.0;936.0;0.0;443.0;135.0;0.0;0.0;0.0;0.0
BU06420509;Kapiteinflats;GM0642;Zwijndrecht;NEE;342;24042.0;341;100.0;100.0;0.0;0.0;0.0;0.0;0.0;0.0;cbs_ipf;0;342;0;0;0;0;0;0;0;0;0;0;0;0;0;0;0;0;0;0;0;0;0;0;0.0;24042.0;0.0;0.0;0.0;0.0;0.0;0.0;0.0;0.0;0.0;0.0;0.0;0.0;0.0;0.0;0.0;0.0;0.0;0.0;0.0;0.0;0.0;0.0
BU06420510;Zeeheldenbuurt;GM0642;Zwijndrecht;NEE;272;28906.0;272;27.2;27.0;50.0;53.0;22.8;20.0;0.0;0.0;cbs_ipf;0;74;0;0;0;0;0;110;26;0;0;0;0;54;8;0;0;0;0;0;0;0;0;0;0.0;5496.0;0.0;0.0;0.0;0.0;0.0;11937.0;3605.0;0.0;0.0;0.0;0.0;6626.0;1242.0;0.0;0.0;0.0;0.0;0.0;0.0;0.0;0.0;0.0
BU06420511;Bloemenbuurt M(adelief) - Z(onnenbloem);GM0642;Zwijndrecht;NEE;382;31476.0;382;89.0;91.0;7.9;9.0;3.1;1.0;0.0;0.0;cbs_ipf;0;116;224;0;0;0;0;26;0;0;4;0;0;10;0;0;2;0;0;0;0;0;0;0;0.0;9424.0;18150.0;0.0;0.0;0.0;0.0;2423.0;0.0;0.0;364.0;0.0;0.0;936.0;0.0;0.0;179.0;0.0;0.0;0.0;0.0;0.0;0.0;0.0
BU06420512;Bloemenbuurt D(ahlia) - G(eranium);GM0642;Zwijndrecht;NEE;302;28241.0;302;43.4;43.0;31.5;34.0;25.2;22.0;0.0;0.0;cbs_ipf;0;104;27;0;0;0;0;95;0;0;0;0;0;76;0;0;0;0;0;0;0;0;0;0;0.0;6656.0;1791.0;0.0;0.0;0.0;0.0;10924.0;0.0;0.0;0.0;0.0;0.0;8870.0;0.0;0.0;0.0;0.0;0.0;0.0;0.0;0.0;0.0;0.0
BU06420513;Bloemenbuurt B(egonia) - C(rocus);GM0642;Zwijndrecht;NEE;176;12910.0;176;100.0;100.0;0.0;0.0;0.0;0.0;0.0;0.0;cbs_ipf;0;56;120;0;0;0;0;0;0;0;0;0;0;0;0;0;0;0;0;0;0;0;0;0;0.0;3871.0;9039.0;0.0;0.0;0.0;0.0;0.0;0.0;0.0;0.0;0.0;0.0;0.0;0.0;0.0;0.0;0.0;0.0;0.0;0.0;0.0;0.0;0.0
BU06420514;Bloemenbuurt H(yacinth) - L(Obelia);GM0642;Zwijndrecht;NEE;300;36189.0;244;25.7;24.0;36.0;39.0;35.3;34.0;3.0;2.0;cbs_ipf;0;18;0;8;32;19;2;58;8;17;0;23;6;69;4;13;0;14;4;4;0;1;0;0;0.0;1277.0;0.0;944.0;3097.0;765.0;239.0;6280.0;976.0;2314.0;0.0;3162.0;658.0;9799.0;503.0;2163.0;0.0;2411.0;854.0;561.0;0.0;186.0;0.0;0.0
BU06420515;Bloemenbuurt A(kelei);GM0642;Zwijndrecht;NEE;27;6514.0;27;0.0;0.0;0.0;0.0;0.0;0.0;100.0;100.0;cbs_ipf;0;0;0;0;0;0;0;0;0;0;0;0;0;0;0;0;0;0;1;18;3;4;1;0;0.0;0.0;0.0;0.0;0.0;0.0;0.0;0.0;0.0;0.0;0.0;0.0;0.0;0.0;0.0;0.0;0.0;0.0;140.0;3927.0;710.0;1477.0;260.0;0.0
BU06420601;IJsvogelplein;GM0642;Zwijndrecht;NEE;263;20438.0;264;100.0;100.0;0.0;0.0;0.0;0.0;0.0;0.0;cbs_ipf;0;0;263;0;0;0;0;0;0;0;0;0;0;0;0;0;0;0;0;0;0;0;0;0;0.0;0.0;20438.0;0.0;0.0;0.0;0.0;0.0;0.0;0.0;0.0;0.0;0.0;0.0;0.0;0.0;0.0;0.0;0.0;0.0;0.0;0.0;0.0;0.0
BU06420602;Vogelbuurt-Oost;GM0642;Zwijndrecht;NEE;312;37064.0;312;0.0;0.0;62.8;65.0;37.2;33.0;0.0;0.0;cbs_ipf;0;0;0;0;0;0;0;0;196;0;0;0;0;0;116;0;0;0;0;0;0;0;0;0;0.0;0.0;0.0;0.0;0.0;0.0;0.0;0.0;23346.0;0.0;0.0;0.0;0.0;0.0;13718.0;0.0;0.0;0.0;0.0;0.0;0.0;0.0;0.0;0.0
BU06420603;Ooievaar- en Vinkplein;GM0642;Zwijndrecht;NEE;216;19586.0;216;100.0;100.0;0.0;0.0;0.0;0.0;0.0;0.0;cbs_ipf;0;0;216;0;0;0;0;0;0;0;0;0;0;0;0;0;0;0;0;0;0;0;0;0;0.0;0.0;19586.0;0.0;0.0;0.0;0.0;0.0;0.0;0.0;0.0;0.0;0.0;0.0;0.0;0.0;0.0;0.0;0.0;0.0;0.0;0.0;0.0;0.0
BU06420604;Vogelbuurt-West;GM0642;Zwijndrecht;NEE;419;42512.0;419;18.1;18.0;49.4;54.0;32.5;28.0;0.0;0.0;cbs_ipf;0;0;0;0;76;0;0;0;191;0;16;0;0;0;132;0;4;0;0;0;0;0;0;0;0.0;0.0;0.0;0.0;6980.0;0.0;0.0;0.0;18578.0;0.0;2426.0;0.0;0.0;0.0;13874.0;0.0;654.0;0.0;0.0;0.0;0.0;0.0;0.0;0.0
BU06420605;Leeuwerik- en Fazantplein;GM0642;Zwijndrecht;NEE;204;17376.0;204;100.0;100.0;0.0;0.0;0.0;0.0;0.0;0.0;cbs_ipf;0;0;204;0;0;0;0;0;0;0;0;0;0;0;0;0;0;0;0;0;0;0;0;0;0.0;0.0;17376.0;0.0;0.0;0.0;0.0;0.0;0.0;0.0;0.0;0.0;0.0;0.0;0.0;0.0;0.0;0.0;0.0;0.0;0.0;0.0;0.0;0.0
BU06420606;Moermond-Zuid;GM0642;Zwijndrecht;NEE;285;30624.0;285;1.4;4.0;68.1;68.0;30.5;27.0;0.0;0.0;cbs_ipf;0;0;4;0;0;0;0;0;194;0;0;0;0;0;87;0;0;0;0;0;0;0;0;0;0.0;0.0;340.0;0.0;0.0;0.0;0.0;0.0;20796.0;0.0;0.0;0.0;0.0;0.0;9488.0;0.0;0.0;0.0;0.0;0.0;0.0;0.0;0.0;0.0
BU06420607;Boshuizen - Rechteren;GM0642;Zwijndrecht;NEE;222;24824.0;222;1.4;4.0;66.2;67.0;32.4;28.0;0.0;0.0;cbs_ipf;0;0;3;0;0;0;0;0;147;0;0;0;0;0;72;0;0;0;0;0;0;0;0;0;0.0;0.0;212.0;0.0;0.0;0.0;0.0;0.0;16378.0;0.0;0.0;0.0;0.0;0.0;8234.0;0.0;0.0;0.0;0.0;0.0;0.0;0.0;0.0;0.0
BU06420608;Assumburg - Lunenburg;GM0642;Zwijndrecht;NEE;397;47283.0;394;32.2;32.0;37.5;38.0;27.2;27.0;3.0;3.0;cbs_ipf;0;0;128;0;0;0;0;0;149;0;0;0;0;0;108;0;0;0;0;0;12;0;0;0;0.0;0.0;8308.0;0.0;0.0;0.0;0.0;0.0;19935.0;0.0;0.0;0.0;0.0;0.0;16152.0;0.0;0.0;0.0;0.0;0.0;2888.0;0.0;0.0;0.0
BU06420609;Hilverbeek en omgeving;GM0642;Zwijndrecht;NEE;396;51764.0;396;13.4;14.0;50.5;51.0;30.3;29.0;5.8;6.0;cbs_ipf;0;0;53;0;0;0;0;0;200;0;0;0;0;0;119;1;0;0;0;0;16;7;0;0;0.0;0.0;3388.0;0.0;0.0;0.0;0.0;0.0;25836.0;0.0;0.0;0.0;0.0;0.0;16346.0;222.0;0.0;0.0;0.0;0.0;3865.0;2107.0;0.0;0.0
BU06420610;Develzijde Nederhoven;GM0642;Zwijndrecht;NEE;84;17937.0;83;0.0;0.0;34.5;34.0;11.9;10.0;53.6;55.0;cbs_ipf;0;0;0;0;0;0;0;0;29;0;0;0;0;0;10;0;0;0;0;0;44;0;1;0;0.0;0.0;0.0;0.0;0.0;0.0;0.0;0.0;3593.0;0.0;0.0;0.0;0.0;0.0;1591.0;0.0;0.0;0.0;0.0;0.0;12483.0;0.0;270.0;0.0
BU06420701;Industriegebied Groote Lindt;GM0642;Zwijndrecht;NEE;3;372.0;3;0.0;40.0;0.0;n.a.;0.0;n.a.;100.0;n.a.;bag;0;0;0;0;0;0;0;0;0;0;0;0;0;0;0;0;0;0;0;2;1;0;0;0;0.0;0.0;0.0;0.0;0.0;0.0;0.0;0.0;0.0;0.0;0.0;0.0;0.0;0.0;0.0;0.0;0.0;0.0;0.0;238.0;134.0;0.0;0.0;0.0
BU06420702;De Geer-Oost;GM0642;Zwijndrecht;NEE;6;1054.0;7;0.0;40.0;0.0;n.a.;0.0;n.a.;100.0;n.a.;bag;0;0;0;0;0;0;0;0;0;0;0;0;0;0;0;0;0;0;0;0;5;1;0;0;0.0;0.0;0.0;0.0;0.0;0.0;0.0;0.0;0.0;0.0;0.0;0.0;0.0;0.0;0.0;0.0;0.0;0.0;0.0;0.0;897.0;157.0;0.0;0.0
BU06420703;De Geer-West;GM0642;Zwijndrecht;NEE;7;1056.0;7;0.0;40.0;0.0;n.a.;57.1;n.a.;42.9;n.a.;bag;0;0;0;0;0;0;0;0;0;0;0;0;2;0;0;2;0;0;1;0;2;0;0;0;0.0;0.0;0.0;0.0;0.0;0.0;0.0;0.0;0.0;0.0;0.0;0.0;184.0;0.0;0.0;432.0;0.0;0.0;168.0;0.0;272.0;0.0;0.0;0.0
BU06420704;Achterlindtsestraat;GM0642;Zwijndrecht;NEE;7;2094.0;7;0.0;40.0;0.0;n.a.;0.0;n.a.;100.0;n.a.;bag;0;0;0;0;0;0;0;0;0;0;0;0;0;0;0;0;0;0;5;0;0;1;1;0;0.0;0.0;0.0;0.0;0.0;0.0;0.0;0.0;0.0;0.0;0.0;0.0;0.0;0.0;0.0;0.0;0.0;0.0;1682.0;0.0;0.0;218.0;194.0;0.0
BU06420705;Kijfhoek;GM0642;Zwijndrecht;NEE;36;7808.0;34;5.6;3.0;0.0;0.0;22.2;24.0;72.2;74.0;cbs_ipf;0;0;0;2;0;0;0;0;0;0;0;0;6;0;0;2;0;0;6;2;3;12;3;0;0.0;0.0;0.0;323.0;0.0;0.0;0.0;0.0;0.0;0.0;0.0;0.0;541.0;0.0;0.0;267.0;0.0;0.0;2173.0;173.0;654.0;2928.0;749.0;0.0
BU06420707;Groenesteeg - Langeweg;GM0642;Zwijndrecht;NEE;17;3908.0;17;0.0;40.0;0.0;n.a.;11.8;n.a.;88.2;n.a.;bag;0;0;0;0;0;0;0;0;0;0;0;0;2;0;0;0;0;0;9;0;4;0;2;0;0.0;0.0;0.0;0.0;0.0;0.0;0.0;0.0;0.0;0.0;0.0;0.0;271.0;0.0;0.0;0.0;0.0;0.0;1952.0;0.0;1089.0;0.0;596.0;0.0
BU06420708;Bakestein;GM0642;Zwijndrecht;NEE;8;785.0;9;0.0;40.0;37.5;n.a.;50.0;n.a.;12.5;n.a.;bag;0;0;0;0;0;0;3;0;0;0;0;0;4;0;0;0;0;0;1;0;0;0;0;0;0.0;0.0;0.0;0.0;0.0;0.0;262.0;0.0;0.0;0.0;0.0;0.0;423.0;0.0;0.0;0.0;0.0;0.0;100.0;0.0;0.0;0.0;0.0;0.0
BU06420801;Molenweg-West;GM0642;Zwijndrecht;NEE;143;15912.0;141;14.0;19.0;35.0;35.0;33.6;30.0;17.5;15.0;cbs_ipf;0;20;0;0;0;0;13;37;0;0;0;0;18;26;4;0;0;0;8;5;6;1;3;2;0.0;820.0;0.0;0.0;0.0;0.0;944.0;3320.0;0.0;0.0;0.0;0.0;1646.0;2625.0;580.0;0.0;0.0;0.0;1813.0;1103.0;1473.0;178.0;845.0;565.0
BU06420802;Dorp-Noordoost;GM0642;Zwijndrecht;NEE;617;62570.0;599;15.4;17.0;49.1;49.0;33.1;32.0;2.4;2.0;cbs_ipf;0;31;30;34;0;0;0;142;140;9;0;12;10;105;79;4;0;6;3;8;1;1;1;1;0.0;2242.0;2348.0;1972.0;0.0;0.0;0.0;13471.0;16132.0;1161.0;0.0;1263.0;714.0;10314.0;9371.0;512.0;0.0;807.0;560.0;1209.0;130.0;133.0;141.0;90.0
BU06420803;Dorp-Zuidoost;GM0642;Zwijndrecht;NEE;441;52109.0;441;17.9;20.0;37.0;40.0;30.8;29.0;14.3;10.0;cbs_ipf;0;0;0;15;64;0;2;86;52;4;19;0;11;72;41;4;8;0;7;21;26;3;5;1;0.0;0.0;0.0;1376.0;4020.0;0.0;209.0;7921.0;5593.0;811.0;3172.0;0.0;1628.0;7251.0;5893.0;785.0;1403.0;0.0;2282.0;2861.0;5112.0;508.0;1141.0;143.0
BU06420804;Dorp-Zuid;GM0642;Zwijndrecht;NEE;335;41400.0;335;24.2;27.0;32.8;33.0;28.7;26.0;14.3;14.0;cbs_ipf;0;0;0;81;0;0;4;1;0;102;3;0;6;0;0;84;6;0;8;1;4;27;8;0;0.0;0.0;0.0;4864.0;0.0;0.0;471.0;120.0;0.0;12463.0;409.0;0.0;1076.0;0.0;0.0;11926.0;868.0;0.0;1532.0;110.0;806.0;5193.0;1562.0;0.0
BU06420805;Bedrijventerrein Gors-Noord;GM0642;Zwijndrecht;NEE;51;8268.0;50;0.0;0.0;56.9;58.0;23.5;28.0;19.6;14.0;cbs_ipf;0;0;0;0;0;0;0;0;6;0;23;0;0;0;4;0;8;0;0;1;5;1;2;1;0.0;0.0;0.0;0.0;0.0;0.0;0.0;0.0;875.0;0.0;3444.0;0.0;0.0;0.0;747.0;0.0;1295.0;0.0;0.0;160.0;1083.0;163.0;415.0;86.0
BU06420901;Emplacement Kijfhoek en Langeweg;GM0642;Zwijndrecht;NEE;12;2379.0;12;0.0;40.0;0.0;n.a.;16.7;n.a.;83.3;n.a.;bag;0;0;0;0;0;0;0;0;0;0;0;0;0;2;0;0;0;0;1;1;2;2;4;0;0.0;0.0;0.0;0.0;0.0;0.0;0.0;0.0;0.0;0.0;0.0;0.0;0.0;438.0;0.0;0.0;0.0;0.0;201.0;180.0;302.0;435.0;823.0;0.0
BU06420902;Sportcomplex 'De Molenwei';GM0642;Zwijndrecht;NEE;14;2148.0;8;42.9;40.0;0.0;n.a.;0.0;n.a.;57.1;n.a.;bag;0;0;0;0;0;6;0;0;0;0;0;0;0;0;0;0;0;0;2;3;1;0;1;1;0.0;0.0;0.0;0.0;0.0;535.0;0.0;0.0;0.0;0.0;0.0;0.0;0.0;0.0;0.0;0.0;0.0;0.0;268.0;519.0;123.0;0.0;470.0;233.0
BU06420903;Polder Heerjansdam;GM0642;Zwijndrecht;NEE;44;8739.0;42;0.0;0.0;2.3;2.0;18.2;19.0;79.5;79.0;cbs_ipf;0;0;0;0;0;0;0;0;0;0;1;0;5;0;2;0;1;0;11;3;11;1;6;3;0.0;0.0;0.0;0.0;0.0;0.0;0.0;0.0;0.0;0.0;142.0;0.0;825.0;0.0;412.0;0.0;134.0;0.0;2072.0;655.0;2262.0;283.0;1287.0;667.0
BU06420904;Kleine Lindt Polder;GM0642;Zwijndrecht;NEE;55;10398.0;54;0.0;6.0;0.0;0.0;14.5;15.0;85.5;80.0;cbs_ipf;0;0;0;0;0;0;0;0;0;0;0;0;5;2;0;0;1;0;21;4;11;7;3;1;0.0;0.0;0.0;0.0;0.0;0.0;0.0;0.0;0.0;0.0;0.0;0.0;491.0;327.0;0.0;0.0;114.0;0.0;3961.0;557.0;2241.0;1793.0;821.0;93.0
BU06420905;Hooge Nespolder;GM0642;Zwijndrecht;NEE;33;6093.0;32;0.0;0.0;0.0;0.0;30.3;34.0;69.7;66.0;cbs_ipf;0;0;0;0;0;0;0;0;0;0;0;0;8;2;0;0;0;0;16;1;2;2;1;1;0.0;0.0;0.0;0.0;0.0;0.0;0.0;0.0;0.0;0.0;0.0;0.0;787.0;191.0;0.0;0.0;0.0;0.0;3941.0;216.0;264.0;269.0;335.0;90.0
BU06420906;Het Buitenland en omgeving;GM0642;Zwijndrecht;NEE;10;3951.0;8;0.0;40.0;0.0;n.a.;20.0;n.a.;80.0;n.a.;bag;0;0;0;0;0;0;0;0;0;0;0;0;0;0;0;2;0;0;1;0;1;4;1;1;0.0;0.0;0.0;0.0;0.0;0.0;0.0;0.0;0.0;0.0;0.0;0.0;0.0;0.0;0.0;522.0;0.0;0.0;196.0;0.0;131.0;2177.0;237.0;688.0
